frame	fix	wall_ms	elapsed_s	grab_s	cum_m	route_kmh	sign_red	sign_box	sign_ink	avg_blue	avg_box	avg_fill	avg_errfill	avg_errink	chip_fill	chip_err	dial_ink	dial_red
0	6	1786600822341	0.000	0.820	82	52.0	0.000000		0.000000	0.000000		0.000000	0.000000	0.000000	0.000000	0.000000	0.000000	0.000000
1	7	1786600823166	0.825	0.844	97	51.6	0.000000		0.000000	0.000000		0.000000	0.000000	0.000000	0.000000	0.000000	0.000000	0.000000
2	8	1786600824016	1.675	0.831	111	58.8	0.000000		0.000000	0.000000		0.000000	0.000000	0.000000	0.000000	0.000000	0.000000	0.000000
3	9	1786600824852	2.511	0.861	127	58.8	0.000000		0.000000	0.000000		0.000003	0.000000	0.000000	0.000000	0.000000	0.000000	0.000000
4	10	1786600825717	3.377	0.879	144	57.9	0.000000		0.000000	0.000000		0.000000	0.000000	0.000000	0.000000	0.000000	0.000000	0.000000
5	11	1786600826602	4.261	0.883	160	57.9	0.000000		0.000000	0.000000		0.000000	0.000000	0.000000	0.000000	0.000000	0.000000	0.000000
6	11	1786600827491	5.150	0.850	160	57.9	0.000000		0.000000	0.000000		0.000000	0.000000	0.000000	0.000000	0.000000	0.000000	0.000000
7	12	1786600828345	6.004	0.833	176	52.7	0.000000		0.000000	0.000000		0.000013	0.000000	0.000000	0.000000	0.000000	0.000000	0.000000
8	13	1786600829184	6.843	0.801	191	52.7	0.000000		0.000000	0.000000		0.000065	0.000000	0.000000	0.000000	0.000000	0.000000	0.000000
9	14	1786600829990	7.649	0.802	205	49.7	0.000000		0.000000	0.000000		0.000075	0.000000	0.000000	0.000000	0.000000	0.000000	0.000000
10	15	1786600830797	8.456	0.811	219	49.3	0.000000		0.000000	0.000000		0.000072	0.000000	0.000000	0.000000	0.000000	0.000000	0.000000
11	15	1786600831616	9.275	0.893	219	49.3	0.000000		0.000000	0.000000		0.000085	0.000000	0.000000	0.000000	0.000000	0.000000	0.000000
12	16	1786600832513	10.172	0.863	233	49.7	0.000000		0.000000	0.000000		0.000241	0.000000	0.000000	0.000000	0.000000	0.000000	0.000000
13	17	1786600833381	11.040	0.880	247	49.7	0.000000		0.000000	0.000000		0.000371	0.000000	0.000000	0.000000	0.000000	0.000000	0.000000
14	18	1786600834266	11.925	0.815	260	46.4	0.000000		0.000000	0.000000		0.000313	0.000000	0.000000	0.000057	0.000000	0.000000	0.000000
15	19	1786600835085	12.744	0.811	273	46.7	0.000000		0.000000	0.000000		0.000303	0.000000	0.000000	0.000133	0.000000	0.000000	0.000000
16	20	1786600835902	13.561	0.874	286	39.4	0.000000		0.000000	0.000000		0.000313	0.000000	0.000000	0.000171	0.000000	0.000000	0.000000
17	21	1786600836782	14.441	0.870	297	38.9	0.000000		0.000000	0.000000		0.001217	0.000000	0.000000	0.001314	0.000000	0.041096	0.000000
18	21	1786600837658	15.317	0.877	297	38.9	0.000000		0.000000	0.000000		0.000843	0.000000	0.000000	0.000514	0.000000	0.039179	0.000000
19	22	1786600838540	16.199	0.782	308	39.3	0.013932	126x126+379+229	0.029201	0.000000		0.000732	0.000052	0.000000	0.000933	0.000000	0.039179	0.000000
20	23	1786600839327	16.986	0.830	319	37.9	0.013932	126x126+379+229	0.029201	0.000000		0.000544	0.000052	0.000000	0.000686	0.000000	0.039179	0.000000
21	24	1786600840163	17.822	0.827	329	37.4	0.013932	126x126+379+229	0.029201	0.000000		0.000553	0.000052	0.000000	0.001124	0.000000	0.042570	0.000000
22	25	1786600840996	18.655	0.825	340	37.8	0.013932	126x126+379+229	0.029201	0.000000		0.000521	0.000052	0.000000	0.000590	0.000000	0.033207	0.000000
23	25	1786600841826	19.485	0.815	340	37.8	0.013932	126x126+379+229	0.029201	0.000000		0.000326	0.000052	0.000000	0.000000	0.000000	0.042570	0.000000
24	26	1786600842647	20.307	0.855	350	41.2	0.013932	126x126+379+229	0.029201	0.000000		0.000140	0.000052	0.000000	0.000000	0.000000	0.041096	0.000000
25	27	1786600843508	21.167	0.874	362	41.4	0.013932	126x126+379+229	0.029201	0.000000		0.000000	0.000052	0.000000	0.000000	0.000000	0.031496	0.000000
26	28	1786600844387	22.047	0.870	373	41.2	0.013932	126x126+379+229	0.029201	0.000000		0.000000	0.000052	0.000000	0.000000	0.000000	0.031496	0.000000
27	29	1786600845264	22.923	0.842	385	45.2	0.013932	126x126+379+229	0.029201	0.000000		0.000000	0.000052	0.000000	0.000000	0.000000	0.038720	0.000000
28	30	1786600846111	23.770	0.843	397	45.7	0.013932	126x126+379+229	0.029201	0.000000		0.000000	0.000052	0.000000	0.000000	0.000000	0.038815	0.000000
29	31	1786600846959	24.618	0.855	410	45.2	0.013932	126x126+379+229	0.029201	0.000000		0.000000	0.000052	0.000000	0.000000	0.000000	0.039908	0.000000
30	31	1786600847819	25.478	0.859	410	45.2	0.013932	126x126+379+229	0.029201	0.000000		0.000000	0.000052	0.000000	0.000000	0.000000	0.038815	0.000000
31	32	1786600848683	26.342	0.843	422	47.9	0.013932	126x126+379+229	0.029201	0.000000		0.000000	0.000052	0.000000	0.000000	0.000000	0.033555	0.000000
32	33	1786600849531	27.190	0.848	436	47.4	0.013932	126x126+379+229	0.029201	0.000000		0.000000	0.000052	0.000000	0.000000	0.000000	0.042918	0.000000
33	34	1786600850384	28.044	0.853	449	50.3	0.013932	126x126+379+229	0.029201	0.000000		0.000000	0.000052	0.000000	0.000000	0.000000	0.042918	0.000000
34	35	1786600851243	28.902	0.853	463	49.9	0.013932	126x126+379+229	0.029201	0.000000		0.000000	0.000052	0.000000	0.000000	0.000000	0.040906	0.000000
35	36	1786600852101	29.760	0.888	477	53.9	0.013932	126x126+379+229	0.029201	0.000000		0.000000	0.000052	0.000000	0.000000	0.000000	0.040906	0.000000
36	36	1786600852993	30.652	0.858	477	53.9	0.013932	126x126+379+229	0.029201	0.000000		0.000000	0.000052	0.000000	0.000000	0.000000	0.038466	0.000000
37	37	1786600853857	31.516	0.880	492	53.5	0.013932	126x126+379+229	0.029201	0.000000		0.000000	0.000052	0.000000	0.000000	0.000000	0.038831	0.000000
38	38	1786600854741	32.400	0.840	507	56.1	0.013932	126x126+379+229	0.029201	0.000000		0.000000	0.000052	0.000000	0.000000	0.000000	0.038625	0.000000
39	39	1786600855587	33.246	0.804	522	55.9	0.013932	126x126+379+229	0.029201	0.000000		0.000000	0.000052	0.000000	0.000000	0.000000	0.039718	0.000000
40	40	1786600856396	34.055	0.832	538	61.4	0.013932	126x126+379+229	0.029201	0.000000		0.000000	0.000052	0.000000	0.000000	0.000000	0.039718	0.000000
41	41	1786600857233	34.892	0.832	555	61.0	0.013932	126x126+379+229	0.029201	0.000000		0.000000	0.000052	0.000000	0.000000	0.000000	0.032399	0.000000
42	41	1786600858070	35.729	0.856	555	61.0	0.013932	126x126+379+229	0.029201	0.000000		0.000000	0.000052	0.000000	0.000000	0.000000	0.032399	0.000000
43	42	1786600858931	36.591	0.828	572	66.5	0.013932	126x126+379+229	0.029201	0.000000		0.000000	0.000052	0.000000	0.000000	0.000000	0.039718	0.000000
44	43	1786600859764	37.423	0.830	590	66.6	0.000000		0.041632	0.000000		0.000000	0.000052	0.000000	0.000000	0.000000	0.034458	0.000000
45	44	1786600860600	38.259	0.821	609	70.8	0.013932	126x126+379+229	0.044340	0.000000		0.000000	0.000052	0.000000	0.000000	0.000000	0.034458	0.000000
46	45	1786600861426	39.085	0.837	628	70.7	0.013932	126x126+379+229	0.044340	0.000000		0.000000	0.000052	0.000000	0.000000	0.000000	0.026046	0.000000
47	46	1786600862268	39.927	0.830	648	80.4	0.013932	126x126+379+229	0.044340	0.000000		0.000000	0.000052	0.000000	0.000000	0.000000	0.026046	0.000000
48	46	1786600863103	40.762	0.838	648	80.4	0.013932	126x126+379+229	0.044340	0.000000		0.000000	0.000052	0.000000	0.000000	0.000000	0.034078	0.000000
49	47	1786600863946	41.605	0.838	670	80.0	0.013932	126x126+379+229	0.044340	0.000000		0.000000	0.000052	0.000000	0.000000	0.000000	0.045010	0.000000
50	48	1786600864789	42.448	0.837	693	79.9	0.013932	126x126+379+229	0.044340	0.000000		0.000000	0.000052	0.000000	0.000000	0.000000	0.045010	0.000000
51	49	1786600865631	43.290	0.843	715	80.0	0.013932	126x126+379+229	0.044340	0.000000		0.000000	0.000052	0.000000	0.000000	0.000000	0.045010	0.000000
52	50	1786600866479	44.138	0.841	737	78.3	0.013932	126x126+379+229	0.044340	0.000000		0.000000	0.000052	0.000000	0.000000	0.000000	0.045010	0.000000
53	51	1786600867326	44.985	0.883	759	77.9	0.013932	126x126+379+229	0.044340	0.000000		0.000036	0.000052	0.000000	0.000000	0.000000	0.034078	0.000000
54	51	1786600868214	45.873	0.877	759	77.9	0.013932	126x126+379+229	0.044340	0.000000		0.000000	0.000052	0.000000	0.000000	0.000000	0.037468	0.000000
55	52	1786600869096	46.755	0.827	780	75.5	0.013932	126x126+379+229	0.044340	0.000000		0.000000	0.000052	0.000000	0.000000	0.000000	0.034458	0.000000
56	53	1786600869928	47.587	0.846	801	75.0	0.013932	126x126+379+229	0.044340	0.000000		0.000000	0.000052	0.000000	0.000000	0.000000	0.033365	0.000000
57	54	1786600870779	48.438	0.816	822	76.2	0.013932	126x126+379+229	0.044340	0.000000		0.000000	0.000052	0.000000	0.000000	0.000000	0.033365	0.000000
58	55	1786600871600	49.259	0.811	843	75.9	0.013932	126x126+379+229	0.044340	0.000000		0.000000	0.000052	0.000000	0.000000	0.000000	0.034458	0.000000
59	56	1786600872415	50.074	0.827	864	77.6	0.013932	126x126+379+229	0.044340	0.000000		0.000000	0.000052	0.000000	0.000000	0.000000	0.034458	0.000000
60	56	1786600873247	50.906	0.830	864	77.6	0.013932	126x126+379+229	0.044340	0.000000		0.000000	0.000052	0.000000	0.000000	0.000000	0.028105	0.000000
61	57	1786600874082	51.741	0.806	886	77.6	0.013932	126x126+379+229	0.044340	0.000000		0.000000	0.000052	0.000000	0.000000	0.000000	0.037468	0.000000
62	58	1786600874893	52.552	0.821	908	78.5	0.013932	126x126+379+229	0.044340	0.000000		0.000000	0.000052	0.000000	0.000000	0.000000	0.037468	0.000000
63	59	1786600875720	53.379	0.803	929	78.4	0.013932	126x126+379+229	0.044340	0.000000		0.000000	0.000052	0.000000	0.000000	0.000000	0.034078	0.000000
64	60	1786600876527	54.186	0.806	951	85.0	0.013932	126x126+379+229	0.044340	0.000000		0.000000	0.000052	0.000000	0.000000	0.000000	0.037468	0.000000
65	60	1786600877338	54.997	0.872	951	85.0	0.013932	126x126+379+229	0.044340	0.000000		0.000000	0.000052	0.000000	0.000000	0.000000	0.042918	0.000000
66	61	1786600878215	55.874	0.858	975	84.9	0.013932	126x126+379+229	0.044340	0.000000		0.000000	0.000052	0.000000	0.000000	0.000000	0.042728	0.000000
67	62	1786600879079	56.738	0.826	998	90.3	0.013932	126x126+379+229	0.044340	0.000000		0.000000	0.000052	0.000000	0.000000	0.000000	0.046831	0.000000
68	63	1786600879909	57.568	0.839	1023	92.3	0.013932	126x126+379+229	0.044340	0.000000		0.000000	0.000052	0.000000	0.000000	0.000000	0.041619	0.000000
69	64	1786600880753	58.412	0.843	1049	95.6	0.013932	126x126+379+229	0.044340	0.000000		0.000000	0.000052	0.000000	0.000000	0.000000	0.039243	0.000000
70	65	1786600881602	59.261	0.851	1076	94.7	0.013932	126x126+379+229	0.044340	0.000000		0.000000	0.000052	0.000000	0.000000	0.000000	0.039338	0.000000
71	65	1786600882459	60.118	0.819	1076	94.7	0.013932	126x126+379+229	0.044340	0.000000		0.000000	0.000052	0.000000	0.000000	0.000000	0.039338	0.000000
72	66	1786600883283	60.942	0.799	1102	93.9	0.013932	126x126+379+229	0.044340	0.000000		0.000000	0.000052	0.000000	0.000000	0.000000	0.039528	0.000000
73	67	1786600884088	61.747	0.787	1128	95.5	0.013932	126x126+379+229	0.044340	0.000000		0.000000	0.000052	0.000000	0.000000	0.000000	0.039528	0.000000
74	68	1786600884880	62.539	0.876	1154	96.1	0.013932	126x126+379+229	0.044340	0.000000		0.000000	0.000052	0.000000	0.000000	0.000000	0.040431	0.000000
75	69	1786600885761	63.420	0.842	1181	90.5	0.013932	126x126+379+229	0.044340	0.000000		0.000000	0.000052	0.000000	0.000000	0.000000	0.040431	0.000000
76	69	1786600886609	64.268	0.873	1181	90.5	0.013932	126x126+379+229	0.044340	0.000000		0.000000	0.000052	0.000000	0.000000	0.000000	0.032018	0.000000
77	70	1786600887488	65.147	0.849	1206	92.3	0.013932	126x126+379+229	0.044340	0.000000		0.000000	0.000052	0.000000	0.000000	0.000000	0.039243	0.000000
78	71	1786600888341	66.001	0.818	1232	91.7	0.013932	126x126+379+229	0.044340	0.000000		0.000000	0.000052	0.000000	0.000000	0.000000	0.039243	0.000000
79	72	1786600889165	66.824	0.799	1257	92.1	0.013932	126x126+379+229	0.044340	0.000000		0.000000	0.000052	0.000000	0.000000	0.000000	0.039243	0.000000
80	73	1786600889969	67.628	0.836	1283	78.1	0.013932	126x126+379+229	0.044340	0.000000		0.000000	0.000052	0.000000	0.000000	0.000000	0.039243	0.000000
81	74	1786600890810	68.470	0.835	1305	78.5	0.013932	126x126+379+229	0.044340	0.000000		0.000000	0.000052	0.000000	0.000000	0.000000	0.045010	0.000000
82	74	1786600891650	69.309	0.862	1305	78.5	0.013932	126x126+379+229	0.044340	0.000000		0.000000	0.000052	0.000000	0.000000	0.000000	0.034078	0.000000
83	75	1786600892517	70.176	0.868	1326	70.9	0.013932	126x126+379+229	0.044340	0.000000		0.000000	0.000052	0.000000	0.000000	0.000000	0.033207	0.000000
84	76	1786600893389	71.048	0.870	1346	70.9	0.013932	126x126+379+229	0.044340	0.000000		0.000000	0.000052	0.000000	0.000000	0.000000	0.026046	0.000000
85	77	1786600894265	71.924	0.931	1366	61.1	0.013932	126x126+379+229	0.044340	0.000000		0.000000	0.000052	0.000000	0.000000	0.000000	0.035646	0.000000
86	78	1786600895200	72.859	0.907	1383	61.1	0.013932	126x126+379+229	0.044340	0.000000		0.000052	0.000052	0.000000	0.000000	0.000000	0.032399	0.000000
87	79	1786600896112	73.771	0.758	1400	55.6	0.013932	126x126+379+229	0.044340	0.000000		0.000033	0.000052	0.000000	0.000000	0.000000	0.032399	0.000000
88	80	1786600896876	74.535	0.815	1415	56.1	0.013932	126x126+379+229	0.044340	0.000000		0.000091	0.000052	0.000000	0.000000	0.000000	0.039718	0.000000
89	80	1786600897697	75.356	0.810	1415	56.1	0.013932	126x126+379+229	0.044340	0.000000		0.000065	0.000052	0.000000	0.000000	0.000000	0.039718	0.000000
90	81	1786600898511	76.170	0.713	1431	59.2	0.013932	126x126+379+229	0.044340	0.000000		0.000260	0.000052	0.000000	0.000000	0.000000	0.042728	0.000000
91	82	1786600899229	76.889	0.795	1447	59.2	0.013932	126x126+379+229	0.044340	0.000000		0.000182	0.000052	0.000000	0.000000	0.000000	0.039338	0.000000
92	83	1786600900030	77.689	0.843	1464	64.2	0.013932	126x126+379+229	0.044340	0.000000		0.000143	0.000052	0.000000	0.000000	0.000000	0.039338	0.000000
93	83	1786600900879	78.538	0.845	1464	64.2	0.013932	126x126+379+229	0.044340	0.000000		0.000296	0.000052	0.000000	0.000000	0.000000	0.039908	0.000000
94	84	1786600901729	79.388	0.842	1481	64.5	0.013932	126x126+379+229	0.044340	0.000000		0.000277	0.000052	0.000000	0.000019	0.000000	0.039718	0.000000
95	85	1786600902576	80.235	0.824	1499	65.1	0.013932	126x126+379+229	0.044340	0.000000		0.000160	0.000052	0.000000	0.000019	0.000000	0.039718	0.000000
96	86	1786600903406	81.065	0.866	1518	65.4	0.013932	126x126+379+229	0.044340	0.000000		0.000319	0.000052	0.000000	0.000933	0.000000	0.039718	0.000000
97	87	1786600904277	81.936	0.821	1536	67.6	0.013932	126x126+379+229	0.044340	0.000000		0.000345	0.000052	0.000000	0.000038	0.000000	0.039718	0.000000
98	88	1786600905103	82.762	0.938	1554	67.6	0.013932	126x126+379+229	0.044340	0.000000		0.000218	0.000052	0.000000	0.000000	0.000000	0.043821	0.000000
99	89	1786600906046	83.705	0.807	1573	71.0	0.013932	126x126+379+229	0.044340	0.000000		0.000150	0.000052	0.000000	0.000000	0.000000	0.043821	0.000000
100	89	1786600906857	84.516	0.723	1573	71.0	0.013932	126x126+379+229	0.044340	0.000000		0.000007	0.000052	0.000000	0.000000	0.000000	0.035646	0.000000
101	90	1786600907586	85.245	0.820	1593	71.0	0.013932	126x126+379+229	0.044340	0.000000		0.000000	0.000052	0.000000	0.000000	0.000000	0.026046	0.000000
102	91	1786600908411	86.070	0.848	1613	73.2	0.013932	126x126+379+229	0.044340	0.000000		0.000000	0.000052	0.000000	0.000000	0.000000	0.026046	0.000000
103	92	1786600909264	86.923	0.870	1633	73.2	0.013932	126x126+379+229	0.044340	0.000000		0.000000	0.000052	0.000000	0.000000	0.000000	0.033207	0.000000
104	93	1786600910140	87.799	0.849	1653	72.3	0.013932	126x126+379+229	0.044340	0.000000		0.000000	0.000052	0.000000	0.000000	0.000000	0.033207	0.000000
105	93	1786600910994	88.654	0.842	1653	72.3	0.013932	126x126+379+229	0.044340	0.000000		0.000000	0.000052	0.000000	0.000000	0.000000	0.033270	0.000000
106	94	1786600911842	89.501	0.853	1673	72.3	0.013932	126x126+379+229	0.044340	0.000000		0.000000	0.000052	0.000000	0.000000	0.000000	0.033270	0.000000
107	95	1786600912700	90.359	0.829	1694	75.8	0.013932	126x126+379+229	0.044340	0.000000		0.000000	0.000052	0.000000	0.000000	0.000000	0.033555	0.000000
108	96	1786600913536	91.195	0.815	1715	76.2	0.013932	126x126+379+229	0.044340	0.000000		0.000000	0.000052	0.000000	0.000000	0.000000	0.034458	0.000000
109	97	1786600914356	92.015	0.833	1736	74.6	0.013932	126x126+379+229	0.044340	0.000000		0.000000	0.000052	0.000000	0.000000	0.000000	0.034458	0.000000
110	98	1786600915194	92.853	0.858	1756	74.6	0.013932	126x126+379+229	0.044340	0.000000		0.000091	0.000052	0.000000	0.000000	0.000000	0.033365	0.000000
111	98	1786600916057	93.716	0.856	1756	74.6	0.013932	126x126+379+229	0.044340	0.000000		0.000195	0.000052	0.000000	0.000000	0.000000	0.033365	0.000000
112	99	1786600916919	94.578	0.905	1777	77.0	0.013932	126x126+379+229	0.044340	0.000000		0.000257	0.000052	0.000000	0.000000	0.000000	0.034458	0.000000
113	100	1786600917829	95.488	0.809	1799	76.5	0.013932	126x126+379+229	0.044340	0.000000		0.000189	0.000052	0.000000	0.000000	0.000000	0.028105	0.000000
114	101	1786600918643	96.302	0.818	1820	76.5	0.013932	126x126+379+229	0.044340	0.000000		0.000072	0.000052	0.000000	0.000000	0.000000	0.028105	0.000000
115	102	1786600919467	97.126	0.896	1841	76.7	0.013932	126x126+379+229	0.044340	0.000000		0.000101	0.000052	0.000000	0.000000	0.000000	0.028105	0.000000
116	103	1786600920367	98.026	0.846	1862	78.2	0.013932	126x126+379+229	0.044340	0.000000		0.000075	0.000052	0.000000	0.000000	0.000000	0.028105	0.000000
117	103	1786600921218	98.877	0.832	1862	78.2	0.013932	126x126+379+229	0.044340	0.000000		0.000000	0.000052	0.000000	0.000000	0.000000	0.037468	0.000000
118	104	1786600922055	99.714	0.834	1884	78.3	0.013932	126x126+379+229	0.044340	0.000000		0.000000	0.000052	0.000000	0.000000	0.000000	0.034078	0.000000
119	105	1786600922895	100.554	0.815	1906	76.3	0.013932	126x126+379+229	0.044340	0.000000		0.000000	0.000052	0.000000	0.000000	0.000000	0.028105	0.000000
120	106	1786600923714	101.373	0.885	1927	76.3	0.013932	126x126+379+229	0.044340	0.000000		0.000000	0.000052	0.000000	0.000000	0.000000	0.028105	0.000000
121	107	1786600924604	102.263	0.854	1948	78.5	0.013932	126x126+379+229	0.044340	0.000000		0.000000	0.000052	0.000000	0.000000	0.000000	0.028105	0.000000
122	108	1786600925463	103.122	0.897	1970	78.8	0.013932	126x126+379+229	0.044340	0.000000		0.000000	0.000052	0.000000	0.000000	0.000000	0.034078	0.000000
123	108	1786600926364	104.024	0.882	1970	78.8	0.013932	126x126+379+229	0.044340	0.000000		0.000000	0.000052	0.000000	0.000000	0.000000	0.034078	0.000000
124	109	1786600927251	104.910	0.888	1992	80.9	0.013932	126x126+379+229	0.044340	0.000000		0.000000	0.000052	0.000000	0.000000	0.000000	0.035409	0.000000
125	110	1786600928144	105.803	0.841	2014	80.9	0.013932	126x126+379+229	0.044340	0.000000		0.000000	0.000052	0.000000	0.000000	0.000000	0.035409	0.000000
126	111	1786600928991	106.650	0.830	2037	86.8	0.013932	126x126+379+229	0.044340	0.000000		0.000000	0.000052	0.000000	0.000000	0.000000	0.042918	0.000000
127	112	1786600929826	107.485	0.875	2061	87.2	0.013932	126x126+379+229	0.044340	0.000000		0.000000	0.000052	0.000000	0.000000	0.000000	0.037468	0.000000
128	113	1786600930708	108.367	0.913	2085	90.1	0.013932	126x126+379+229	0.044340	0.000000		0.000000	0.000052	0.000000	0.000000	0.000000	0.037468	0.000000
129	114	1786600931627	109.286	0.822	2110	89.9	0.013932	126x126+379+229	0.044340	0.000000		0.000000	0.000052	0.000000	0.000000	0.000000	0.041619	0.000000
130	114	1786600932454	110.113	0.856	2110	89.9	0.013932	126x126+379+229	0.044340	0.000000		0.000000	0.000052	0.000000	0.000000	0.000000	0.041619	0.000000
131	115	1786600933315	110.974	0.849	2135	95.4	0.013932	126x126+379+229	0.044340	0.000000		0.000000	0.000052	0.000000	0.000000	0.000000	0.039528	0.000000
132	116	1786600934170	111.829	0.855	2162	93.0	0.013932	126x126+379+229	0.044340	0.000000		0.000000	0.000052	0.000000	0.000000	0.000000	0.039528	0.000000
133	117	1786600935030	112.689	0.842	2188	91.1	0.013932	126x126+379+229	0.044340	0.000000		0.000000	0.000052	0.000000	0.000000	0.000000	0.039243	0.000000
134	118	1786600935877	113.536	0.896	2213	94.1	0.013932	126x126+379+229	0.044340	0.000000		0.000000	0.000052	0.000000	0.000000	0.000000	0.032018	0.000000
135	119	1786600936778	114.437	0.851	2239	90.2	0.013932	126x126+379+229	0.044340	0.000000		0.000000	0.000052	0.000000	0.000000	0.000000	0.039528	0.000000
136	120	1786600937634	115.293	0.838	2264	96.0	0.013932	126x126+379+229	0.044340	0.000000		0.000000	0.000052	0.000000	0.000000	0.000000	0.032018	0.000000
137	120	1786600938477	116.136	0.863	2264	96.0	0.013932	126x126+379+229	0.044340	0.000000		0.000000	0.000052	0.000000	0.000000	0.000000	0.039338	0.000000
138	121	1786600939346	117.005	0.862	2291	93.6	0.013932	126x126+379+229	0.044340	0.000000		0.000000	0.000052	0.000000	0.000000	0.000000	0.039528	0.000000
139	122	1786600940213	117.872	0.858	2317	92.8	0.013932	126x126+379+229	0.044340	0.000000		0.000186	0.000052	0.000000	0.000000	0.000000	0.039179	0.000000
140	123	1786600941076	118.735	0.836	2343	99.8	0.013932	126x126+379+229	0.044340	0.000000		0.000482	0.000052	0.000000	0.000000	0.000000	0.039179	0.000000
141	124	1786600941918	119.577	0.882	2370	96.3	0.013932	126x126+379+229	0.044340	0.000000		0.000726	0.000052	0.000000	0.000000	0.000000	0.055181	0.000000
142	125	1786600942805	120.464	0.848	2397	93.3	0.013932	126x126+379+229	0.044340	0.000000		0.000687	0.000052	0.000000	0.000000	0.000000	0.034078	0.000000
143	125	1786600943659	121.318	0.858	2397	93.3	0.013932	126x126+379+229	0.044340	0.000000		0.000703	0.000052	0.000000	0.000000	0.000000	0.039528	0.000000
144	126	1786600944523	122.182	0.869	2423	98.3	0.013932	126x126+379+229	0.044340	0.000000		0.000749	0.000052	0.000000	0.000000	0.000000	0.034078	0.000000
145	127	1786600945397	123.056	0.889	2450	93.6	0.013932	126x126+379+229	0.044340	0.000000		0.000651	0.000052	0.000000	0.000000	0.000000	0.040431	0.000000
146	128	1786600946292	123.951	0.867	2476	100.4	0.000000		0.037326	0.000000		0.000605	0.000026	0.000000	0.000000	0.000000	0.040431	0.000000
147	129	1786600947165	124.824	0.887	2504	98.4	0.013932	126x126+379+229	0.042674	0.000000		0.000605	0.000052	0.000000	0.000000	0.000000	0.055181	0.000000
148	130	1786600948057	125.716	0.849	2531	97.5	0.013932	126x126+379+229	0.042674	0.000000		0.000498	0.000052	0.000000	0.000000	0.000000	0.040051	0.000000
149	131	1786600948912	126.571	0.844	2559	101.5	0.013932	126x126+379+229	0.042674	0.000000		0.000358	0.000052	0.000000	0.000000	0.000000	0.043441	0.000000
150	131	1786600949763	127.422	0.863	2559	101.5	0.013932	126x126+379+229	0.042674	0.000000		0.000257	0.000052	0.000000	0.000000	0.000000	0.045580	0.000000
151	132	1786600950632	128.291	0.885	2587	96.4	0.013932	126x126+379+229	0.042674	0.000000		0.000205	0.000052	0.000000	0.000000	0.000000	0.043441	0.000000
152	133	1786600951522	129.181	0.850	2613	99.4	0.013932	126x126+379+229	0.042674	0.000000		0.000202	0.000052	0.000000	0.000000	0.000000	0.043441	0.000000
153	134	1786600952377	130.036	0.877	2641	100.0	0.013932	126x126+379+229	0.042674	0.000000		0.000101	0.000052	0.000000	0.000000	0.000000	0.055181	0.000000
154	135	1786600953259	130.918	0.868	2669	101.1	0.013932	126x126+379+229	0.042674	0.000000		0.000055	0.000052	0.000000	0.000000	0.000000	0.055181	0.000000
155	136	1786600954132	131.791	0.875	2697	105.6	0.013932	126x126+379+229	0.042674	0.000000		0.000081	0.000052	0.000000	0.000000	0.000000	0.045580	0.000000
156	137	1786600955012	132.671	0.863	2726	100.0	0.013932	126x126+379+229	0.042674	0.000000		0.000013	0.000052	0.000000	0.000000	0.000000	0.052899	0.000000
157	137	1786600955881	133.540	0.836	2726	100.0	0.013932	126x126+379+229	0.042674	0.000000		0.000000	0.000052	0.000000	0.000000	0.000000	0.045580	0.000000
158	138	1786600956722	134.381	0.884	2754	103.5	0.013932	126x126+379+229	0.042674	0.000000		0.000000	0.000052	0.000000	0.000000	0.000000	0.052741	0.000000
159	139	1786600957611	135.270	0.865	2783	109.8	0.013932	126x126+379+229	0.042674	0.000000		0.000000	0.000052	0.000000	0.000000	0.000000	0.057003	0.000000
160	140	1786600958481	136.141	0.875	2813	102.9	0.013932	126x126+379+229	0.042674	0.000000		0.000000	0.000052	0.000000	0.000000	0.000000	0.047639	0.000000
161	141	1786600959362	137.021	0.850	2842	102.1	0.013932	126x126+379+229	0.042674	0.000000		0.000000	0.000052	0.000000	0.000000	0.000000	0.052741	0.000000
162	142	1786600960216	137.875	0.857	2870	103.8	0.013932	126x126+379+229	0.042674	0.000000		0.000000	0.000052	0.000000	0.000000	0.000000	0.052804	0.000000
163	143	1786600961078	138.737	0.857	2899	103.8	0.013932	126x126+379+229	0.042674	0.000000		0.000000	0.000052	0.000000	0.000000	0.000000	0.053089	0.000000
164	143	1786600961940	139.599	0.875	2899	103.8	0.013932	126x126+379+229	0.042674	0.000000		0.000000	0.000052	0.000000	0.000000	0.000000	0.053089	0.000000
165	144	1786600962820	140.479	0.854	2928	110.2	0.013932	126x126+379+229	0.042674	0.000000		0.000000	0.000052	0.000000	0.000000	0.000000	0.053612	0.000000
166	145	1786600963678	141.337	0.878	2958	108.9	0.013932	126x126+379+229	0.042674	0.000000		0.000000	0.000052	0.000000	0.000000	0.000000	0.045580	0.000000
167	146	1786600964562	142.221	0.871	2989	111.9	0.013932	126x126+379+229	0.042674	0.000000		0.000000	0.000052	0.000000	0.000000	0.000000	0.035979	0.000000
168	147	1786600965437	143.097	0.878	3020	117.0	0.013932	126x126+379+229	0.042674	0.000000		0.000000	0.000052	0.000000	0.000000	0.000000	0.043140	0.000000
169	148	1786600966320	143.979	0.908	3052	113.7	0.013932	126x126+379+229	0.042674	0.000000		0.000000	0.000052	0.000000	0.000000	0.000000	0.038039	0.000000
170	149	1786600967233	144.892	0.862	3084	120.3	0.013932	126x126+379+229	0.042674	0.000000		0.000000	0.000052	0.000000	0.000000	0.000000	0.043489	0.000000
171	149	1786600968100	145.759	0.868	3084	120.3	0.013932	126x126+379+229	0.042674	0.000000		0.000000	0.000052	0.000000	0.000000	0.000000	0.052804	0.000000
172	150	1786600968973	146.632	0.857	3117	113.9	0.013932	126x126+379+229	0.042674	0.000000		0.000000	0.000052	0.000000	0.000000	0.000000	0.043298	0.000000
173	151	1786600969834	147.493	0.884	3149	118.7	0.013932	126x126+379+229	0.042674	0.000000		0.000000	0.000052	0.000000	0.000000	0.000000	0.047402	0.000000
174	152	1786600970723	148.382	0.833	3182	126.1	0.013932	126x126+379+229	0.042674	0.000000		0.000000	0.000052	0.000000	0.000000	0.000000	0.050364	0.000000
175	153	1786600971561	149.221	0.862	3217	116.3	0.013932	126x126+379+229	0.042674	0.000000		0.000000	0.000052	0.000000	0.000000	0.000000	0.050713	0.000000
176	154	1786600972428	150.087	0.922	3249	123.6	0.013932	126x126+379+229	0.042674	0.000000		0.000000	0.000052	0.000000	0.000000	0.000000	0.038039	0.000000
177	155	1786600973356	151.015	0.874	3284	121.3	0.013932	126x126+379+229	0.042674	0.000000		0.000000	0.000052	0.000000	0.000000	0.000000	0.050713	0.000000
178	155	1786600974235	151.894	0.862	3284	121.3	0.013932	126x126+379+229	0.042674	0.000000		0.000000	0.000052	0.000000	0.000000	0.000000	0.050428	0.000000
179	156	1786600975101	152.760	0.880	3317	122.3	0.013932	126x126+379+229	0.042674	0.000000		0.000000	0.000052	0.000000	0.000000	0.000000	0.050428	0.000000
180	157	1786600975986	153.645	0.898	3351	123.5	0.013932	126x126+379+229	0.042674	0.000000		0.000000	0.000052	0.000000	0.000000	0.000000	0.050713	0.000000
181	158	1786600976889	154.548	0.913	3386	123.3	0.013932	126x126+379+229	0.042674	0.000000		0.000000	0.000052	0.000000	0.000000	0.000000	0.050713	0.000000
182	159	1786600977807	155.466	0.891	3420	125.8	0.013932	126x126+379+229	0.042674	0.000000		0.000000	0.000052	0.000000	0.000000	0.000000	0.050523	0.000000
183	160	1786600978703	156.362	0.900	3455	130.1	0.013932	126x126+379+229	0.042674	0.000000		0.000000	0.092946	0.010189	0.000000	0.000000	0.000000	0.452107
184	161	1786600979608	157.267	0.881	3491	124.8	0.013932	126x126+379+229	0.042674	0.000000		0.000000	0.091035	0.011758	0.000000	0.000000	0.000000	0.442807
185	162	1786600980493	158.152	0.923	3526	127.9	0.013932	126x126+379+229	0.042674	0.000000		0.000000	0.091615	0.011247	0.000000	0.000000	0.000000	0.445627
186	163	1786600981421	159.080	0.894	3561	129.7	0.013932	126x126+379+229	0.042674	0.000000		0.000000	0.090817	0.012041	0.000000	0.000000	0.000000	0.441746
187	163	1786600982320	159.979	0.897	3561	129.7	0.013932	126x126+379+229	0.042674	0.000000		0.000000	0.091035	0.011758	0.000000	0.000000	0.000000	0.442807
188	164	1786600983222	160.881	0.896	3597	123.6	0.013932	126x126+379+229	0.042674	0.000000		0.000000	0.091615	0.011247	0.000000	0.000000	0.000000	0.445627
189	165	1786600984122	161.781	0.883	3631	118.8	0.013932	126x126+379+229	0.042674	0.000000		0.000000	0.000052	0.000000	0.000000	0.000000	0.043203	0.000000
190	166	1786600985010	162.669	0.898	3664	119.2	0.013932	126x126+379+229	0.042674	0.011315	179x104+174+245	0.075016	0.000052	0.000000	0.438952	0.000000	0.044011	0.000000
191	167	1786600985913	163.572	0.836	3698	122.0	0.013932	126x126+379+229	0.042674	0.011475	179x104+174+245	0.074873	0.000052	0.000000	0.438114	0.000000	0.052804	0.000000
192	168	1786600986753	164.413	0.885	3731	122.8	0.013932	126x126+379+229	0.042674	0.011475	179x104+174+245	0.074873	0.000052	0.000000	0.438114	0.000000	0.050428	0.000000
193	169	1786600987643	165.302	0.900	3766	122.0	0.013932	126x126+379+229	0.042674	0.010609	176x104+174+245	0.075973	0.000052	0.000000	0.444552	0.000000	0.050364	0.000000
194	170	1786600988548	166.207	0.907	3799	121.3	0.013932	126x126+379+229	0.042674	0.011813	178x104+174+245	0.074499	0.000052	0.000000	0.435924	0.000000	0.050428	0.000000
195	170	1786600989461	167.120	0.927	3799	121.3	0.013932	126x126+379+229	0.042674	0.011813	178x104+174+245	0.074499	0.000052	0.000000	0.435924	0.000000	0.050428	0.000000
196	171	1786600990392	168.052	0.854	3833	124.5	0.013932	126x126+379+229	0.042674	0.011813	178x104+174+245	0.074499	0.000052	0.000000	0.435924	0.000000	0.050713	0.000000
197	172	1786600991252	168.911	0.869	3868	120.0	0.013932	126x126+379+229	0.042674	0.011400	178x104+174+245	0.074958	0.000052	0.000000	0.438610	0.000000	0.050428	0.000000
198	173	1786600992125	169.785	0.859	3901	115.7	0.013932	126x126+379+229	0.042674	0.011400	178x104+174+245	0.074958	0.000052	0.000000	0.438610	0.000000	0.047402	0.000000
199	174	1786600992990	170.649	0.896	3933	119.1	0.013932	126x126+379+229	0.042674	0.011813	178x104+174+245	0.074499	0.000052	0.000000	0.435924	0.000000	0.038039	0.000000
200	175	1786600993891	171.550	0.881	3966	117.0	0.013932	126x126+379+229	0.042674	0.011813	178x104+174+245	0.074499	0.000052	0.000000	0.435924	0.000000	0.044011	0.000000
201	176	1786600994778	172.437	0.897	3999	119.8	0.013932	126x126+379+229	0.042674	0.011813	178x104+174+245	0.074499	0.000052	0.000000	0.435924	0.000000	0.047402	0.000000
202	177	1786600995680	173.339	0.912	4032	114.4	0.013932	126x126+379+229	0.042674	0.011813	178x104+174+245	0.074499	0.000052	0.000000	0.435924	0.000000	0.052804	0.000000
203	177	1786600996598	174.257	0.907	4032	114.4	0.013932	126x126+379+229	0.042674	0.011813	178x104+174+245	0.074499	0.000052	0.000000	0.435924	0.000000	0.044392	0.000000
204	178	1786600997510	175.169	0.924	4064	117.5	0.013932	126x126+379+229	0.042674	0.010609	176x104+174+245	0.075973	0.000052	0.000000	0.444552	0.000000	0.038039	0.000000
205	179	1786600998439	176.098	0.873	4096	122.8	0.013932	126x126+379+229	0.042674	0.010609	176x104+174+245	0.075973	0.000052	0.000000	0.444552	0.000000	0.050428	0.000000
206	180	1786600999317	176.976	0.869	4131	118.2	0.013932	126x126+379+229	0.042674	0.010609	176x104+174+245	0.075973	0.000052	0.000000	0.444552	0.000000	0.052804	0.000000
207	181	1786601000191	177.850	0.851	4163	118.2	0.013932	126x126+379+229	0.042674	0.010609	176x104+174+245	0.075973	0.000052	0.000000	0.444552	0.000000	0.044011	0.000000
208	182	1786601001048	178.707	0.863	4196	117.5	0.013932	126x126+379+229	0.042674	0.010609	176x104+174+245	0.075973	0.000052	0.000000	0.444552	0.000000	0.044011	0.000000
209	183	1786601001916	179.575	0.878	4229	121.0	0.013932	126x126+379+229	0.042674	0.010609	176x104+174+245	0.075973	0.000052	0.000000	0.444552	0.000000	0.047402	0.000000
210	184	1786601002799	180.458	0.938	4262	124.3	0.013932	126x126+379+229	0.042674	0.010609	176x104+174+245	0.075973	0.000052	0.000000	0.444552	0.000000	0.043203	0.000000
211	184	1786601003744	181.403	0.889	4262	124.3	0.013932	126x126+379+229	0.042674	0.010609	176x104+174+245	0.075973	0.000052	0.000000	0.444552	0.000000	0.050713	0.000000
212	185	1786601004638	182.297	0.865	4297	124.3	0.013932	126x126+379+229	0.042674	0.010609	176x104+174+245	0.075973	0.000052	0.000000	0.444552	0.000000	0.050523	0.000000
213	186	1786601005509	183.168	0.882	4332	120.8	0.013932	126x126+379+229	0.042674	0.011813	178x104+174+245	0.074499	0.000052	0.000000	0.435924	0.000000	0.050428	0.000000
214	187	1786601006397	184.056	0.876	4365	125.8	0.013932	126x126+379+229	0.042674	0.011813	178x104+174+245	0.074499	0.000052	0.000000	0.435924	0.000000	0.050713	0.000000
215	188	1786601007279	184.938	0.911	4400	119.0	0.013932	126x126+379+229	0.042674	0.011813	178x104+174+245	0.074499	0.000052	0.000000	0.435924	0.000000	0.050523	0.000000
216	189	1786601008196	185.855	0.885	4433	121.5	0.013932	126x126+379+229	0.042674	0.011813	178x104+174+245	0.074499	0.000052	0.000000	0.435924	0.000000	0.052804	0.000000
217	190	1786601009086	186.745	0.918	4467	125.3	0.013932	126x126+379+229	0.042674	0.011813	178x104+174+245	0.074499	0.000052	0.000000	0.435924	0.000000	0.050428	0.000000
218	191	1786601010010	187.669	0.885	4502	119.3	0.013932	126x126+379+229	0.042674	0.011813	178x104+174+245	0.074499	0.091615	0.011247	0.435924	0.000000	0.000000	0.445627
219	191	1786601010900	188.559	0.909	4502	119.3	0.013932	126x126+379+229	0.042674	0.011813	178x104+174+245	0.074499	0.000052	0.000000	0.435924	0.000000	0.052804	0.000000
220	192	1786601011814	189.473	0.923	4535	130.6	0.013932	126x126+379+229	0.042674	0.011813	178x104+174+245	0.074499	0.091572	0.011367	0.435924	0.000000	0.000000	0.445421
221	193	1786601012742	190.401	0.900	4571	122.8	0.013932	126x126+379+229	0.042674	0.011813	178x104+174+245	0.074499	0.000052	0.000000	0.435924	0.000000	0.050523	0.000000
222	194	1786601013648	191.307	0.930	4605	123.0	0.013932	126x126+379+229	0.042674	0.011813	178x104+174+245	0.074499	0.000052	0.000000	0.435924	0.000000	0.050364	0.000000
223	195	1786601014583	192.242	0.957	4639	127.3	0.013932	126x126+379+229	0.042674	0.011400	178x104+174+245	0.074958	0.091462	0.011455	0.438610	0.000000	0.000000	0.444883
224	196	1786601015545	193.204	0.948	4675	124.5	0.013932	126x126+379+229	0.042674	0.011400	178x104+174+245	0.074958	0.091462	0.011455	0.438610	0.000000	0.000000	0.444883
225	197	1786601016499	194.158	0.895	4709	121.5	0.013932	126x126+379+229	0.042674	0.011400	178x104+174+245	0.074958	0.000052	0.000000	0.438610	0.000000	0.050713	0.000000
226	198	1786601017399	195.058	0.889	4743	122.5	0.013932	126x126+379+229	0.042674	0.011400	178x104+174+245	0.074954	0.000052	0.000000	0.438590	0.000000	0.050428	0.000000
227	199	1786601018295	195.954	0.913	4777	119.0	0.013932	126x126+379+229	0.042674	0.011400	178x104+174+245	0.074951	0.000052	0.000000	0.438571	0.000000	0.050364	0.000000
228	200	1786601019213	196.872	0.913	4810	126.4	0.013932	126x126+379+229	0.042674	0.011400	178x104+174+245	0.074951	0.000052	0.000000	0.438571	0.000000	0.052804	0.000000
229	201	1786601020132	197.791	0.893	4845	120.3	0.013932	126x126+379+229	0.042674	0.011400	178x104+174+245	0.074951	0.091462	0.011455	0.438571	0.000000	0.000000	0.444883
230	201	1786601021029	198.688	0.921	4845	120.3	0.013932	126x126+379+229	0.042674	0.011400	178x104+174+245	0.074958	0.000052	0.000000	0.438610	0.000000	0.050428	0.000000
231	202	1786601021956	199.615	0.899	4879	120.3	0.013932	126x126+379+229	0.042674	0.011400	178x104+174+245	0.074958	0.000052	0.000000	0.438610	0.000000	0.043203	0.000000
232	203	1786601022861	200.520	0.886	4912	127.1	0.013932	126x126+379+229	0.042674	0.011400	178x104+174+245	0.074958	0.000052	0.000000	0.438610	0.000000	0.050523	0.000000
233	204	1786601023752	201.411	0.872	4947	120.0	0.013932	126x126+379+229	0.042674	0.011400	178x104+174+245	0.074958	0.000052	0.000000	0.438610	0.000000	0.050523	0.000000
234	205	1786601024630	202.289	0.870	4981	125.3	0.013932	126x126+379+229	0.042674	0.011400	178x104+174+245	0.074954	0.000052	0.000000	0.438590	0.000000	0.043203	0.000000
235	206	1786601025505	203.164	0.896	5016	123.5	0.013932	126x126+379+229	0.042674	0.011400	178x104+174+245	0.074958	0.091615	0.011247	0.438610	0.000000	0.000000	0.445627
236	207	1786601026406	204.065	0.902	5050	122.5	0.013932	126x126+379+229	0.042674	0.011400	178x104+174+245	0.074958	0.000052	0.000000	0.438610	0.000000	0.050713	0.000000
237	208	1786601027314	204.973	0.896	5084	130.4	0.013932	126x126+379+229	0.042674	0.011400	178x104+174+245	0.074958	0.000052	0.000000	0.438610	0.000000	0.050364	0.000000
238	208	1786601028216	205.875	0.936	5084	130.4	0.013932	126x126+379+229	0.042674	0.011400	178x104+174+245	0.074958	0.091035	0.011758	0.438610	0.000000	0.000000	0.442807
239	209	1786601029157	206.816	0.916	5120	122.0	0.013932	126x126+379+229	0.042674	0.011400	178x104+174+245	0.074958	0.000052	0.000000	0.438610	0.000000	0.050713	0.000000
240	210	1786601030078	207.737	0.913	5154	126.3	0.013932	126x126+379+229	0.042674	0.011400	178x104+174+245	0.074958	0.091615	0.011247	0.438610	0.000000	0.000000	0.445627
241	211	1786601030997	208.656	0.917	5189	126.3	0.013932	126x126+379+229	0.042674	0.011400	178x104+174+245	0.074958	0.092946	0.010189	0.438610	0.000000	0.000000	0.452107
242	212	1786601031919	209.578	0.887	5224	128.3	0.013932	126x126+379+229	0.042674	0.012533	178x104+174+245	0.073659	0.090817	0.012041	0.431010	0.000000	0.000000	0.441746
243	213	1786601032812	210.471	0.905	5260	123.3	0.013932	126x126+379+229	0.042674	0.012533	178x104+174+245	0.073662	0.090817	0.012041	0.431029	0.000000	0.000000	0.441746
244	214	1786601033722	211.381	0.850	5294	127.3	0.013932	126x126+379+229	0.042674	0.012533	178x104+174+245	0.073656	0.000052	0.000000	0.430990	0.000000	0.050713	0.000000
245	215	1786601034577	212.237	0.878	5329	126.6	0.013932	126x126+379+229	0.042674	0.012533	178x104+174+245	0.073656	0.092946	0.010189	0.430990	0.000000	0.000000	0.452107
246	216	1786601035460	213.120	0.838	5365	126.8	0.013932	126x126+379+229	0.042674	0.012533	178x104+174+245	0.073665	0.092946	0.010189	0.431048	0.000000	0.000000	0.452107
247	216	1786601036304	213.963	0.866	5365	126.8	0.013932	126x126+379+229	0.042674	0.012533	178x104+174+245	0.073665	0.092946	0.010189	0.431048	0.000000	0.000000	0.452107
248	217	1786601037175	214.834	0.816	5400	128.8	0.013932	126x126+379+229	0.042674	0.012533	178x104+174+245	0.073665	0.091572	0.011367	0.431048	0.000000	0.000000	0.445421
249	218	1786601037996	215.655	0.825	5436	128.6	0.013932	126x126+379+229	0.042674	0.012533	178x104+174+245	0.073659	0.091572	0.011367	0.431010	0.000000	0.000000	0.445421
250	219	1786601038827	216.486	0.837	5471	126.8	0.013932	126x126+379+229	0.042674	0.012533	178x104+174+245	0.073659	0.091572	0.011367	0.431010	0.000000	0.000000	0.445421
251	220	1786601039669	217.328	0.815	5507	127.1	0.013932	126x126+379+229	0.042674	0.012533	178x104+174+245	0.073656	0.092946	0.010189	0.430990	0.000000	0.000000	0.452107
252	221	1786601040490	218.149	0.848	5542	128.1	0.013932	126x126+379+229	0.042674	0.012533	178x104+174+245	0.073662	0.092946	0.010189	0.431029	0.000000	0.000000	0.452107
253	221	1786601041344	219.003	0.847	5542	128.1	0.013932	126x126+379+229	0.042674	0.012533	178x104+174+245	0.073662	0.090817	0.012041	0.431029	0.000000	0.000000	0.441746
254	222	1786601042197	219.856	0.836	5577	127.1	0.013932	126x126+379+229	0.042674	0.012533	178x104+174+245	0.073659	0.090817	0.012041	0.431010	0.000000	0.000000	0.441746
255	223	1786601043038	220.697	0.806	5613	122.8	0.013932	126x126+379+229	0.042674	0.012533	178x104+174+245	0.073662	0.092946	0.010189	0.431029	0.000000	0.000000	0.452107
256	224	1786601043850	221.509	0.858	5647	131.6	0.013932	126x126+379+229	0.042674	0.012533	178x104+174+245	0.073662	0.000052	0.000000	0.431029	0.000000	0.050364	0.000000
257	225	1786601044714	222.373	0.872	5683	125.1	0.013932	126x126+379+229	0.042674	0.012533	178x104+174+245	0.073662	0.093464	0.009684	0.431029	0.000000	0.000000	0.454626
258	226	1786601045591	223.251	0.861	5718	123.8	0.013932	126x126+379+229	0.042674	0.011273	169x104+174+245	0.075153	0.091462	0.011455	0.439752	0.000000	0.000000	0.444883
259	226	1786601046457	224.117	0.837	5718	123.8	0.013932	126x126+379+229	0.042674	0.011273	169x104+174+245	0.075153	0.000052	0.000000	0.439752	0.000000	0.050523	0.000000
260	227	1786601047300	224.959	0.829	5752	124.3	0.013932	126x126+379+229	0.042674	0.011273	169x104+174+245	0.075150	0.000052	0.000000	0.439733	0.000000	0.050713	0.000000
261	228	1786601048134	225.793	0.804	5787	122.3	0.013932	126x126+379+229	0.042674	0.011273	169x104+174+245	0.075153	0.000052	0.000000	0.439752	0.000000	0.050523	0.000000
262	229	1786601048944	226.603	0.875	5821	122.5	0.013932	126x126+379+229	0.042674	0.011273	169x104+174+245	0.075153	0.000052	0.000000	0.439752	0.000000	0.050364	0.000000
263	230	1786601049824	227.483	0.828	5855	123.3	0.013932	126x126+379+229	0.042674	0.011273	169x104+174+245	0.075156	0.000052	0.000000	0.439771	0.000000	0.050364	0.000000
264	230	1786601050658	228.317	0.829	5855	123.3	0.013932	126x126+379+229	0.042674	0.011273	169x104+174+245	0.075153	0.000052	0.000000	0.439752	0.000000	0.050713	0.000000
265	231	1786601051492	229.151	0.824	5889	120.5	0.013932	126x126+379+229	0.042674	0.011273	169x104+174+245	0.075153	0.000052	0.000000	0.439752	0.000000	0.050428	0.000000
266	232	1786601052322	229.981	0.808	5923	124.3	0.013932	126x126+379+229	0.042674	0.011273	169x104+174+245	0.075153	0.000052	0.000000	0.439752	0.000000	0.050364	0.000000
267	233	1786601053135	230.794	0.847	5957	120.8	0.013932	126x126+379+229	0.042674	0.011273	169x104+174+245	0.075153	0.000052	0.000000	0.439752	0.000000	0.050523	0.000000
268	234	1786601053988	231.647	0.845	5991	123.0	0.013932	126x126+379+229	0.042674	0.011273	169x104+174+245	0.075153	0.000052	0.000000	0.439752	0.000000	0.043203	0.000000
269	235	1786601054838	232.497	0.852	6025	127.3	0.013932	126x126+379+229	0.042674	0.011273	169x104+174+245	0.075153	0.000052	0.000000	0.439752	0.000000	0.050364	0.000000
270	235	1786601055695	233.354	0.815	6025	127.3	0.013932	126x126+379+229	0.042674	0.011273	169x104+174+245	0.075153	0.092946	0.010189	0.439752	0.000000	0.000000	0.452107
271	236	1786601056515	234.174	0.828	6060	121.0	0.013932	126x126+379+229	0.042674	0.011273	169x104+174+245	0.075153	0.000052	0.000000	0.439752	0.000000	0.050364	0.000000
272	237	1786601057348	235.007	0.824	6094	123.8	0.013932	126x126+379+229	0.042674	0.011273	169x104+174+245	0.075153	0.000052	0.000000	0.439752	0.000000	0.050364	0.000000
273	238	1786601058177	235.836	0.836	6128	124.5	0.013932	126x126+379+229	0.042674	0.011273	169x104+174+245	0.075153	0.000052	0.000000	0.439752	0.000000	0.050713	0.000000
274	239	1786601059018	236.677	0.867	6163	125.6	0.013932	126x126+379+229	0.042674	0.011273	169x104+174+245	0.075153	0.000052	0.000000	0.439752	0.000000	0.050523	0.000000
275	240	1786601059890	237.549	0.831	6198	129.6	0.013932	126x126+379+229	0.042674	0.011273	169x104+174+245	0.075153	0.091462	0.011455	0.439752	0.000000	0.000000	0.444883
276	240	1786601060725	238.384	0.854	6198	129.6	0.013932	126x126+379+229	0.042674	0.011273	169x104+174+245	0.075153	0.091572	0.011367	0.439752	0.000000	0.000000	0.445421
277	241	1786601061584	239.243	0.865	6234	125.8	0.013932	126x126+379+229	0.042674	0.011273	169x104+174+245	0.075153	0.092946	0.010189	0.439752	0.000000	0.000000	0.452107
278	242	1786601062453	240.112	0.901	6269	122.8	0.013932	126x126+379+229	0.042674	0.011273	169x104+174+245	0.075153	0.000052	0.000000	0.439752	0.000000	0.050523	0.000000
279	243	1786601063359	241.018	0.883	6303	130.9	0.013932	126x126+379+229	0.042674	0.011273	169x104+174+245	0.075153	0.000052	0.000000	0.439752	0.000000	0.050523	0.000000
280	244	1786601064247	241.906	0.892	6339	124.5	0.013932	126x126+379+229	0.042674	0.011273	169x104+174+245	0.075150	0.093464	0.009684	0.439733	0.000000	0.000000	0.454626
281	245	1786601065143	242.802	0.867	6374	125.6	0.013932	126x126+379+229	0.042674	0.011273	169x104+174+245	0.075146	0.091615	0.011247	0.439714	0.000000	0.000000	0.445627
282	246	1786601066015	243.674	0.890	6409	124.8	0.013932	126x126+379+229	0.042674	0.011273	169x104+174+245	0.075150	0.091462	0.011455	0.439733	0.000000	0.000000	0.444883
283	246	1786601066910	244.569	0.890	6409	124.8	0.013932	126x126+379+229	0.042674	0.011273	169x104+174+245	0.075146	0.091615	0.011247	0.439714	0.000000	0.000000	0.445627
284	247	1786601067804	245.463	0.897	6443	125.1	0.013932	126x126+379+229	0.042674	0.011273	169x104+174+245	0.075146	0.091615	0.011247	0.439714	0.000000	0.000000	0.445627
285	248	1786601068706	246.365	0.883	6478	132.4	0.013932	126x126+379+229	0.042674	0.011273	169x104+174+245	0.075146	0.093464	0.009684	0.439714	0.000000	0.000000	0.454626
286	249	1786601069593	247.252	0.878	6515	124.8	0.013932	126x126+379+229	0.042674	0.011273	169x104+174+245	0.075146	0.090817	0.012041	0.439714	0.000000	0.000000	0.441746
287	250	1786601070476	248.135	0.868	6550	125.8	0.013932	126x126+379+229	0.042674	0.011273	169x104+174+245	0.075146	0.091462	0.011455	0.439714	0.000000	0.000000	0.444883
288	251	1786601071348	249.007	0.818	6584	125.6	0.013932	126x126+379+229	0.042674	0.011273	169x104+174+245	0.075146	0.091462	0.011455	0.439714	0.000000	0.000000	0.444883
289	252	1786601072171	249.830	0.858	6619	126.3	0.013932	126x126+379+229	0.042674	0.011273	169x104+174+245	0.075146	0.091462	0.011455	0.439714	0.000000	0.000000	0.444883
290	252	1786601073034	250.693	0.851	6619	126.3	0.013932	126x126+379+229	0.042674	0.011273	169x104+174+245	0.075146	0.092946	0.010189	0.439714	0.000000	0.000000	0.452107
291	253	1786601073889	251.549	0.851	6654	123.8	0.013932	126x126+379+229	0.042674	0.011273	169x104+174+245	0.075143	0.000052	0.000000	0.439695	0.000000	0.050523	0.000000
292	254	1786601074745	252.404	0.813	6689	125.3	0.013932	126x126+379+229	0.042674	0.011273	169x104+174+245	0.075140	0.091615	0.011247	0.439676	0.000000	0.000000	0.445627
293	255	1786601075563	253.222	0.832	6724	126.8	0.013932	126x126+379+229	0.042674	0.011273	169x104+174+245	0.075140	0.091462	0.011455	0.439676	0.000000	0.000000	0.444883
294	256	1786601076400	254.059	0.816	6759	125.6	0.013932	126x126+379+229	0.042674	0.011273	169x104+174+245	0.075140	0.092946	0.010189	0.439676	0.000000	0.000000	0.452107
295	257	1786601077220	254.879	0.859	6794	127.1	0.013932	126x126+379+229	0.042674	0.011273	169x104+174+245	0.075143	0.091462	0.011455	0.439695	0.000000	0.000000	0.444883
296	257	1786601078084	255.743	0.857	6794	127.1	0.013932	126x126+379+229	0.042674	0.011273	169x104+174+245	0.075140	0.092946	0.010189	0.439676	0.000000	0.000000	0.452107
297	258	1786601078945	256.604	0.845	6829	125.8	0.013932	126x126+379+229	0.042674	0.011273	169x104+174+245	0.075140	0.092946	0.010189	0.439676	0.000000	0.000000	0.452107
298	259	1786601079796	257.455	0.826	6864	130.1	0.013932	126x126+379+229	0.042674	0.012220	179x104+174+245	0.074046	0.091572	0.011367	0.433276	0.000000	0.000000	0.445421
299	260	1786601080627	258.286	0.832	6900	123.5	0.013932	126x126+379+229	0.042674	0.012220	179x104+174+245	0.074046	0.091572	0.011367	0.433276	0.000000	0.000000	0.445421
300	261	1786601081464	259.123	0.838	6934	127.6	0.013932	126x126+379+229	0.042674	0.012220	179x104+174+245	0.074049	0.000052	0.000000	0.433295	0.000000	0.050713	0.000000
301	262	1786601082307	259.966	0.848	6970	124.8	0.013932	126x126+379+229	0.042674	0.012220	179x104+174+245	0.074046	0.090817	0.012041	0.433276	0.000000	0.000000	0.441746
302	262	1786601083160	260.819	0.856	6970	124.8	0.013932	126x126+379+229	0.042674	0.012220	179x104+174+245	0.074059	0.091462	0.011455	0.433352	0.000000	0.000000	0.444883
303	263	1786601084022	261.681	0.853	7005	127.3	0.013932	126x126+379+229	0.042674	0.012220	179x104+174+245	0.074049	0.092946	0.010189	0.433295	0.000000	0.000000	0.452107
304	264	1786601084879	262.538	0.845	7040	127.3	0.013932	126x126+379+229	0.042674	0.012220	179x104+174+245	0.074046	0.090817	0.012041	0.433276	0.000000	0.000000	0.441746
305	265	1786601085729	263.388	0.836	7075	127.3	0.013932	126x126+379+229	0.042674	0.012220	179x104+174+245	0.074049	0.090817	0.012041	0.433295	0.000000	0.000000	0.441746
306	266	1786601086570	264.229	0.843	7111	124.8	0.013932	126x126+379+229	0.042674	0.012220	179x104+174+245	0.074053	0.090817	0.012041	0.433314	0.000000	0.000000	0.441746
307	267	1786601087419	265.078	0.864	7145	128.8	0.013932	126x126+379+229	0.042674	0.012220	179x104+174+245	0.074049	0.091615	0.011247	0.433295	0.000000	0.000000	0.445627
308	267	1786601088288	265.947	0.839	7145	128.8	0.013932	126x126+379+229	0.042674	0.012220	179x104+174+245	0.074046	0.091572	0.011367	0.433276	0.000000	0.000000	0.445421
309	268	1786601089132	266.791	0.827	7181	125.8	0.013932	126x126+379+229	0.042674	0.012220	179x104+174+245	0.074046	0.092946	0.010189	0.433276	0.000000	0.000000	0.452107
310	269	1786601089963	267.622	0.824	7216	124.6	0.013932	126x126+379+229	0.042674	0.012220	179x104+174+245	0.074049	0.091462	0.011455	0.433295	0.000000	0.000000	0.444883
311	270	1786601090792	268.451	0.863	7251	124.6	0.013932	126x126+379+229	0.042674	0.012220	179x104+174+245	0.074053	0.000052	0.000000	0.433314	0.000000	0.050523	0.000000
312	271	1786601091660	269.319	0.858	7285	126.6	0.013932	126x126+379+229	0.042674	0.012220	179x104+174+245	0.074053	0.000052	0.000000	0.433314	0.000000	0.050523	0.000000
313	272	1786601092523	270.182	0.866	7320	129.4	0.013932	126x126+379+229	0.042674	0.012220	179x104+174+245	0.074056	0.092946	0.010189	0.433333	0.000000	0.000000	0.452107
314	272	1786601093395	271.054	0.860	7320	129.4	0.013932	126x126+379+229	0.042674	0.012220	179x104+174+245	0.074053	0.091572	0.011367	0.433314	0.000000	0.000000	0.445421
315	273	1786601094260	271.919	0.858	7356	129.1	0.013932	126x126+379+229	0.042674	0.012220	179x104+174+245	0.074053	0.091035	0.011758	0.433314	0.000000	0.000000	0.442807
316	274	1786601095123	272.782	0.841	7392	122.8	0.013932	126x126+379+229	0.042674	0.012220	179x104+174+245	0.074053	0.091462	0.011455	0.433314	0.000000	0.000000	0.444883
317	275	1786601095969	273.628	0.854	7426	133.9	0.013932	126x126+379+229	0.042674	0.012220	179x104+174+245	0.074046	0.090817	0.012041	0.433276	0.000000	0.000000	0.441746
318	276	1786601096828	274.487	0.833	7464	124.1	0.013932	126x126+379+229	0.042674	0.012220	179x104+174+245	0.074046	0.091686	0.011243	0.433276	0.000000	0.000000	0.445976
319	277	1786601097666	275.325	0.911	7498	125.9	0.013932	126x126+379+229	0.042674	0.012220	179x104+174+245	0.074046	0.091615	0.011247	0.433276	0.000000	0.000000	0.445627
320	278	1786601098582	276.241	0.916	7533	127.6	0.013932	126x126+379+229	0.042674	0.012220	179x104+174+245	0.074046	0.091462	0.011455	0.433276	0.000000	0.000000	0.444883
321	278	1786601099502	277.161	0.893	7533	127.6	0.013932	126x126+379+229	0.042674	0.012220	179x104+174+245	0.074046	0.090817	0.012041	0.433276	0.000000	0.000000	0.441746
322	279	1786601100401	278.060	0.852	7568	126.9	0.013932	126x126+379+229	0.042674	0.012220	179x104+174+245	0.074053	0.092946	0.010189	0.433314	0.000000	0.000000	0.452107
323	280	1786601101257	278.916	0.878	7604	129.4	0.013932	126x126+379+229	0.042674	0.012220	179x104+174+245	0.074046	0.091572	0.011367	0.433276	0.000000	0.000000	0.445421
324	281	1786601102140	279.799	0.807	7640	124.9	0.013932	126x126+379+229	0.042674	0.012220	179x104+174+245	0.074046	0.090817	0.012041	0.433276	0.000000	0.000000	0.441746
325	282	1786601102952	280.611	0.888	7674	126.4	0.013932	126x126+379+229	0.042674	0.012220	179x104+174+245	0.074046	0.091462	0.011455	0.433276	0.000000	0.000000	0.444883
326	283	1786601103844	281.503	0.899	7709	129.0	0.013932	126x126+379+229	0.042674	0.012220	179x104+174+245	0.074046	0.092946	0.010189	0.433276	0.000000	0.000000	0.452107
327	284	1786601104748	282.407	0.864	7745	127.2	0.013932	126x126+379+229	0.042674	0.012220	179x104+174+245	0.074046	0.091572	0.011367	0.433276	0.000000	0.000000	0.445421
328	284	1786601105617	283.276	0.852	7745	127.2	0.013932	126x126+379+229	0.042674	0.012220	179x104+174+245	0.074046	0.090817	0.012041	0.433276	0.000000	0.000000	0.441746
329	285	1786601106474	284.133	0.837	7781	124.5	0.013932	126x126+379+229	0.042674	0.012220	179x104+174+245	0.074046	0.091615	0.011247	0.433276	0.000000	0.000000	0.445627
330	286	1786601107316	284.975	0.851	7815	125.8	0.013932	126x126+379+229	0.042674	0.012220	179x104+174+245	0.074046	0.091462	0.011455	0.433276	0.000000	0.000000	0.444883
331	287	1786601108172	285.831	0.817	7850	124.8	0.013932	126x126+379+229	0.042674	0.012220	179x104+174+245	0.074049	0.091462	0.011455	0.433295	0.000000	0.000000	0.444883
332	288	1786601108994	286.653	0.825	7885	129.1	0.013932	126x126+379+229	0.042674	0.012220	179x104+174+245	0.074046	0.091615	0.011247	0.433276	0.000000	0.000000	0.445627
333	289	1786601109823	287.482	0.870	7921	123.3	0.013932	126x126+379+229	0.042674	0.012220	179x104+174+245	0.074046	0.091572	0.011367	0.433276	0.000000	0.000000	0.445421
334	289	1786601110698	288.357	0.836	7921	123.3	0.013932	126x126+379+229	0.042674	0.012220	179x104+174+245	0.074046	0.000052	0.000000	0.433276	0.000000	0.050713	0.000000
335	290	1786601111538	289.197	0.871	7955	124.1	0.013932	126x126+379+229	0.042674	0.012220	179x104+174+245	0.074046	0.000052	0.000000	0.433276	0.000000	0.050713	0.000000
336	291	1786601112414	290.073	0.852	7989	130.0	0.013932	126x126+379+229	0.042674	0.012220	179x104+174+245	0.074046	0.090817	0.012041	0.433276	0.000000	0.000000	0.441746
337	292	1786601113271	290.930	0.878	8025	126.2	0.013932	126x126+379+229	0.042674	0.012220	179x104+174+245	0.074046	0.091572	0.011367	0.433276	0.000000	0.000000	0.445421
338	293	1786601114154	291.813	0.853	8061	127.5	0.013932	126x126+379+229	0.042674	0.012220	179x104+174+245	0.074053	0.092946	0.010189	0.433314	0.000000	0.000000	0.452107
339	294	1786601115012	292.671	0.858	8096	124.3	0.013932	126x126+379+229	0.042674	0.012220	179x104+174+245	0.074046	0.090817	0.012041	0.433276	0.000000	0.000000	0.441746
340	295	1786601115874	293.533	0.838	8131	126.9	0.013932	126x126+379+229	0.042674	0.012220	179x104+174+245	0.074046	0.091615	0.011247	0.433276	0.000000	0.000000	0.445627
341	295	1786601116717	294.376	0.851	8131	126.9	0.013932	126x126+379+229	0.042674	0.012220	179x104+174+245	0.074046	0.092946	0.010189	0.433276	0.000000	0.000000	0.452107
342	296	1786601117572	295.231	0.892	8166	130.8	0.013932	126x126+379+229	0.042674	0.012220	179x104+174+245	0.074046	0.091035	0.011758	0.433276	0.000000	0.000000	0.442807
343	297	1786601118469	296.128	0.849	8202	125.7	0.013932	126x126+379+229	0.042674	0.012220	179x104+174+245	0.074046	0.090817	0.012041	0.433276	0.000000	0.000000	0.441746
344	298	1786601119322	296.982	0.873	8237	125.8	0.013932	126x126+379+229	0.042674	0.012220	179x104+174+245	0.074046	0.091462	0.011455	0.433276	0.000000	0.000000	0.444883
345	299	1786601120200	297.859	0.878	8272	126.5	0.013932	126x126+379+229	0.042674	0.012220	179x104+174+245	0.074046	0.091462	0.011455	0.433276	0.000000	0.000000	0.444883
346	300	1786601121083	298.742	0.849	8307	128.0	0.013932	126x126+379+229	0.042674	0.012220	179x104+174+245	0.074046	0.092946	0.010189	0.433276	0.000000	0.000000	0.452107
347	300	1786601121937	299.596	0.860	8307	128.0	0.013932	126x126+379+229	0.042674	0.012220	179x104+174+245	0.074046	0.090817	0.012041	0.433276	0.000000	0.000000	0.441746
348	301	1786601122802	300.461	0.879	8343	121.3	0.013932	126x126+379+229	0.042674	0.012220	179x104+174+245	0.074046	0.000052	0.000000	0.433276	0.000000	0.050364	0.000000
349	302	1786601123685	301.344	0.856	8376	126.5	0.013932	126x126+379+229	0.042674	0.012220	179x104+174+245	0.074046	0.091615	0.011247	0.433276	0.000000	0.000000	0.445627
350	303	1786601124547	302.206	0.845	8411	124.8	0.013932	126x126+379+229	0.042674	0.012220	179x104+174+245	0.074046	0.091462	0.011455	0.433276	0.000000	0.000000	0.444883
351	304	1786601125397	303.056	0.850	8446	128.6	0.013932	126x126+379+229	0.042674	0.012220	179x104+174+245	0.074053	0.091615	0.011247	0.433314	0.000000	0.000000	0.445627
352	305	1786601126252	303.911	0.884	8482	121.7	0.013932	126x126+379+229	0.042674	0.012220	179x104+174+245	0.074046	0.091572	0.011367	0.433276	0.000000	0.000000	0.445421
353	306	1786601127140	304.799	0.866	8516	123.8	0.013932	126x126+379+229	0.042674	0.012220	179x104+174+245	0.074049	0.000052	0.000000	0.433295	0.000000	0.050364	0.000000
354	306	1786601128012	305.671	0.871	8516	123.8	0.013932	126x126+379+229	0.042674	0.012220	179x104+174+245	0.074046	0.000052	0.000000	0.433276	0.000000	0.050713	0.000000
355	307	1786601128888	306.547	0.852	8550	128.0	0.013932	126x126+379+229	0.042674	0.012220	179x104+174+245	0.074046	0.092946	0.010189	0.433276	0.000000	0.000000	0.452107
356	308	1786601129744	307.403	0.837	8586	120.6	0.013932	126x126+379+229	0.042674	0.012220	179x104+174+245	0.074046	0.000052	0.000000	0.433276	0.000000	0.050713	0.000000
357	309	1786601130586	308.245	0.859	8619	123.2	0.013932	126x126+379+229	0.042674	0.012220	179x104+174+245	0.074046	0.000052	0.000000	0.433276	0.000000	0.050428	0.000000
358	310	1786601131449	309.108	0.823	8653	123.0	0.013932	126x126+379+229	0.042674	0.012220	179x104+174+245	0.074046	0.000052	0.000000	0.433276	0.000000	0.050713	0.000000
359	311	1786601132278	309.937	0.842	8688	121.5	0.013932	126x126+379+229	0.042674	0.012220	179x104+174+245	0.074046	0.000052	0.000000	0.433276	0.000000	0.050364	0.000000
360	311	1786601133125	310.784	0.853	8688	121.5	0.013932	126x126+379+229	0.042674	0.012220	179x104+174+245	0.074046	0.000052	0.000000	0.433276	0.000000	0.050428	0.000000
361	312	1786601133983	311.642	0.854	8721	124.8	0.013932	126x126+379+229	0.042674	0.012220	179x104+174+245	0.074046	0.000052	0.000000	0.433276	0.000000	0.050713	0.000000
362	313	1786601134842	312.501	0.819	8756	122.0	0.013932	126x126+379+229	0.042674	0.012220	179x104+174+245	0.074056	0.000052	0.000000	0.433333	0.000000	0.050713	0.000000
363	314	1786601135666	313.325	0.827	8790	122.9	0.013932	126x126+379+229	0.042674	0.012220	179x104+174+245	0.074046	0.000052	0.000000	0.433276	0.000000	0.050364	0.000000
364	315	1786601136498	314.157	0.891	8824	122.7	0.013932	126x126+379+229	0.042674	0.012220	179x104+174+245	0.074053	0.000052	0.000000	0.433314	0.000000	0.050364	0.000000
365	316	1786601137394	315.053	0.839	8858	120.5	0.013932	126x126+379+229	0.042674	0.012220	179x104+174+245	0.074046	0.000052	0.000000	0.433276	0.000000	0.050364	0.000000
366	316	1786601138238	315.897	0.885	8858	120.5	0.013932	126x126+379+229	0.042674	0.012220	179x104+174+245	0.074053	0.000052	0.000000	0.433314	0.000000	0.043203	0.000000
367	317	1786601139129	316.788	0.868	8892	121.4	0.013932	126x126+379+229	0.042674	0.012220	179x104+174+245	0.074053	0.000052	0.000000	0.433314	0.000000	0.050428	0.000000
368	318	1786601140002	317.661	0.903	8925	119.7	0.013932	126x126+379+229	0.042674	0.012220	179x104+174+245	0.074059	0.000052	0.000000	0.433352	0.000000	0.043203	0.000000
369	319	1786601140910	318.569	0.851	8959	119.8	0.013932	126x126+379+229	0.042674	0.012220	179x104+174+245	0.074059	0.000052	0.000000	0.433352	0.000000	0.052804	0.000000
370	320	1786601141766	319.425	0.833	8992	121.0	0.013932	126x126+379+229	0.042674	0.012220	179x104+174+245	0.074059	0.000052	0.000000	0.433352	0.000000	0.052804	0.000000
371	321	1786601142604	320.263	0.851	9025	119.6	0.013932	126x126+379+229	0.042674	0.012220	179x104+174+245	0.074059	0.000052	0.000000	0.433352	0.000000	0.043203	0.000000
372	322	1786601143460	321.119	0.859	9059	119.6	0.013932	126x126+379+229	0.042674	0.012220	179x104+174+245	0.074059	0.000052	0.000000	0.433352	0.000000	0.052804	0.000000
373	322	1786601144324	321.983	0.867	9059	119.6	0.013932	126x126+379+229	0.042674	0.012220	179x104+174+245	0.074059	0.000052	0.000000	0.433352	0.000000	0.052804	0.000000
374	323	1786601145196	322.855	0.829	9092	123.1	0.013932	126x126+379+229	0.042674	0.012220	179x104+174+245	0.074059	0.000052	0.000000	0.433352	0.000000	0.050428	0.000000
375	324	1786601146030	323.689	0.834	9126	119.3	0.013932	126x126+379+229	0.042674	0.012220	179x104+174+245	0.074059	0.000052	0.000000	0.433352	0.000000	0.050428	0.000000
376	325	1786601146869	324.528	0.841	9159	116.6	0.013932	126x126+379+229	0.042674	0.012220	179x104+174+245	0.074059	0.000052	0.000000	0.433352	0.000000	0.052804	0.000000
377	326	1786601147715	325.374	0.831	9192	117.6	0.013932	126x126+379+229	0.042674	0.012220	179x104+174+245	0.074053	0.000052	0.000000	0.433314	0.000000	0.038039	0.000000
378	327	1786601148551	326.210	0.796	9224	119.9	0.013932	126x126+379+229	0.042674	0.012220	179x104+174+245	0.074053	0.000052	0.000000	0.433314	0.000000	0.047402	0.000000
379	327	1786601149352	327.011	0.854	9224	119.9	0.013932	126x126+379+229	0.042674	0.012220	179x104+174+245	0.074053	0.000052	0.000000	0.433314	0.000000	0.052804	0.000000
380	328	1786601150210	327.869	0.834	9258	121.9	0.013932	126x126+379+229	0.042674	0.012220	179x104+174+245	0.074053	0.000052	0.000000	0.433314	0.000000	0.043203	0.000000
381	329	1786601151049	328.708	0.860	9291	118.3	0.013932	126x126+379+229	0.042674	0.012220	179x104+174+245	0.074049	0.000052	0.000000	0.433295	0.000000	0.050428	0.000000
382	330	1786601151914	329.573	0.849	9324	113.5	0.013932	126x126+379+229	0.042674	0.012220	179x104+174+245	0.074046	0.000052	0.000000	0.433276	0.000000	0.044011	0.000000
383	331	1786601152768	330.427	0.886	9356	120.2	0.013932	126x126+379+229	0.042674	0.012220	179x104+174+245	0.074049	0.000052	0.000000	0.433295	0.000000	0.043489	0.000000
384	332	1786601153659	331.318	0.825	9389	117.3	0.013932	126x126+379+229	0.042674	0.012220	179x104+174+245	0.074053	0.000052	0.000000	0.433314	0.000000	0.052804	0.000000
385	332	1786601154490	332.149	0.844	9389	117.3	0.013932	126x126+379+229	0.042674	0.012220	179x104+174+245	0.074053	0.000052	0.000000	0.433314	0.000000	0.047402	0.000000
386	333	1786601155338	332.997	0.855	9422	116.6	0.013932	126x126+379+229	0.042674	0.012220	179x104+174+245	0.074053	0.000052	0.000000	0.433314	0.000000	0.038039	0.000000
387	334	1786601156197	333.856	0.843	9454	112.0	0.013932	126x126+379+229	0.042674	0.012220	179x104+174+245	0.074059	0.000052	0.000000	0.433352	0.000000	0.044392	0.000000
388	335	1786601157045	334.704	0.854	9485	113.7	0.013932	126x126+379+229	0.042674	0.012220	179x104+174+245	0.074059	0.000052	0.000000	0.433352	0.000000	0.043140	0.000000
389	336	1786601157904	335.563	0.831	9517	113.1	0.013932	126x126+379+229	0.042674	0.012220	179x104+174+245	0.074056	0.000052	0.000000	0.433333	0.000000	0.043489	0.000000
390	337	1786601158739	336.398	0.876	9548	109.0	0.013932	126x126+379+229	0.042674	0.012220	179x104+174+245	0.074053	0.000052	0.000000	0.433314	0.000000	0.043140	0.000000
391	337	1786601159620	337.279	0.892	9548	109.0	0.013932	126x126+379+229	0.042674	0.011273	169x104+174+245	0.075150	0.000052	0.000000	0.439733	0.000000	0.045580	0.000000
392	338	1786601160517	338.176	0.843	9579	106.3	0.013932	126x126+379+229	0.042674	0.011273	169x104+174+245	0.075146	0.000052	0.000000	0.439714	0.000000	0.047639	0.000000
393	339	1786601161365	339.024	0.843	9608	106.6	0.013932	126x126+379+229	0.042674	0.011273	169x104+174+245	0.075146	0.000052	0.000000	0.439714	0.000000	0.047639	0.000000
394	340	1786601162212	339.871	0.840	9638	101.8	0.013932	126x126+379+229	0.042674	0.011273	169x104+174+245	0.075140	0.000052	0.000000	0.439676	0.000000	0.053992	0.000000
395	341	1786601163057	340.717	0.841	9666	101.9	0.013932	126x126+379+229	0.042674	0.011273	169x104+174+245	0.075140	0.000052	0.000000	0.439676	0.000000	0.052804	0.000000
396	342	1786601163903	341.562	0.847	9694	100.2	0.013932	126x126+379+229	0.042674	0.011273	169x104+174+245	0.075143	0.000052	0.000000	0.439695	0.000000	0.052804	0.000000
397	342	1786601164756	342.415	0.865	9694	100.2	0.013932	126x126+379+229	0.042674	0.011273	169x104+174+245	0.075150	0.000052	0.000000	0.439733	0.000000	0.045580	0.000000
398	343	1786601165626	343.285	0.875	9722	100.4	0.013932	126x126+379+229	0.042674	0.011273	169x104+174+245	0.075140	0.000052	0.000000	0.439676	0.000000	0.045580	0.000000
399	344	1786601166505	344.164	0.874	9750	101.9	0.013932	126x126+379+229	0.042674	0.011273	169x104+174+245	0.075140	0.000052	0.000000	0.439676	0.000000	0.052804	0.000000
400	345	1786601167384	345.043	0.813	9778	97.9	0.013932	126x126+379+229	0.042674	0.011273	169x104+174+245	0.075140	0.000052	0.000000	0.439676	0.000000	0.055181	0.000000
401	346	1786601168202	345.861	0.872	9805	98.6	0.013932	126x126+379+229	0.042674	0.011273	169x104+174+245	0.075140	0.000052	0.000000	0.439676	0.000000	0.043441	0.000000
402	347	1786601169079	346.738	0.848	9833	100.0	0.013932	126x126+379+229	0.042674	0.011273	169x104+174+245	0.075140	0.000052	0.000000	0.439676	0.000000	0.040051	0.000000
403	348	1786601169932	347.591	0.875	9861	96.0	0.013932	126x126+379+229	0.042674	0.012533	178x104+174+245	0.073649	0.000052	0.000000	0.430952	0.000000	0.055181	0.000000
404	348	1786601170812	348.471	0.834	9861	96.0	0.013932	126x126+379+229	0.042674	0.012533	178x104+174+245	0.073652	0.000052	0.000000	0.430971	0.000000	0.034078	0.000000
405	349	1786601171651	349.310	0.859	9887	94.9	0.013932	126x126+379+229	0.042674	0.012533	178x104+174+245	0.073656	0.000052	0.000000	0.430990	0.000000	0.039338	0.000000
406	350	1786601172515	350.174	0.823	9914	93.3	0.013932	126x126+379+229	0.042674	0.012533	178x104+174+245	0.073656	0.000052	0.000000	0.430990	0.000000	0.039528	0.000000
407	351	1786601173343	351.002	0.839	9940	92.5	0.013932	126x126+379+229	0.042674	0.012533	178x104+174+245	0.073656	0.000052	0.000000	0.430990	0.000000	0.039179	0.000000
408	352	1786601174187	351.846	0.829	9965	91.5	0.013932	126x126+379+229	0.042674	0.012533	178x104+174+245	0.073659	0.000052	0.000000	0.431010	0.000000	0.039179	0.000000
409	353	1786601175021	352.680	0.857	9991	88.3	0.013932	126x126+379+229	0.042674	0.012533	178x104+174+245	0.073662	0.000052	0.000000	0.431029	0.000000	0.039243	0.000000
410	353	1786601175883	353.542	0.851	9991	88.3	0.013932	126x126+379+229	0.042674	0.012533	178x104+174+245	0.073662	0.000052	0.000000	0.431029	0.000000	0.043441	0.000000
411	354	1786601176740	354.399	0.833	10015	88.0	0.013932	126x126+379+229	0.042674	0.011400	178x104+174+245	0.074958	0.000052	0.000000	0.438610	0.000000	0.046831	0.000000
412	355	1786601177577	355.236	0.829	10040	94.6	0.013932	126x126+379+229	0.042674	0.011400	178x104+174+245	0.074958	0.000052	0.000000	0.438610	0.000000	0.039243	0.000000
413	356	1786601178411	356.070	0.811	10066	90.7	0.013932	126x126+379+229	0.042674	0.011400	178x104+174+245	0.074958	0.000052	0.000000	0.438610	0.000000	0.039528	0.000000
414	357	1786601179227	356.886	0.835	10091	87.8	0.013932	126x126+379+229	0.042674	0.011400	178x104+174+245	0.074958	0.000052	0.000000	0.438610	0.000000	0.032018	0.000000
415	358	1786601180067	357.726	0.852	10116	87.6	0.013932	126x126+379+229	0.042674	0.011400	178x104+174+245	0.074958	0.000052	0.000000	0.438610	0.000000	0.046831	0.000000
416	358	1786601180924	358.583	0.867	10116	87.6	0.013932	126x126+379+229	0.042674	0.011400	178x104+174+245	0.074958	0.000052	0.000000	0.438610	0.000000	0.046831	0.000000
417	359	1786601181796	359.455	0.875	10140	85.2	0.013932	126x126+379+229	0.042674	0.011400	178x104+174+245	0.074958	0.000052	0.000000	0.438610	0.000000	0.043821	0.000000
418	360	1786601182676	360.335	0.859	10163	84.9	0.013932	126x126+379+229	0.042674	0.011813	178x104+174+245	0.074499	0.000052	0.000000	0.435924	0.000000	0.042728	0.000000
419	361	1786601183539	361.198	0.812	10187	81.5	0.013932	126x126+379+229	0.042674	0.011813	178x104+174+245	0.074499	0.000052	0.000000	0.435924	0.000000	0.042728	0.000000
420	362	1786601184356	362.015	0.860	10210	81.4	0.013932	126x126+379+229	0.042674	0.011813	178x104+174+245	0.074499	0.000052	0.000000	0.435924	0.000000	0.042633	0.000000
421	363	1786601185221	362.880	0.874	10232	75.4	0.013932	126x126+379+229	0.042674	0.011813	178x104+174+245	0.074499	0.000052	0.000000	0.435924	0.000000	0.042633	0.000000
422	363	1786601186100	363.759	0.851	10232	75.4	0.013932	126x126+379+229	0.042674	0.011813	178x104+174+245	0.074492	0.000052	0.000000	0.435886	0.000000	0.034458	0.000000
423	364	1786601186956	364.615	0.835	10253	75.4	0.013932	126x126+379+229	0.042674	0.011813	178x104+174+245	0.074499	0.000052	0.000000	0.435924	0.000000	0.034458	0.000000
424	365	1786601187795	365.454	0.853	10274	62.9	0.013932	126x126+379+229	0.042674	0.010609	176x104+174+245	0.075973	0.000052	0.000000	0.444552	0.000000	0.043821	0.000000
425	366	1786601188653	366.312	0.813	10292	63.0	0.013932	126x126+379+229	0.042674	0.010609	176x104+174+245	0.075973	0.000052	0.000000	0.444552	0.000000	0.039560	0.000000
426	367	1786601189470	367.129	0.796	10309	51.3	0.013932	126x126+379+229	0.042674	0.010609	176x104+174+245	0.075973	0.000052	0.000000	0.444552	0.000000	0.039560	0.000000
427	368	1786601190271	367.931	0.855	10323	51.5	0.013932	126x126+379+229	0.042674	0.010609	176x104+174+245	0.075973	0.000052	0.000000	0.444552	0.000000	0.038530	0.000000
428	368	1786601191131	368.790	0.853	10323	51.5	0.013932	126x126+379+229	0.042674	0.010609	176x104+174+245	0.075973	0.000052	0.000000	0.444552	0.000000	0.038530	0.000000
429	369	1786601191988	369.647	0.850	10338	43.9	0.013932	126x126+379+229	0.042674	0.011475	179x104+174+245	0.074873	0.000052	0.000000	0.438114	0.000000	0.039908	0.000000
430	370	1786601192843	370.502	0.851	10350	44.1	0.013932	126x126+379+229	0.042674	0.011475	179x104+174+245	0.074873	0.000052	0.000000	0.438114	0.000000	0.039005	0.000000
431	371	1786601193699	371.358	0.826	10362	44.2	0.013932	126x126+379+229	0.042674	0.011315	179x104+174+245	0.075016	0.000052	0.000000	0.438952	0.000000	0.039005	0.000000
432	372	1786601194530	372.189	0.805	10374	36.5	0.013932	126x126+379+229	0.042674	0.011315	179x104+174+245	0.075016	0.000052	0.000000	0.438952	0.000000	0.039005	0.000000
433	373	1786601195340	372.999	0.842	10385	36.8	0.013932	126x126+379+229	0.042674	0.011315	179x104+174+245	0.075016	0.000052	0.000000	0.438952	0.000000	0.033207	0.000000
434	373	1786601196187	373.846	0.843	10385	36.8	0.013932	126x126+379+229	0.042674	0.011315	179x104+174+245	0.075016	0.000052	0.000000	0.438952	0.000000	0.033207	0.000000
435	374	1786601197035	374.694	0.830	10395	36.7	0.013932	126x126+379+229	0.042674	0.011253	180x104+174+245	0.075182	0.000052	0.000000	0.439924	0.000000	0.033207	0.000000
436	375	1786601197869	375.528	0.839	10405	28.5	0.013932	126x126+379+229	0.042674	0.011253	180x104+174+245	0.075182	0.000052	0.000000	0.439924	0.000000	0.038308	0.000000
437	376	1786601198713	376.372	0.851	10413	28.7	0.013932	126x126+379+229	0.042674	0.011253	180x104+174+245	0.075202	0.000052	0.000000	0.440038	0.000000	0.039243	0.000000
438	377	1786601199569	377.228	0.836	10421	28.6	0.013932	126x126+379+229	0.042674	0.011253	180x104+174+245	0.075208	0.000052	0.000000	0.440076	0.000000	0.039243	0.000000
439	377	1786601200410	378.069	0.838	10421	28.6	0.013932	126x126+379+229	0.042674	0.011253	178x104+174+245	0.075124	0.000052	0.000000	0.439581	0.000000	0.039243	0.000000
440	378	1786601201253	378.912	0.855	10429	28.7	0.013932	126x126+379+229	0.042674	0.011253	178x104+174+245	0.075124	0.000052	0.000000	0.439581	0.000000	0.039243	0.000000
441	379	1786601202113	379.772	0.860	10437	30.6	0.013932	126x126+379+229	0.042674	0.011260	179x104+174+245	0.075228	0.000052	0.000000	0.440190	0.000000	0.040748	0.000000
442	380	1786601202978	380.637	0.850	10445	30.3	0.013932	126x126+379+229	0.042674	0.011260	179x104+174+245	0.075212	0.000052	0.000000	0.440095	0.000000	0.031147	0.000000
443	381	1786601203834	381.493	0.843	10454	30.6	0.013932	126x126+379+229	0.042674	0.011260	179x104+174+245	0.075202	0.000052	0.000000	0.440038	0.000000	0.040748	0.000000
444	382	1786601204681	382.340	0.844	10462	26.9	0.013932	126x126+379+229	0.042674	0.011260	179x104+174+245	0.075202	0.000052	0.000000	0.440038	0.000000	0.031147	0.000000
445	383	1786601205530	383.189	0.844	10470	26.9	0.013932	126x126+379+229	0.042674	0.010313	169x104+174+245	0.076315	0.000052	0.000000	0.446552	0.000000	0.033270	0.000000
446	383	1786601206379	384.038	0.859	10470	26.9	0.013932	126x126+379+229	0.042674	0.010313	169x104+174+245	0.076322	0.000052	0.000000	0.446590	0.000000	0.033270	0.000000
447	384	1786601207243	384.903	0.827	10477	26.7	0.013932	126x126+379+229	0.042674	0.011572	178x104+174+245	0.074831	0.000052	0.000000	0.437867	0.000000	0.033270	0.000000
448	385	1786601208075	385.734	0.839	10485	27.0	0.013932	126x126+379+229	0.042674	0.011572	178x104+174+245	0.074831	0.000052	0.000000	0.437867	0.000000	0.033270	0.000000
449	386	1786601208919	386.578	0.879	10492	27.2	0.013932	126x126+379+229	0.042674	0.011572	178x104+174+245	0.074831	0.000052	0.000000	0.437867	0.000000	0.033270	0.000000
450	387	1786601209802	387.461	0.850	10500	27.0	0.013932	126x126+379+229	0.042674	0.011572	178x104+174+245	0.074831	0.000052	0.000000	0.437867	0.000000	0.033270	0.000000
451	388	1786601210658	388.317	0.853	10507	27.0	0.013932	126x126+379+229	0.042674	0.012666	178x104+174+245	0.073441	0.000052	0.000000	0.429733	0.000000	0.033270	0.000000
452	388	1786601211515	389.174	0.843	10507	27.0	0.013932	126x126+379+229	0.042674	0.012666	178x104+174+245	0.073441	0.000052	0.000000	0.429733	0.000000	0.033270	0.000000
453	389	1786601212364	390.023	0.865	10515	27.2	0.013932	126x126+379+229	0.042674	0.012666	178x104+174+245	0.073441	0.000052	0.000000	0.429733	0.000000	0.033270	0.000000
454	390	1786601213234	390.893	0.854	10522	24.9	0.013932	126x126+379+229	0.042674	0.013079	178x104+174+245	0.072982	0.000052	0.000000	0.427048	0.000000	0.039623	0.000000
455	391	1786601214092	391.751	0.867	10529	25.0	0.013932	126x126+379+229	0.042674	0.013079	178x104+174+245	0.072982	0.000052	0.000000	0.427048	0.000000	0.038530	0.000000
456	392	1786601214964	392.623	0.823	10536	25.1	0.013932	126x126+379+229	0.042674	0.013079	178x104+174+245	0.072979	0.000052	0.000000	0.427029	0.000000	0.038530	0.000000
457	393	1786601215792	393.451	0.832	10543	24.9	0.013932	126x126+379+229	0.042674	0.013079	178x104+174+245	0.072949	0.000052	0.000000	0.426857	0.000000	0.038530	0.000000
458	393	1786601216629	394.288	0.818	10543	24.9	0.013932	126x126+379+229	0.042674	0.011875	176x104+174+245	0.074404	0.000052	0.000000	0.435371	0.000000	0.038530	0.000000
459	394	1786601217452	395.111	0.861	10550	22.1	0.013932	126x126+379+229	0.042674	0.011875	176x104+174+245	0.074395	0.000052	0.000000	0.435314	0.000000	0.038371	0.000000
460	395	1786601218318	395.977	0.865	10556	21.8	0.013932	126x126+379+229	0.042674	0.012741	179x104+174+245	0.073291	0.000052	0.000000	0.428857	0.000000	0.038435	0.000000
461	396	1786601219187	396.846	0.866	10562	22.1	0.013932	126x126+379+229	0.042674	0.012741	179x104+174+245	0.073285	0.000052	0.000000	0.428819	0.000000	0.038435	0.000000
462	397	1786601220059	397.718	0.842	10568	21.8	0.013932	126x126+379+229	0.042674	0.012741	179x104+174+245	0.073281	0.000052	0.000000	0.428800	0.000000	0.038435	0.000000
463	398	1786601220906	398.565	0.827	10574	22.1	0.013932	126x126+379+229	0.042674	0.012741	179x104+174+245	0.073278	0.000052	0.000000	0.428781	0.000000	0.038435	0.000000
464	398	1786601221738	399.397	0.844	10574	22.1	0.013932	126x126+379+229	0.042674	0.012581	179x104+174+245	0.073421	0.000052	0.000000	0.429619	0.000000	0.038435	0.000000
465	399	1786601222587	400.246	0.854	10580	28.1	0.013932	126x126+379+229	0.042674	0.012581	179x104+174+245	0.073441	0.000052	0.000000	0.429733	0.000000	0.033270	0.000000
466	400	1786601223446	401.105	0.837	10588	28.3	0.013932	126x126+379+229	0.042674	0.012581	179x104+174+245	0.073457	0.000052	0.000000	0.429829	0.000000	0.042633	0.000000
467	401	1786601224288	401.947	0.826	10596	28.1	0.013932	126x126+379+229	0.042674	0.012520	180x104+174+245	0.073633	0.000052	0.000000	0.430857	0.000000	0.042633	0.000000
468	402	1786601225119	402.778	0.823	10604	28.3	0.013932	126x126+379+229	0.042674	0.012520	180x104+174+245	0.073656	0.000052	0.000000	0.430990	0.000000	0.042633	0.000000
469	403	1786601225947	403.606	0.820	10612	29.9	0.013932	126x126+379+229	0.042674	0.012520	180x104+174+245	0.073665	0.000052	0.000000	0.431048	0.000000	0.042633	0.000000
470	403	1786601226772	404.431	0.843	10612	29.9	0.013932	126x126+379+229	0.042674	0.012520	180x104+174+245	0.073662	0.000052	0.000000	0.431029	0.000000	0.040748	0.000000
471	404	1786601227620	405.279	0.868	10620	30.1	0.013932	126x126+379+229	0.042674	0.012520	178x104+174+245	0.073555	0.000052	0.000000	0.430400	0.000000	0.040748	0.000000
472	405	1786601228492	406.151	0.823	10628	30.2	0.013932	126x126+379+229	0.042674	0.012520	178x104+174+245	0.073548	0.000052	0.000000	0.430362	0.000000	0.040748	0.000000
473	406	1786601229320	406.979	0.872	10637	29.9	0.013932	126x126+379+229	0.042674	0.012520	178x104+174+245	0.073548	0.000052	0.000000	0.430362	0.000000	0.040748	0.000000
474	407	1786601230197	407.856	0.809	10645	28.9	0.013932	126x126+379+229	0.042674	0.012520	178x104+174+245	0.073548	0.000052	0.000000	0.430362	0.000000	0.040748	0.000000
475	408	1786601231011	408.670	0.836	10653	28.6	0.013932	126x126+379+229	0.042674	0.012526	179x104+174+245	0.073652	0.000052	0.000000	0.430971	0.000000	0.039243	0.000000
476	408	1786601231852	409.511	0.844	10653	28.6	0.013932	126x126+379+229	0.042674	0.012526	179x104+174+245	0.073682	0.000052	0.000000	0.431143	0.000000	0.039243	0.000000
477	409	1786601232701	410.360	0.880	10661	28.6	0.013932	126x126+379+229	0.042674	0.012526	179x104+174+245	0.073685	0.000052	0.000000	0.431162	0.000000	0.039243	0.000000
478	410	1786601233586	411.245	0.854	10669	28.9	0.013932	126x126+379+229	0.042674	0.012526	179x104+174+245	0.073685	0.000052	0.000000	0.431162	0.000000	0.039243	0.000000
479	411	1786601234445	412.104	0.868	10677	26.7	0.013932	126x126+379+229	0.042674	0.011579	169x104+174+245	0.074769	0.000052	0.000000	0.437505	0.000000	0.042633	0.000000
480	412	1786601235318	412.977	0.849	10684	26.8	0.013932	126x126+379+229	0.042674	0.011579	169x104+174+245	0.074782	0.000052	0.000000	0.437581	0.000000	0.033270	0.000000
481	413	1786601236173	413.832	0.875	10692	27.0	0.013932	126x126+379+229	0.042674	0.011579	169x104+174+245	0.074759	0.000052	0.000000	0.437448	0.000000	0.033270	0.000000
482	413	1786601237053	414.712	0.856	10692	27.0	0.013932	126x126+379+229	0.042674	0.011579	169x104+174+245	0.074730	0.000052	0.000000	0.437276	0.000000	0.033270	0.000000
483	414	1786601237914	415.573	0.864	10699	26.8	0.013932	126x126+379+229	0.042674	0.012839	178x104+174+245	0.073223	0.000052	0.000000	0.428457	0.000000	0.033270	0.000000
484	415	1786601238784	416.443	0.863	10707	18.9	0.013932	126x126+379+229	0.042674	0.012839	178x104+174+245	0.073213	0.000052	0.000000	0.428400	0.000000	0.031210	0.000000
485	416	1786601239652	417.311	0.864	10712	18.7	0.013932	126x126+379+229	0.042674	0.012839	178x104+174+245	0.073213	0.000052	0.000000	0.428400	0.000000	0.032018	0.000000
486	417	1786601240521	418.180	0.829	10717	19.0	0.013932	126x126+379+229	0.042674	0.011009	138x104+194+245	0.075361	0.000052	0.000000	0.440971	0.000000	0.032018	0.000000
487	418	1786601241355	419.014	0.847	10723	18.7	0.013932	126x126+379+229	0.042674	0.011009	138x104+194+245	0.075361	0.000052	0.000000	0.440971	0.000000	0.032018	0.000000
488	419	1786601242207	419.866	0.826	10728	18.9	0.013932	126x126+379+229	0.042674	0.011009	138x104+194+245	0.075355	0.000052	0.000000	0.440933	0.000000	0.032018	0.000000
489	419	1786601243037	420.696	0.840	10728	18.9	0.013932	126x126+379+229	0.042674	0.011009	138x104+194+245	0.075381	0.000052	0.000000	0.441086	0.000000	0.032018	0.000000
490	420	1786601243882	421.541	0.892	10733	11.4	0.013932	126x126+379+229	0.042674	0.011439	138x104+194+245	0.074909	0.000052	0.000000	0.438324	0.000000	0.031147	0.000000
491	421	1786601244779	422.438	0.818	10736	11.1	0.013932	126x126+379+229	0.042674	0.011439	138x104+194+245	0.074909	0.000052	0.000000	0.438324	0.000000	0.023986	0.000000
492	422	1786601245603	423.262	0.835	10739	11.3	0.013932	126x126+379+229	0.042674	0.011439	138x104+194+245	0.074935	0.000052	0.000000	0.438476	0.000000	0.023986	0.000000
493	423	1786601246444	424.103	0.837	10742	11.4	0.013932	126x126+379+229	0.042674	0.011439	138x104+194+245	0.074935	0.000052	0.000000	0.438476	0.000000	0.023986	0.000000
494	424	1786601247286	424.945	0.824	10746	11.3	0.013932	126x126+379+229	0.042674	0.010342	139x104+194+245	0.076283	0.000052	0.000000	0.446362	0.000000	0.023986	0.000000
495	424	1786601248114	425.773	0.793	10746	11.3	0.013932	126x126+379+229	0.042674	0.010342	139x104+194+245	0.076283	0.000052	0.000000	0.446362	0.000000	0.023986	0.000000
496	425	1786601248912	426.571	0.822	10749	11.1	0.013932	126x126+379+229	0.042674	0.010342	139x104+194+245	0.076296	0.000052	0.000000	0.446438	0.000000	0.023986	0.000000
497	426	1786601249739	427.398	0.843	10752	11.4	0.013932	126x126+379+229	0.042674	0.011084	139x104+194+245	0.075374	0.000052	0.000000	0.441048	0.000000	0.023986	0.000000
498	427	1786601250588	428.247	0.854	10755	11.3	0.013932	126x126+379+229	0.042674	0.011084	139x104+194+245	0.075374	0.000052	0.000000	0.441048	0.000000	0.023986	0.000000
499	428	1786601251447	429.106	0.841	10758	11.2	0.013932	126x126+379+229	0.042674	0.011084	139x104+194+245	0.075378	0.000052	0.000000	0.441067	0.000000	0.023986	0.000000
500	428	1786601252292	429.951	0.850	10758	11.2	0.013932	126x126+379+229	0.042674	0.011084	139x104+194+245	0.075374	0.000052	0.000000	0.441048	0.000000	0.023986	0.000000
501	429	1786601253147	430.806	0.844	10761	15.4	0.013932	126x126+379+229	0.042674	0.010999	139x104+194+245	0.075410	0.000052	0.000000	0.441257	0.000000	0.031305	0.000000
502	430	1786601253996	431.655	0.829	10766	15.5	0.013932	126x126+379+229	0.042674	0.010999	139x104+194+245	0.075410	0.000052	0.000000	0.441257	0.000000	0.032399	0.000000
503	431	1786601254830	432.489	0.827	10770	15.4	0.013932	126x126+379+229	0.042674	0.010999	139x104+194+245	0.075410	0.000052	0.000000	0.441257	0.000000	0.031305	0.000000
504	432	1786601255662	433.321	0.822	10774	15.5	0.013932	126x126+379+229	0.042674	0.010999	139x104+194+245	0.075410	0.000052	0.000000	0.441257	0.000000	0.031305	0.000000
505	433	1786601256489	434.149	0.838	10778	15.2	0.013932	126x126+379+229	0.042674	0.010999	139x104+194+245	0.075410	0.000052	0.000000	0.441257	0.000000	0.032399	0.000000
506	433	1786601257332	434.991	0.852	10778	15.2	0.013932	126x126+379+229	0.042674	0.010876	140x104+194+245	0.075661	0.000052	0.000000	0.442724	0.000000	0.031305	0.000000
507	434	1786601258189	435.848	0.828	10783	15.5	0.013932	126x126+379+229	0.042674	0.010876	140x104+194+245	0.075661	0.000052	0.000000	0.442724	0.000000	0.032399	0.000000
508	435	1786601259023	436.682	0.919	10787	20.0	0.013932	126x126+379+229	0.042674	0.010876	140x104+194+245	0.075661	0.000052	0.000000	0.442724	0.000000	0.035409	0.000000
509	436	1786601259948	437.607	0.820	10793	19.8	0.013932	126x126+379+229	0.042674	0.010882	138x104+194+245	0.075563	0.000052	0.000000	0.442152	0.000000	0.040811	0.000000
510	437	1786601260773	438.432	0.844	10798	20.0	0.013932	126x126+379+229	0.042674	0.010882	138x104+194+245	0.075563	0.000052	0.000000	0.442152	0.000000	0.040811	0.000000
511	438	1786601261621	439.280	0.849	10804	20.0	0.013932	126x126+379+229	0.042674	0.010882	138x104+194+245	0.075563	0.000052	0.000000	0.442152	0.000000	0.040811	0.000000
512	438	1786601262475	440.134	0.830	10804	20.0	0.013932	126x126+379+229	0.042674	0.010882	138x104+194+245	0.075563	0.000052	0.000000	0.442152	0.000000	0.040811	0.000000
513	439	1786601263310	440.969	0.839	10809	19.9	0.013932	126x126+379+229	0.042674	0.010882	138x104+194+245	0.075563	0.000052	0.000000	0.442152	0.000000	0.040811	0.000000
514	440	1786601264153	441.812	0.831	10815	26.3	0.013932	126x126+379+229	0.042674	0.010882	139x104+194+245	0.075671	0.000052	0.000000	0.442781	0.000000	0.038720	0.000000
515	441	1786601264989	442.648	0.857	10822	26.4	0.013932	126x126+379+229	0.042674	0.010882	139x104+194+245	0.075671	0.000052	0.000000	0.442781	0.000000	0.039623	0.000000
516	442	1786601265851	443.510	0.826	10829	26.1	0.013932	126x126+379+229	0.042674	0.010882	139x104+194+245	0.075671	0.000052	0.000000	0.442781	0.000000	0.039623	0.000000
517	443	1786601266682	444.341	0.846	10837	26.4	0.013932	126x126+379+229	0.042674	0.010882	139x104+194+245	0.075671	0.000052	0.000000	0.442781	0.000000	0.039623	0.000000
518	443	1786601267533	445.192	0.856	10837	26.4	0.013932	126x126+379+229	0.042674	0.010882	139x104+194+245	0.075671	0.000052	0.000000	0.442781	0.000000	0.039623	0.000000
519	444	1786601268394	446.053	0.834	10844	26.2	0.013932	126x126+379+229	0.042674	0.009922	131x104+194+245	0.076813	0.000052	0.000000	0.449467	0.000000	0.039623	0.000000
520	445	1786601269233	446.892	0.838	10851	26.3	0.013932	126x126+379+229	0.042674	0.009922	131x104+194+245	0.076813	0.000052	0.000000	0.449467	0.000000	0.039623	0.000000
521	446	1786601270076	447.735	0.859	10859	26.2	0.013932	126x126+379+229	0.042674	0.009922	131x104+194+245	0.076813	0.000052	0.000000	0.449467	0.000000	0.039623	0.000000
522	447	1786601270940	448.599	0.829	10866	26.3	0.013932	126x126+379+229	0.042674	0.009922	131x104+194+245	0.076813	0.000052	0.000000	0.449467	0.000000	0.039623	0.000000
523	448	1786601271774	449.433	0.817	10873	23.4	0.013932	126x126+379+229	0.042674	0.009922	131x104+194+245	0.076813	0.000052	0.000000	0.449467	0.000000	0.039623	0.000000
524	448	1786601272597	450.256	0.859	10873	23.4	0.013932	126x126+379+229	0.042674	0.011188	138x104+194+245	0.075270	0.000052	0.000000	0.440438	0.000000	0.038720	0.000000
525	449	1786601273460	451.120	0.856	10880	23.0	0.013932	126x126+379+229	0.042674	0.011188	138x104+194+245	0.075270	0.000052	0.000000	0.440438	0.000000	0.038371	0.000000
526	450	1786601274321	451.980	0.805	10886	23.4	0.013932	126x126+379+229	0.042674	0.011188	138x104+194+245	0.075270	0.000052	0.000000	0.440438	0.000000	0.038371	0.000000
527	451	1786601275132	452.791	0.829	10892	23.3	0.013932	126x126+379+229	0.042674	0.011188	138x104+194+245	0.075270	0.000052	0.000000	0.440438	0.000000	0.038371	0.000000
528	452	1786601275966	453.625	0.856	10899	23.3	0.013932	126x126+379+229	0.042674	0.011188	138x104+194+245	0.075234	0.000052	0.000000	0.440229	0.000000	0.038371	0.000000
529	453	1786601276827	454.486	0.815	10905	23.5	0.013932	126x126+379+229	0.042674	0.011188	138x104+194+245	0.075251	0.000052	0.000000	0.440324	0.000000	0.038371	0.000000
530	453	1786601277648	455.307	0.854	10905	23.5	0.013932	126x126+379+229	0.042674	0.011439	138x104+194+245	0.074941	0.000052	0.000000	0.438514	0.000000	0.038720	0.000000
531	454	1786601278507	456.166	0.847	10912	23.3	0.013932	126x126+379+229	0.042674	0.011439	138x104+194+245	0.074948	0.000052	0.000000	0.438552	0.000000	0.038371	0.000000
532	455	1786601279359	457.019	0.795	10918	23.5	0.013932	126x126+379+229	0.042674	0.011439	138x104+194+245	0.074961	0.000052	0.000000	0.438629	0.000000	0.038720	0.000000
533	456	1786601280160	457.819	0.853	10925	22.6	0.013932	126x126+379+229	0.042674	0.011439	138x104+194+245	0.074958	0.000052	0.000000	0.438610	0.000000	0.038720	0.000000
534	457	1786601281017	458.676	0.822	10931	22.3	0.013932	126x126+379+229	0.042674	0.011439	138x104+194+245	0.074961	0.000052	0.000000	0.438629	0.000000	0.038371	0.000000
535	457	1786601281844	459.503	0.814	10931	22.3	0.013932	126x126+379+229	0.042674	0.011868	138x104+194+245	0.074482	0.000052	0.000000	0.435829	0.000000	0.038435	0.000000
536	458	1786601282663	460.322	0.847	10937	22.6	0.013932	126x126+379+229	0.042674	0.011868	138x104+194+245	0.074482	0.000052	0.000000	0.435829	0.000000	0.038371	0.000000
537	459	1786601283515	461.174	0.821	10944	22.6	0.013932	126x126+379+229	0.042674	0.011868	138x104+194+245	0.074482	0.000052	0.000000	0.435829	0.000000	0.038371	0.000000
538	460	1786601284342	462.001	0.846	10950	20.4	0.013932	126x126+379+229	0.042674	0.011868	138x104+194+245	0.074482	0.000052	0.000000	0.435829	0.000000	0.038435	0.000000
539	461	1786601285193	462.852	0.816	10956	20.7	0.013932	126x126+379+229	0.042674	0.011868	138x104+194+245	0.074482	0.000052	0.000000	0.435829	0.000000	0.040811	0.000000
540	462	1786601286013	463.672	0.815	10961	20.6	0.013932	126x126+379+229	0.042674	0.010771	139x104+194+245	0.075824	0.000052	0.000000	0.443676	0.000000	0.031210	0.000000
541	462	1786601286833	464.492	0.877	10961	20.6	0.013932	126x126+379+229	0.042674	0.010771	139x104+194+245	0.075824	0.000052	0.000000	0.443676	0.000000	0.031210	0.000000
542	463	1786601287715	465.375	0.831	10967	20.6	0.013932	126x126+379+229	0.042674	0.010771	139x104+194+245	0.075824	0.000052	0.000000	0.443676	0.000000	0.031210	0.000000
543	464	1786601288552	466.211	0.830	10973	20.6	0.013932	126x126+379+229	0.042674	0.010771	139x104+194+245	0.075824	0.000052	0.000000	0.443676	0.000000	0.031210	0.000000
544	465	1786601289387	467.046	0.818	10979	23.0	0.013932	126x126+379+229	0.042674	0.010771	139x104+194+245	0.075824	0.000052	0.000000	0.443676	0.000000	0.031210	0.000000
545	466	1786601290210	467.869	0.818	10985	22.9	0.013932	126x126+379+229	0.042674	0.010771	139x104+194+245	0.075824	0.000052	0.000000	0.443676	0.000000	0.038371	0.000000
546	466	1786601291033	468.692	0.813	10985	22.9	0.013932	126x126+379+229	0.042674	0.011514	139x104+194+245	0.074902	0.000052	0.000000	0.438286	0.000000	0.038371	0.000000
547	467	1786601291851	469.510	0.841	10991	22.9	0.013932	126x126+379+229	0.042674	0.011514	139x104+194+245	0.074902	0.000052	0.000000	0.438286	0.000000	0.038371	0.000000
548	468	1786601292697	470.356	0.805	10998	23.0	0.013932	126x126+379+229	0.042674	0.011514	139x104+194+245	0.074902	0.000052	0.000000	0.438286	0.000000	0.038371	0.000000
549	469	1786601293506	471.165	0.808	11004	22.7	0.013932	126x126+379+229	0.042674	0.011514	139x104+194+245	0.074899	0.000052	0.000000	0.438267	0.000000	0.038371	0.000000
550	470	1786601294319	471.978	0.839	11010	22.8	0.013932	126x126+379+229	0.042674	0.011514	139x104+194+245	0.074902	0.000052	0.000000	0.438286	0.000000	0.038371	0.000000
551	471	1786601295164	472.823	0.815	11017	22.9	0.013932	126x126+379+229	0.042674	0.011514	139x104+194+245	0.074902	0.000052	0.000000	0.438286	0.000000	0.038371	0.000000
552	471	1786601295984	473.643	0.837	11017	22.9	0.013932	126x126+379+229	0.042674	0.011429	139x104+194+245	0.074928	0.000052	0.000000	0.438438	0.000000	0.038371	0.000000
553	472	1786601296825	474.484	0.822	11023	22.8	0.013932	126x126+379+229	0.042674	0.011429	139x104+194+245	0.074928	0.000052	0.000000	0.438438	0.000000	0.038371	0.000000
554	473	1786601297653	475.312	0.838	11029	19.2	0.013932	126x126+379+229	0.042674	0.011429	139x104+194+245	0.074928	0.000052	0.000000	0.438438	0.000000	0.031210	0.000000
555	474	1786601298496	476.155	0.838	11035	19.4	0.013932	126x126+379+229	0.042674	0.011429	139x104+194+245	0.074928	0.000052	0.000000	0.438438	0.000000	0.032018	0.000000
556	475	1786601299340	476.999	0.801	11040	19.2	0.013932	126x126+379+229	0.042674	0.011429	139x104+194+245	0.074928	0.000052	0.000000	0.438438	0.000000	0.032018	0.000000
557	475	1786601300146	477.805	0.842	11040	19.2	0.013932	126x126+379+229	0.042674	0.011305	140x104+194+245	0.075179	0.000052	0.000000	0.439905	0.000000	0.032018	0.000000
558	476	1786601300992	478.652	0.824	11045	19.2	0.013932	126x126+379+229	0.042674	0.011305	140x104+194+245	0.075179	0.000052	0.000000	0.439905	0.000000	0.032018	0.000000
559	477	1786601301822	479.481	0.825	11051	19.2	0.013932	126x126+379+229	0.042674	0.011305	140x104+194+245	0.075179	0.000052	0.000000	0.439905	0.000000	0.032018	0.000000
560	478	1786601302651	480.310	0.816	11056	22.4	0.013932	126x126+379+229	0.042674	0.011305	140x104+194+245	0.075179	0.000052	0.000000	0.439905	0.000000	0.040811	0.000000
561	479	1786601303473	481.132	0.874	11062	22.3	0.013932	126x126+379+229	0.042674	0.011305	140x104+194+245	0.075179	0.000052	0.000000	0.439905	0.000000	0.038371	0.000000
562	480	1786601304352	482.011	0.863	11069	22.4	0.013932	126x126+379+229	0.042674	0.011305	140x104+194+245	0.075179	0.000052	0.000000	0.439905	0.000000	0.038435	0.000000
563	480	1786601305221	482.880	0.897	11069	22.4	0.013932	126x126+379+229	0.042674	0.011312	138x104+194+245	0.075081	0.000052	0.000000	0.439333	0.000000	0.038371	0.000000
564	481	1786601306123	483.782	0.832	11075	22.4	0.013932	126x126+379+229	0.042674	0.011312	138x104+194+245	0.075081	0.000052	0.000000	0.439333	0.000000	0.038371	0.000000
565	482	1786601306960	484.619	0.874	11081	22.3	0.013932	126x126+379+229	0.042674	0.011312	138x104+194+245	0.075081	0.000052	0.000000	0.439333	0.000000	0.038435	0.000000
566	483	1786601307840	485.499	0.912	11087	22.2	0.013932	126x126+379+229	0.042674	0.011312	138x104+194+245	0.075081	0.000052	0.000000	0.439333	0.000000	0.038435	0.000000
567	484	1786601308757	486.416	0.893	11093	22.4	0.013932	126x126+379+229	0.042674	0.011312	138x104+194+245	0.075081	0.000052	0.000000	0.439333	0.000000	0.038435	0.000000
568	485	1786601309655	487.314	0.864	11100	22.2	0.013932	126x126+379+229	0.042674	0.011312	139x104+194+245	0.075189	0.000052	0.000000	0.439962	0.000000	0.038371	0.000000
569	486	1786601310525	488.184	0.872	11106	22.2	0.013932	126x126+379+229	0.042674	0.011312	139x104+194+245	0.075189	0.000052	0.000000	0.439962	0.000000	0.038435	0.000000
570	486	1786601311402	489.061	0.893	11106	22.2	0.013932	126x126+379+229	0.042674	0.011312	139x104+194+245	0.075189	0.000052	0.000000	0.439962	0.000000	0.038435	0.000000
571	487	1786601312299	489.958	0.909	11112	22.2	0.013932	126x126+379+229	0.042674	0.011312	139x104+194+245	0.075189	0.000052	0.000000	0.439962	0.000000	0.038435	0.000000
572	488	1786601313214	490.873	0.885	11118	26.9	0.013932	126x126+379+229	0.042674	0.011312	139x104+194+245	0.075189	0.000052	0.000000	0.439962	0.000000	0.039623	0.000000
573	489	1786601314103	491.762	0.866	11126	26.7	0.013932	126x126+379+229	0.042674	0.011312	139x104+194+245	0.075189	0.000052	0.000000	0.439962	0.000000	0.033270	0.000000
574	490	1786601314974	492.633	0.924	11133	26.7	0.013932	126x126+379+229	0.042674	0.011312	139x104+194+245	0.075189	0.000052	0.000000	0.439962	0.000000	0.033270	0.000000
575	491	1786601315903	493.562	0.903	11140	26.7	0.013932	126x126+379+229	0.042674	0.010352	131x104+194+245	0.076331	0.000052	0.000000	0.446648	0.000000	0.033270	0.000000
576	492	1786601316811	494.470	0.876	11148	29.0	0.013932	126x126+379+229	0.042674	0.010352	131x104+194+245	0.076328	0.000052	0.000000	0.446629	0.000000	0.033270	0.000000
577	493	1786601317692	495.351	0.933	11156	29.2	0.013932	126x126+379+229	0.042674	0.010352	131x104+194+245	0.076325	0.000052	0.000000	0.446610	0.000000	0.039243	0.000000
578	494	1786601318630	496.289	0.905	11164	29.0	0.013932	126x126+379+229	0.042674	0.010352	131x104+194+245	0.076312	0.000052	0.000000	0.446533	0.000000	0.039243	0.000000
579	494	1786601319539	497.198	0.905	11164	29.0	0.013932	126x126+379+229	0.042674	0.010352	131x104+194+245	0.076302	0.000052	0.000000	0.446476	0.000000	0.039243	0.000000
580	495	1786601320450	498.109	0.869	11172	29.0	0.013932	126x126+379+229	0.042674	0.010352	131x104+194+245	0.076302	0.000052	0.000000	0.446476	0.000000	0.039243	0.000000
581	496	1786601321324	498.983	0.858	11180	32.1	0.013932	126x126+379+229	0.042674	0.010352	131x104+194+245	0.076302	0.000052	0.000000	0.446476	0.000000	0.031147	0.000000
582	497	1786601322187	499.846	0.874	11189	32.1	0.013932	126x126+379+229	0.042674	0.011618	138x104+194+245	0.074759	0.000052	0.000000	0.437448	0.000000	0.038371	0.000000
583	498	1786601323066	500.725	0.878	11198	32.1	0.013932	126x126+379+229	0.042674	0.011618	138x104+194+245	0.074759	0.000052	0.000000	0.437448	0.000000	0.038371	0.000000
584	499	1786601323949	501.608	0.894	11207	31.6	0.013932	126x126+379+229	0.042674	0.011618	138x104+194+245	0.074759	0.000052	0.000000	0.437448	0.000000	0.038371	0.000000
585	500	1786601324849	502.508	0.890	11216	31.6	0.013932	126x126+379+229	0.042674	0.011618	138x104+194+245	0.074759	0.000052	0.000000	0.437448	0.000000	0.038371	0.000000
586	501	1786601325744	503.403	0.889	11224	31.3	0.013932	126x126+379+229	0.042674	0.011618	138x104+194+245	0.074759	0.000052	0.000000	0.437448	0.000000	0.038371	0.000000
587	501	1786601326638	504.297	0.917	11224	31.3	0.013932	126x126+379+229	0.042674	0.011618	138x104+194+245	0.074759	0.000052	0.000000	0.437448	0.000000	0.031147	0.000000
588	502	1786601327560	505.219	0.854	11233	30.1	0.013932	126x126+379+229	0.042674	0.011618	138x104+194+245	0.074759	0.000052	0.000000	0.437448	0.000000	0.040748	0.000000
589	503	1786601328419	506.078	0.899	11241	30.0	0.013932	126x126+379+229	0.042674	0.011618	138x104+194+245	0.074759	0.000052	0.000000	0.437448	0.000000	0.040748	0.000000
590	504	1786601329324	506.983	0.835	11250	30.0	0.013932	126x126+379+229	0.042674	0.010342	138x104+194+245	0.076276	0.000052	0.000000	0.446324	0.000000	0.040748	0.000000
591	505	1786601330164	507.823	0.891	11258	34.7	0.013932	126x126+379+229	0.042674	0.010342	138x104+194+245	0.076276	0.000052	0.000000	0.446324	0.000000	0.040748	0.000000
592	506	1786601331060	508.719	0.877	11268	34.8	0.013932	126x126+379+229	0.042674	0.010342	138x104+194+245	0.076276	0.000052	0.000000	0.446324	0.000000	0.038466	0.000000
593	507	1786601331942	509.601	0.871	11277	34.5	0.013932	126x126+379+229	0.042674	0.010342	138x104+194+245	0.076276	0.000052	0.000000	0.446324	0.000000	0.038466	0.000000
594	507	1786601332817	510.476	0.864	11277	34.5	0.013932	126x126+379+229	0.042674	0.010342	138x104+194+245	0.076276	0.000052	0.000000	0.446324	0.000000	0.038466	0.000000
595	508	1786601333686	511.345	0.888	11287	34.8	0.013932	126x126+379+229	0.042674	0.010342	138x104+194+245	0.076276	0.000052	0.000000	0.446324	0.000000	0.038466	0.000000
596	509	1786601334579	512.238	0.844	11297	35.6	0.013932	126x126+379+229	0.042674	0.010342	138x104+194+245	0.076276	0.000052	0.000000	0.446324	0.000000	0.039560	0.000000
597	510	1786601335428	513.087	0.872	11307	35.7	0.013932	126x126+379+229	0.042674	0.010342	138x104+194+245	0.076276	0.000052	0.000000	0.446324	0.000000	0.039560	0.000000
598	511	1786601336305	513.964	0.925	11317	35.7	0.013932	126x126+379+229	0.042674	0.010342	138x104+194+245	0.076276	0.000052	0.000000	0.446324	0.000000	0.039560	0.000000
599	512	1786601337235	514.894	0.892	11326	32.3	0.013932	126x126+379+229	0.042674	0.010771	138x104+194+245	0.075794	0.000052	0.000000	0.443505	0.000000	0.038466	0.000000
600	513	1786601338133	515.792	0.893	11335	32.4	0.013932	126x126+379+229	0.042674	0.010771	138x104+194+245	0.075794	0.000052	0.000000	0.443505	0.000000	0.038308	0.000000
601	514	1786601339031	516.690	0.916	11344	32.4	0.013932	126x126+379+229	0.042674	0.010771	138x104+194+245	0.075794	0.000052	0.000000	0.443505	0.000000	0.038308	0.000000
602	514	1786601339952	517.611	0.880	11344	32.4	0.013932	126x126+379+229	0.042674	0.010771	138x104+194+245	0.075794	0.000052	0.000000	0.443505	0.000000	0.038308	0.000000
603	515	1786601340838	518.497	0.898	11353	35.0	0.013932	126x126+379+229	0.042674	0.010771	138x104+194+245	0.075794	0.000052	0.000000	0.443505	0.000000	0.038466	0.000000
604	516	1786601341740	519.399	0.878	11363	35.2	0.013932	126x126+379+229	0.042674	0.010771	138x104+194+245	0.075794	0.000052	0.000000	0.443505	0.000000	0.038466	0.000000
605	517	1786601342623	520.282	0.902	11373	35.0	0.013932	126x126+379+229	0.042674	0.010771	138x104+194+245	0.075794	0.000052	0.000000	0.443505	0.000000	0.038466	0.000000
606	518	1786601343531	521.190	0.880	11383	36.1	0.013932	126x126+379+229	0.042674	0.010771	138x104+194+245	0.075794	0.000052	0.000000	0.443505	0.000000	0.039560	0.000000
607	519	1786601344416	522.075	0.854	11393	35.7	0.013932	126x126+379+229	0.042674	0.009674	139x104+194+245	0.077135	0.000052	0.000000	0.451352	0.000000	0.039560	0.000000
608	520	1786601345275	522.934	0.879	11403	36.0	0.013932	126x126+379+229	0.042674	0.009674	139x104+194+245	0.077135	0.000052	0.000000	0.451352	0.000000	0.039560	0.000000
609	521	1786601346159	523.818	0.911	11413	31.2	0.013932	126x126+379+229	0.042674	0.009674	139x104+194+245	0.077135	0.000052	0.000000	0.451352	0.000000	0.039560	0.000000
610	521	1786601347075	524.734	0.897	11413	31.2	0.013932	126x126+379+229	0.042674	0.009674	139x104+194+245	0.077135	0.000052	0.000000	0.451352	0.000000	0.038371	0.000000
611	522	1786601347977	525.636	0.910	11421	31.2	0.013932	126x126+379+229	0.042674	0.009674	139x104+194+245	0.077135	0.000052	0.000000	0.451352	0.000000	0.031147	0.000000
612	523	1786601348892	526.552	0.875	11430	31.1	0.013932	126x126+379+229	0.042674	0.009674	139x104+194+245	0.077135	0.000052	0.000000	0.451352	0.000000	0.031147	0.000000
613	524	1786601349773	527.432	0.905	11439	26.3	0.013932	126x126+379+229	0.042674	0.009674	139x104+194+245	0.077145	0.000052	0.000000	0.451410	0.000000	0.042633	0.000000
614	525	1786601350682	528.342	0.899	11446	26.3	0.013932	126x126+379+229	0.042674	0.009674	139x104+194+245	0.077161	0.000052	0.000000	0.451505	0.000000	0.039623	0.000000
615	526	1786601351586	529.245	0.915	11453	26.3	0.013932	126x126+379+229	0.042674	0.009674	139x104+194+245	0.077161	0.000052	0.000000	0.451505	0.000000	0.039623	0.000000
616	527	1786601352506	530.165	0.882	11460	26.6	0.013932	126x126+379+229	0.042674	0.010417	139x104+194+245	0.076240	0.000052	0.000000	0.446114	0.000000	0.039623	0.000000
617	528	1786601353393	531.052	0.847	11468	26.9	0.013932	126x126+379+229	0.042674	0.010417	139x104+194+245	0.076243	0.000052	0.000000	0.446133	0.000000	0.033270	0.000000
618	529	1786601354245	531.904	0.900	11475	27.0	0.013932	126x126+379+229	0.042674	0.010417	139x104+194+245	0.076243	0.000052	0.000000	0.446133	0.000000	0.033270	0.000000
619	529	1786601355150	532.809	0.877	11475	27.0	0.013932	126x126+379+229	0.042674	0.010417	139x104+194+245	0.076243	0.000052	0.000000	0.446133	0.000000	0.033270	0.000000
620	530	1786601356033	533.692	0.874	11483	27.1	0.013932	126x126+379+229	0.042674	0.010417	139x104+194+245	0.076243	0.000052	0.000000	0.446133	0.000000	0.033270	0.000000
621	531	1786601356912	534.571	0.879	11490	27.1	0.013932	126x126+379+229	0.042674	0.010417	139x104+194+245	0.076243	0.000052	0.000000	0.446133	0.000000	0.033270	0.000000
622	532	1786601357796	535.455	0.876	11498	30.8	0.013932	126x126+379+229	0.042674	0.010417	139x104+194+245	0.076240	0.000052	0.000000	0.446114	0.000000	0.039243	0.000000
623	533	1786601358677	536.336	0.834	11506	30.6	0.013932	126x126+379+229	0.042674	0.010417	139x104+194+245	0.076234	0.000052	0.000000	0.446076	0.000000	0.031147	0.000000
624	534	1786601359516	537.175	0.935	11515	30.8	0.013932	126x126+379+229	0.042674	0.010417	139x104+194+245	0.076224	0.000052	0.000000	0.446019	0.000000	0.031147	0.000000
625	535	1786601360456	538.115	0.878	11524	30.8	0.013932	126x126+379+229	0.042674	0.010417	139x104+194+245	0.076214	0.000052	0.000000	0.445962	0.000000	0.031147	0.000000
626	535	1786601361339	538.998	0.890	11524	30.8	0.013932	126x126+379+229	0.042674	0.010332	139x104+194+245	0.076240	0.000052	0.000000	0.446114	0.000000	0.031147	0.000000
627	536	1786601362235	539.894	0.875	11532	38.8	0.013932	126x126+379+229	0.042674	0.010332	139x104+194+245	0.076240	0.000052	0.000000	0.446114	0.000000	0.042570	0.000000
628	537	1786601363114	540.773	0.873	11543	38.7	0.013932	126x126+379+229	0.042674	0.010332	139x104+194+245	0.076240	0.000052	0.000000	0.446114	0.000000	0.039179	0.000000
629	538	1786601363993	541.652	0.872	11554	38.9	0.013932	126x126+379+229	0.042674	0.010332	139x104+194+245	0.076240	0.000052	0.000000	0.446114	0.000000	0.039179	0.000000
630	539	1786601364869	542.529	0.849	11564	41.7	0.013932	126x126+379+229	0.042674	0.010332	139x104+194+245	0.076240	0.000052	0.000000	0.446114	0.000000	0.039179	0.000000
631	540	1786601365723	543.382	0.869	11576	41.7	0.013932	126x126+379+229	0.042674	0.010332	139x104+194+245	0.076240	0.000052	0.000000	0.446114	0.000000	0.038720	0.000000
632	541	1786601366597	544.256	0.889	11588	41.6	0.013932	126x126+379+229	0.042674	0.010332	139x104+194+245	0.076240	0.000052	0.000000	0.446114	0.000000	0.038720	0.000000
633	542	1786601367491	545.150	0.872	11599	39.3	0.013932	126x126+379+229	0.042674	0.010332	139x104+194+245	0.076240	0.000052	0.000000	0.446114	0.000000	0.038720	0.000000
634	542	1786601368368	546.027	0.895	11599	39.3	0.013932	126x126+379+229	0.042674	0.010332	139x104+194+245	0.076240	0.000052	0.000000	0.446114	0.000000	0.041096	0.000000
635	543	1786601369267	546.927	0.902	11610	39.3	0.013932	126x126+379+229	0.042674	0.000000		0.000000	0.000052	0.000000	0.000000	0.000000	0.039179	0.000000
636	544	1786601370174	547.833	0.846	11621	39.3	0.013932	126x126+379+229	0.042674	0.000000		0.000000	0.000052	0.000000	0.000000	0.000000	0.039179	0.000000
637	545	1786601371025	548.685	0.901	11632	38.9	0.013932	126x126+379+229	0.042674	0.000000		0.000000	0.000052	0.000000	0.000000	0.000000	0.039179	0.000000
638	546	1786601371932	549.591	0.868	11643	38.5	0.013932	126x126+379+229	0.042674	0.011312	138x104+194+245	0.075052	0.000052	0.000000	0.439162	0.000000	0.039179	0.000000
639	547	1786601372804	550.464	0.884	11653	38.9	0.013932	126x126+379+229	0.042674	0.011312	138x104+194+245	0.075052	0.000052	0.000000	0.439162	0.000000	0.039179	0.000000
640	548	1786601373693	551.353	0.875	11664	40.5	0.013932	126x126+379+229	0.042674	0.011312	138x104+194+245	0.075052	0.000052	0.000000	0.439162	0.000000	0.039179	0.000000
641	548	1786601374574	552.233	0.897	11664	40.5	0.013932	126x126+379+229	0.042674	0.011312	138x104+194+245	0.075052	0.000052	0.000000	0.439162	0.000000	0.041096	0.000000
642	549	1786601375477	553.136	0.900	11675	40.5	0.013932	126x126+379+229	0.042674	0.011312	138x104+194+245	0.075052	0.000052	0.000000	0.439162	0.000000	0.031496	0.000000
643	550	1786601376382	554.041	0.897	11687	40.4	0.013932	126x126+379+229	0.042674	0.010882	138x104+194+245	0.075534	0.000052	0.000000	0.441981	0.000000	0.031496	0.000000
644	551	1786601377284	554.943	0.898	11698	39.6	0.013932	126x126+379+229	0.042674	0.010882	138x104+194+245	0.075534	0.000052	0.000000	0.441981	0.000000	0.041096	0.000000
645	552	1786601378187	555.846	0.844	11709	39.6	0.013932	126x126+379+229	0.042674	0.010882	138x104+194+245	0.075534	0.000052	0.000000	0.441981	0.000000	0.041096	0.000000
646	553	1786601379037	556.696	0.896	11720	39.6	0.013932	126x126+379+229	0.042674	0.010882	138x104+194+245	0.075534	0.000052	0.000000	0.441981	0.000000	0.041096	0.000000
647	554	1786601379938	557.597	0.915	11731	36.8	0.013932	126x126+379+229	0.042674	0.010882	138x104+194+245	0.075534	0.000052	0.000000	0.441981	0.000000	0.041096	0.000000
648	555	1786601380857	558.516	0.868	11741	36.8	0.013932	126x126+379+229	0.042674	0.010882	138x104+194+245	0.075534	0.000052	0.000000	0.441981	0.000000	0.033207	0.000000
649	555	1786601381731	559.390	0.858	11741	36.8	0.013932	126x126+379+229	0.042674	0.010882	138x104+194+245	0.075534	0.000052	0.000000	0.441981	0.000000	0.033207	0.000000
650	556	1786601382594	560.253	0.911	11751	36.7	0.013932	126x126+379+229	0.042674	0.011312	138x104+194+245	0.075052	0.000052	0.000000	0.439162	0.000000	0.033207	0.000000
651	557	1786601383510	561.169	0.885	11762	39.9	0.013932	126x126+379+229	0.042674	0.011312	138x104+194+245	0.075052	0.000052	0.000000	0.439162	0.000000	0.039179	0.000000
652	558	1786601384400	562.059	0.880	11773	39.9	0.013932	126x126+379+229	0.042674	0.011312	138x104+194+245	0.075052	0.000052	0.000000	0.439162	0.000000	0.041096	0.000000
653	559	1786601385286	562.945	0.850	11784	40.1	0.013932	126x126+379+229	0.042674	0.011312	138x104+194+245	0.075052	0.000052	0.000000	0.439162	0.000000	0.041096	0.000000
654	560	1786601386141	563.800	0.898	11795	40.5	0.013932	126x126+379+229	0.042674	0.011312	138x104+194+245	0.075052	0.000052	0.000000	0.439162	0.000000	0.041096	0.000000
655	561	1786601387044	564.703	0.900	11806	40.7	0.013932	126x126+379+229	0.042674	0.011312	138x104+194+245	0.075052	0.000052	0.000000	0.439162	0.000000	0.031496	0.000000
656	562	1786601387949	565.608	0.915	11817	40.5	0.013932	126x126+379+229	0.042674	0.011312	138x104+194+245	0.075052	0.000052	0.000000	0.439162	0.000000	0.031496	0.000000
657	563	1786601388869	566.528	0.898	11829	42.2	0.013932	126x126+379+229	0.042674	0.010882	138x104+194+245	0.075534	0.000052	0.000000	0.441981	0.000000	0.031496	0.000000
658	563	1786601389772	567.432	0.874	11829	42.2	0.013932	126x126+379+229	0.042674	0.010882	138x104+194+245	0.075534	0.000052	0.000000	0.441981	0.000000	0.038720	0.000000
659	564	1786601390652	568.311	0.893	11840	42.2	0.013932	126x126+379+229	0.042674	0.010882	138x104+194+245	0.075534	0.000052	0.000000	0.441981	0.000000	0.038720	0.000000
660	565	1786601391549	569.208	0.871	11852	42.5	0.013932	126x126+379+229	0.042674	0.010882	138x104+194+245	0.075534	0.000052	0.000000	0.441981	0.000000	0.038657	0.000000
661	566	1786601392426	570.085	0.885	11864	44.4	0.013932	126x126+379+229	0.042674	0.010882	138x104+194+245	0.075534	0.000052	0.000000	0.441981	0.000000	0.039005	0.000000
662	567	1786601393316	570.975	0.891	11876	44.5	0.013932	126x126+379+229	0.042674	0.010882	138x104+194+245	0.075534	0.000052	0.000000	0.441981	0.000000	0.038815	0.000000
663	568	1786601394213	571.872	0.877	11889	44.7	0.013932	126x126+379+229	0.042674	0.010882	138x104+194+245	0.075534	0.000052	0.000000	0.441981	0.000000	0.038815	0.000000
664	569	1786601395095	572.754	0.939	11901	44.1	0.013932	126x126+379+229	0.042674	0.010882	138x104+194+245	0.075534	0.000052	0.000000	0.441981	0.000000	0.038815	0.000000
665	570	1786601396040	573.699	0.871	11913	44.3	0.013932	126x126+379+229	0.042674	0.011055	138x104+194+245	0.075456	0.000052	0.000000	0.441524	0.000000	0.039005	0.000000
666	570	1786601396916	574.575	0.900	11913	44.3	0.013932	126x126+379+229	0.042674	0.011055	138x104+194+245	0.075456	0.000052	0.000000	0.441524	0.000000	0.039005	0.000000
667	571	1786601397821	575.480	0.905	11926	44.1	0.013932	126x126+379+229	0.042674	0.011055	138x104+194+245	0.075456	0.000052	0.000000	0.441524	0.000000	0.039005	0.000000
668	572	1786601398731	576.390	0.844	11938	44.8	0.013932	126x126+379+229	0.042674	0.011055	138x104+194+245	0.075449	0.000052	0.000000	0.441486	0.000000	0.038815	0.000000
669	573	1786601399581	577.240	0.890	11950	44.4	0.013932	126x126+379+229	0.042674	0.011055	138x104+194+245	0.075449	0.000052	0.000000	0.441486	0.000000	0.038815	0.000000
670	574	1786601400477	578.136	0.864	11963	44.8	0.013932	126x126+379+229	0.042674	0.011055	138x104+194+245	0.075449	0.000052	0.000000	0.441486	0.000000	0.038815	0.000000
671	575	1786601401347	579.006	0.901	11975	45.9	0.013932	126x126+379+229	0.042674	0.011055	138x104+194+245	0.075456	0.000052	0.000000	0.441524	0.000000	0.038815	0.000000
672	576	1786601402253	579.912	0.902	11988	46.0	0.013932	126x126+379+229	0.042674	0.011055	138x104+194+245	0.075456	0.000052	0.000000	0.441524	0.000000	0.039908	0.000000
673	577	1786601403161	580.820	0.875	12001	46.7	0.013932	126x126+379+229	0.042674	0.011055	138x104+194+245	0.075456	0.000052	0.000000	0.441524	0.000000	0.039908	0.000000
674	577	1786601404041	581.700	0.869	12001	46.7	0.013932	126x126+379+229	0.042674	0.009788	131x104+194+245	0.076999	0.000052	0.000000	0.450552	0.000000	0.033555	0.000000
675	578	1786601404915	582.574	0.877	12014	46.7	0.013932	126x126+379+229	0.042674	0.009788	131x104+194+245	0.076999	0.000052	0.000000	0.450552	0.000000	0.033555	0.000000
676	579	1786601405797	583.456	0.879	12026	48.0	0.013932	126x126+379+229	0.042674	0.009788	131x104+194+245	0.077035	0.000052	0.000000	0.450552	0.000000	0.033555	0.000000
677	580	1786601406682	584.341	0.911	12040	47.7	0.013932	126x126+379+229	0.042674	0.009788	131x104+194+245	0.077077	0.000052	0.000000	0.450552	0.000000	0.042918	0.000000
678	581	1786601407599	585.258	0.895	12053	48.4	0.013932	126x126+379+229	0.042674	0.009788	131x104+194+245	0.077132	0.000052	0.000000	0.450552	0.000000	0.042918	0.000000
679	582	1786601408499	586.158	0.886	12066	48.2	0.013932	126x126+379+229	0.042674	0.009788	131x104+194+245	0.077194	0.000052	0.000000	0.450552	0.000000	0.039528	0.000000
680	583	1786601409389	587.048	0.879	12080	49.5	0.013932	126x126+379+229	0.042674	0.009788	131x104+194+245	0.077471	0.000052	0.000000	0.450514	0.000000	0.042918	0.000000
681	584	1786601410274	587.933	0.882	12094	49.3	0.013932	126x126+379+229	0.042674	0.010749	139x104+194+245	0.076436	0.000052	0.000000	0.443867	0.000000	0.040906	0.000000
682	584	1786601411161	588.821	0.908	12094	49.3	0.013932	126x126+379+229	0.042674	0.010749	139x104+194+245	0.076475	0.000052	0.000000	0.443848	0.000000	0.039528	0.000000
683	585	1786601412075	589.734	0.851	12107	49.9	0.013932	126x126+379+229	0.042674	0.010749	139x104+194+245	0.076156	0.000052	0.000000	0.443943	0.000000	0.040906	0.000000
684	586	1786601412932	590.591	0.867	12121	49.6	0.013932	126x126+379+229	0.042674	0.010749	139x104+194+245	0.076159	0.000052	0.000000	0.443848	0.000000	0.040906	0.000000
685	587	1786601413804	591.463	0.876	12135	49.7	0.013932	126x126+379+229	0.042674	0.010749	139x104+194+245	0.076159	0.000052	0.000000	0.443886	0.000000	0.040906	0.000000
686	588	1786601414685	592.344	0.869	12149	49.9	0.013932	126x126+379+229	0.042674	0.010749	139x104+194+245	0.076152	0.000052	0.000000	0.443886	0.000000	0.040906	0.000000
687	589	1786601415559	593.218	0.886	12163	49.4	0.013932	126x126+379+229	0.042674	0.010749	139x104+194+245	0.076169	0.000052	0.000000	0.444743	0.000000	0.040906	0.000000
688	590	1786601416450	594.109	0.915	12176	49.3	0.013932	126x126+379+229	0.042674	0.010749	138x104+194+245	0.076012	0.000052	0.000000	0.444152	0.000000	0.040906	0.000000
689	590	1786601417371	595.030	0.869	12176	49.3	0.013932	126x126+379+229	0.042674	0.010749	138x104+194+245	0.076087	0.000052	0.000000	0.443714	0.000000	0.039528	0.000000
690	591	1786601418245	595.904	0.880	12190	52.2	0.013932	126x126+379+229	0.042674	0.010749	138x104+194+245	0.075934	0.000052	0.000000	0.443181	0.000000	0.038530	0.000000
691	592	1786601419131	596.790	0.910	12205	52.2	0.013932	126x126+379+229	0.042674	0.010749	138x104+194+245	0.075928	0.000052	0.000000	0.443371	0.000000	0.038530	0.000000
692	593	1786601420046	597.705	0.870	12219	57.4	0.013932	126x126+379+229	0.042674	0.010749	138x104+194+245	0.075765	0.000052	0.000000	0.443333	0.000000	0.038625	0.000000
693	594	1786601420922	598.581	0.927	12235	57.3	0.013932	126x126+379+229	0.042674	0.010749	138x104+194+245	0.075752	0.000052	0.000000	0.443257	0.000000	0.033365	0.000000
694	595	1786601421854	599.513	0.926	12251	59.8	0.013932	126x126+379+229	0.042674	0.010742	140x104+194+245	0.075859	0.000052	0.000000	0.443886	0.000000	0.042728	0.000000
695	596	1786601422785	600.444	0.883	12268	59.7	0.013932	126x126+379+229	0.042674	0.010742	140x104+194+245	0.075856	0.000052	0.000000	0.443867	0.000000	0.041999	0.000000
696	597	1786601423674	601.333	0.855	12284	62.1	0.013932	126x126+379+229	0.042674	0.010742	140x104+194+245	0.075843	0.000052	0.000000	0.443790	0.000000	0.041999	0.000000
697	598	1786601424534	602.193	0.965	12301	62.2	0.013932	126x126+379+229	0.042674	0.010742	140x104+194+245	0.075837	0.000052	0.000000	0.443752	0.000000	0.039623	0.000000
698	598	1786601425505	603.164	0.934	12301	62.2	0.013932	126x126+379+229	0.042674	0.010742	140x104+194+245	0.075840	0.000052	0.000000	0.443771	0.000000	0.039623	0.000000
699	599	1786601426444	604.103	0.845	12319	62.1	0.013932	126x126+379+229	0.042674	0.010866	139x104+194+245	0.075592	0.000052	0.000000	0.442324	0.000000	0.039623	0.000000
700	600	1786601427293	604.952	0.901	12336	62.4	0.013932	126x126+379+229	0.042674	0.010866	139x104+194+245	0.075586	0.000052	0.000000	0.442286	0.000000	0.039560	0.000000
701	601	1786601428199	605.858	0.870	12353	64.9	0.013932	126x126+379+229	0.042674	0.010866	139x104+194+245	0.075583	0.000052	0.000000	0.442267	0.000000	0.039908	0.000000
702	602	1786601429075	606.734	0.878	12371	64.5	0.013932	126x126+379+229	0.042674	0.010951	139x104+194+245	0.075560	0.000052	0.000000	0.442133	0.000000	0.039718	0.000000
703	603	1786601429958	607.617	0.821	12389	69.2	0.013932	126x126+379+229	0.042674	0.010951	139x104+194+245	0.075560	0.000052	0.000000	0.442133	0.000000	0.039718	0.000000
704	604	1786601430784	608.443	0.861	12408	68.9	0.013932	126x126+379+229	0.042674	0.010951	139x104+194+245	0.075560	0.000052	0.000000	0.442133	0.000000	0.040431	0.000000
705	605	1786601431650	609.309	0.892	12428	71.1	0.013932	126x126+379+229	0.042674	0.010951	139x104+194+245	0.075560	0.000052	0.000000	0.442133	0.000000	0.040431	0.000000
706	605	1786601432548	610.207	0.881	12428	71.1	0.013932	126x126+379+229	0.042674	0.010208	139x104+194+245	0.076488	0.000052	0.000000	0.447524	0.000000	0.026046	0.000000
707	606	1786601433433	611.092	0.887	12447	71.1	0.013932	126x126+379+229	0.042674	0.010208	139x104+194+245	0.076634	0.000052	0.000000	0.447543	0.000000	0.026046	0.000000
708	607	1786601434326	611.985	0.873	12467	72.8	0.013932	126x126+379+229	0.042674	0.010208	139x104+194+245	0.076484	0.000052	0.000000	0.447543	0.000000	0.033270	0.000000
709	608	1786601435203	612.862	0.877	12487	73.0	0.013932	126x126+379+229	0.042674	0.011305	138x104+194+245	0.075212	0.000052	0.000000	0.439695	0.000000	0.033207	0.000000
710	609	1786601436085	613.745	0.892	12508	77.4	0.013932	126x126+379+229	0.042674	0.011305	138x104+194+245	0.075215	0.000052	0.000000	0.439714	0.000000	0.033555	0.000000
711	610	1786601436983	614.642	0.897	12529	77.6	0.013932	126x126+379+229	0.042674	0.011305	138x104+194+245	0.075225	0.000052	0.000000	0.439695	0.000000	0.028105	0.000000
712	611	1786601437885	615.544	0.909	12551	88.2	0.013932	126x126+379+229	0.042674	0.010876	138x104+194+245	0.075723	0.000052	0.000000	0.442533	0.000000	0.037468	0.000000
713	612	1786601438799	616.458	0.864	12575	88.2	0.013932	126x126+379+229	0.042674	0.010876	138x104+194+245	0.075632	0.000052	0.000000	0.442552	0.000000	0.037468	0.000000
714	612	1786601439668	617.328	0.847	12575	88.2	0.013932	126x126+379+229	0.042674	0.011178	138x104+194+245	0.075202	0.000052	0.000000	0.440038	0.000000	0.046831	0.000000
715	613	1786601440520	618.180	0.895	12600	90.4	0.013932	126x126+379+229	0.042674	0.011178	138x104+194+245	0.075202	0.000052	0.000000	0.440038	0.000000	0.041619	0.000000
716	614	1786601441421	619.080	0.865	12625	90.2	0.013932	126x126+379+229	0.042674	0.009912	131x104+194+245	0.076751	0.000052	0.000000	0.449105	0.000000	0.041619	0.000000
717	615	1786601442292	619.951	0.799	12650	87.0	0.013932	126x126+379+229	0.042674	0.009912	131x104+194+245	0.076748	0.000052	0.000000	0.449086	0.000000	0.041619	0.000000
718	616	1786601443096	620.755	0.857	12674	87.0	0.013932	126x126+379+229	0.042674	0.009912	131x104+194+245	0.076742	0.000052	0.000000	0.449048	0.000000	0.037468	0.000000
719	617	1786601443958	621.617	0.825	12698	82.3	0.013932	126x126+379+229	0.042674	0.010872	139x104+194+245	0.075599	0.000052	0.000000	0.442362	0.000000	0.037468	0.000000
720	617	1786601444788	622.447	0.870	12698	82.3	0.013932	126x126+379+229	0.042674	0.010872	139x104+194+245	0.075602	0.000052	0.000000	0.442381	0.000000	0.042570	0.000000
721	618	1786601445663	623.323	0.837	12721	82.2	0.013932	126x126+379+229	0.042674	0.010872	139x104+194+245	0.075602	0.000052	0.000000	0.442381	0.000000	0.042633	0.000000
722	619	1786601446506	624.165	0.835	12744	80.7	0.013932	126x126+379+229	0.042674	0.010872	138x104+194+245	0.075501	0.000052	0.000000	0.441790	0.000000	0.042633	0.000000
723	620	1786601447346	625.005	0.838	12766	81.0	0.013932	126x126+379+229	0.042674	0.010872	138x104+194+245	0.075508	0.000052	0.000000	0.441829	0.000000	0.035409	0.000000
724	621	1786601448190	625.849	0.812	12789	78.7	0.013932	126x126+379+229	0.042674	0.010872	138x104+194+245	0.075498	0.000052	0.000000	0.441771	0.000000	0.035409	0.000000
725	622	1786601449007	626.666	0.852	12811	79.0	0.013932	126x126+379+229	0.042674	0.010872	138x104+194+245	0.075508	0.000052	0.000000	0.441790	0.000000	0.034078	0.000000
726	622	1786601449865	627.524	0.883	12811	79.0	0.013932	126x126+379+229	0.042674	0.010866	140x104+194+245	0.075599	0.000052	0.000000	0.442362	0.000000	0.034078	0.000000
727	623	1786601450753	628.412	0.848	12832	85.9	0.013932	126x126+379+229	0.042674	0.010866	140x104+194+245	0.075599	0.000052	0.000000	0.442362	0.000000	0.042918	0.000000
728	624	1786601451606	629.265	0.813	12856	85.9	0.013932	126x126+379+229	0.042674	0.010866	140x104+194+245	0.075596	0.000052	0.000000	0.442343	0.000000	0.043821	0.000000
729	625	1786601452425	630.084	0.897	12880	92.2	0.013932	126x126+379+229	0.042674	0.010990	139x104+194+245	0.075345	0.000052	0.000000	0.440876	0.000000	0.043821	0.000000
730	626	1786601453327	630.986	0.836	12906	92.0	0.013932	126x126+379+229	0.042674	0.010990	139x104+194+245	0.075345	0.000052	0.000000	0.440876	0.000000	0.039243	0.000000
731	627	1786601454169	631.828	0.849	12931	88.4	0.013932	126x126+379+229	0.042674	0.010990	139x104+194+245	0.075345	0.000052	0.000000	0.440876	0.000000	0.039243	0.000000
732	627	1786601455023	632.682	0.848	12931	88.4	0.013932	126x126+379+229	0.042674	0.011074	139x104+194+245	0.075319	0.000052	0.000000	0.440724	0.000000	0.043441	0.000000
733	628	1786601455876	633.535	0.809	12956	88.5	0.013932	126x126+379+229	0.042674	0.011074	139x104+194+245	0.075316	0.000052	0.000000	0.440705	0.000000	0.043441	0.000000
734	629	1786601456689	634.348	0.814	12980	84.7	0.013932	126x126+379+229	0.042674	0.011074	139x104+194+245	0.075319	0.000052	0.000000	0.440724	0.000000	0.037468	0.000000
735	630	1786601457508	635.167	0.838	13004	84.7	0.013932	126x126+379+229	0.042674	0.011074	139x104+194+245	0.075319	0.000052	0.000000	0.440724	0.000000	0.042728	0.000000
736	631	1786601458351	636.010	0.834	13028	82.8	0.013932	126x126+379+229	0.042674	0.010332	139x104+194+245	0.076240	0.000052	0.000000	0.446114	0.000000	0.042728	0.000000
737	632	1786601459191	636.850	0.824	13051	82.5	0.013932	126x126+379+229	0.042674	0.010332	139x104+194+245	0.076240	0.000052	0.000000	0.446114	0.000000	0.042570	0.000000
738	632	1786601460020	637.679	0.897	13051	82.5	0.013932	126x126+379+229	0.042674	0.010332	139x104+194+245	0.076240	0.000052	0.000000	0.446114	0.000000	0.042570	0.000000
739	633	1786601460922	638.581	0.853	13073	80.2	0.013932	126x126+379+229	0.042674	0.011429	138x104+194+245	0.074899	0.000052	0.000000	0.438267	0.000000	0.035409	0.000000
740	634	1786601461780	639.439	0.899	13096	80.1	0.013932	126x126+379+229	0.042674	0.011429	138x104+194+245	0.074899	0.000052	0.000000	0.438267	0.000000	0.045010	0.000000
741	635	1786601462685	640.344	0.868	13118	79.0	0.013932	126x126+379+229	0.042674	0.011429	138x104+194+245	0.074899	0.000052	0.000000	0.438267	0.000000	0.045010	0.000000
742	636	1786601463558	641.217	0.907	13140	78.7	0.013932	126x126+379+229	0.042674	0.011429	138x104+194+245	0.074899	0.000052	0.000000	0.438267	0.000000	0.034078	0.000000
743	637	1786601464470	642.129	0.910	13162	78.6	0.013932	126x126+379+229	0.042674	0.011429	138x104+194+245	0.074899	0.000052	0.000000	0.438267	0.000000	0.034078	0.000000
744	638	1786601465386	643.045	0.859	13184	79.0	0.013932	126x126+379+229	0.042674	0.011429	138x104+194+245	0.074906	0.000052	0.000000	0.438305	0.000000	0.034078	0.000000
745	638	1786601466251	643.910	0.873	13184	79.0	0.013932	126x126+379+229	0.042674	0.010999	138x104+194+245	0.075381	0.000052	0.000000	0.441086	0.000000	0.034078	0.000000
746	639	1786601467129	644.788	0.895	13206	78.3	0.013932	126x126+379+229	0.042674	0.010999	138x104+194+245	0.075381	0.000052	0.000000	0.441086	0.000000	0.034078	0.000000
747	640	1786601468028	645.687	0.916	13227	78.6	0.013932	126x126+379+229	0.042674	0.010999	138x104+194+245	0.075378	0.000052	0.000000	0.441067	0.000000	0.034078	0.000000
748	641	1786601468949	646.608	0.869	13249	77.2	0.013932	126x126+379+229	0.042674	0.010999	138x104+194+245	0.075381	0.000052	0.000000	0.441086	0.000000	0.037468	0.000000
749	642	1786601469822	647.481	0.898	13271	77.3	0.013932	126x126+379+229	0.042674	0.010999	138x104+194+245	0.075381	0.000052	0.000000	0.441086	0.000000	0.037468	0.000000
750	643	1786601470725	648.384	0.874	13292	73.9	0.013932	126x126+379+229	0.042674	0.011263	138x104+194+245	0.075179	0.000052	0.000000	0.439905	0.000000	0.028105	0.000000
751	644	1786601471604	649.263	0.851	13313	73.9	0.013932	126x126+379+229	0.042674	0.011263	138x104+194+245	0.075179	0.000052	0.000000	0.439905	0.000000	0.033555	0.000000
752	645	1786601472459	650.118	0.853	13333	68.8	0.013932	126x126+379+229	0.042674	0.011263	138x104+194+245	0.075179	0.000052	0.000000	0.439905	0.000000	0.033555	0.000000
753	645	1786601473317	650.976	0.887	13333	68.8	0.013932	126x126+379+229	0.042674	0.011263	138x104+194+245	0.075179	0.000052	0.000000	0.439905	0.000000	0.035646	0.000000
754	646	1786601474209	651.868	0.876	13352	68.8	0.013932	126x126+379+229	0.033264	0.011263	138x104+194+245	0.075179	0.000052	0.000000	0.439905	0.000000	0.040431	0.000000
755	647	1786601475091	652.750	0.876	13371	61.2	0.013932	126x126+379+229	0.033264	0.011263	138x104+194+245	0.075179	0.000052	0.000000	0.439905	0.000000	0.039908	0.000000
756	648	1786601475972	653.631	0.859	13388	61.3	0.013932	126x126+379+229	0.033264	0.011263	138x104+194+245	0.075179	0.000052	0.000000	0.439905	0.000000	0.032399	0.000000
757	649	1786601476836	654.495	0.859	13405	54.5	0.013932	126x126+379+229	0.033264	0.011263	138x104+194+245	0.075179	0.000052	0.000000	0.439905	0.000000	0.039338	0.000000
758	650	1786601477699	655.358	0.869	13421	54.5	0.013932	126x126+379+229	0.033264	0.011263	138x104+194+245	0.075179	0.000052	0.000000	0.439905	0.000000	0.038625	0.000000
759	651	1786601478573	656.232	0.902	13436	50.8	0.013932	126x126+379+229	0.033264	0.011263	138x104+194+245	0.075179	0.000052	0.000000	0.439905	0.000000	0.038625	0.000000
760	651	1786601479479	657.138	0.892	13436	50.8	0.013932	126x126+379+229	0.033264	0.011263	138x104+194+245	0.075179	0.000052	0.000000	0.439905	0.000000	0.031305	0.000000
761	652	1786601480376	658.035	0.839	13450	50.9	0.013932	126x126+379+229	0.033264	0.011263	138x104+194+245	0.075179	0.000052	0.000000	0.439905	0.000000	0.031305	0.000000
762	653	1786601481219	658.878	0.837	13464	49.5	0.013932	126x126+379+229	0.033264	0.011263	138x104+194+245	0.075179	0.000052	0.000000	0.439905	0.000000	0.040906	0.000000
763	654	1786601482061	659.720	0.852	13478	49.5	0.013932	126x126+379+229	0.033264	0.011263	138x104+194+245	0.075179	0.000052	0.000000	0.439905	0.000000	0.040906	0.000000
764	655	1786601482918	660.577	0.850	13491	50.0	0.013932	126x126+379+229	0.033264	0.011263	138x104+194+245	0.075179	0.000052	0.000000	0.439905	0.000000	0.040906	0.000000
765	656	1786601483773	661.432	0.838	13505	49.6	0.013932	126x126+379+229	0.033264	0.011263	138x104+194+245	0.075179	0.000052	0.000000	0.439905	0.000000	0.040906	0.000000
766	656	1786601484616	662.275	0.889	13505	49.6	0.013932	126x126+379+229	0.033264	0.010999	138x104+194+245	0.075381	0.000052	0.000000	0.441086	0.000000	0.040906	0.000000
767	657	1786601485509	663.168	0.878	13519	49.5	0.013932	126x126+379+229	0.033264	0.010999	138x104+194+245	0.075381	0.000052	0.000000	0.441086	0.000000	0.040906	0.000000
768	658	1786601486393	664.052	0.871	13533	49.2	0.013932	126x126+379+229	0.033264	0.010999	138x104+194+245	0.075381	0.000052	0.000000	0.441086	0.000000	0.039528	0.000000
769	659	1786601487269	664.928	0.845	13547	50.5	0.013932	126x126+379+229	0.033264	0.010999	138x104+194+245	0.075381	0.000052	0.000000	0.441086	0.000000	0.040906	0.000000
770	660	1786601488119	665.778	0.825	13561	50.5	0.013932	126x126+379+229	0.033264	0.010999	138x104+194+245	0.075381	0.000052	0.000000	0.441086	0.000000	0.031305	0.000000
771	661	1786601488949	666.608	0.902	13575	53.8	0.013932	126x126+379+229	0.033264	0.010999	138x104+194+245	0.075381	0.000052	0.000000	0.441086	0.000000	0.031305	0.000000
772	662	1786601489856	667.515	0.877	13590	53.8	0.013932	126x126+379+229	0.033264	0.010999	138x104+194+245	0.075381	0.000052	0.000000	0.441086	0.000000	0.038815	0.000000
773	663	1786601490738	668.397	0.891	13605	58.2	0.013932	126x126+379+229	0.033264	0.010999	138x104+194+245	0.075381	0.000052	0.000000	0.441086	0.000000	0.038815	0.000000
774	663	1786601491634	669.293	0.882	13605	58.2	0.013932	126x126+379+229	0.033264	0.010999	138x104+194+245	0.075381	0.000052	0.000000	0.441086	0.000000	0.042728	0.000000
775	664	1786601492520	670.179	0.835	13621	58.1	0.013932	126x126+379+229	0.033264	0.010999	138x104+194+245	0.075381	0.000052	0.000000	0.441086	0.000000	0.042728	0.000000
776	665	1786601493360	671.019	0.860	13637	59.3	0.013932	126x126+379+229	0.033264	0.010999	138x104+194+245	0.075381	0.000052	0.000000	0.441086	0.000000	0.039338	0.000000
777	666	1786601494225	671.884	0.837	13653	59.3	0.013932	126x126+379+229	0.033264	0.010999	138x104+194+245	0.075381	0.000052	0.000000	0.441086	0.000000	0.041999	0.000000
778	667	1786601495067	672.726	0.846	13670	59.4	0.013932	126x126+379+229	0.033264	0.010999	138x104+194+245	0.075381	0.000052	0.000000	0.441086	0.000000	0.041999	0.000000
779	668	1786601495918	673.577	0.863	13686	59.2	0.013932	126x126+379+229	0.033264	0.010999	138x104+194+245	0.075381	0.000052	0.000000	0.441086	0.000000	0.041999	0.000000
780	668	1786601496786	674.445	0.856	13686	59.2	0.013932	126x126+379+229	0.033264	0.010999	138x104+194+245	0.075381	0.000052	0.000000	0.441086	0.000000	0.039338	0.000000
781	669	1786601497647	675.306	0.912	13703	58.0	0.013932	126x126+379+229	0.033264	0.010999	138x104+194+245	0.075381	0.000052	0.000000	0.441086	0.000000	0.042728	0.000000
782	670	1786601498564	676.223	0.848	13719	58.0	0.013932	126x126+379+229	0.033264	0.010999	138x104+194+245	0.075378	0.000052	0.000000	0.441067	0.000000	0.042728	0.000000
783	671	1786601499417	677.076	0.839	13735	57.2	0.013932	126x126+379+229	0.033264	0.010999	138x104+194+245	0.075378	0.000052	0.000000	0.441067	0.000000	0.042728	0.000000
784	672	1786601500261	677.920	0.865	13751	57.2	0.013932	126x126+379+229	0.033264	0.010999	138x104+194+245	0.075374	0.000052	0.000000	0.441048	0.000000	0.033365	0.000000
785	673	1786601501131	678.790	0.834	13767	57.9	0.013932	126x126+379+229	0.033264	0.010999	138x104+194+245	0.075381	0.000052	0.000000	0.441086	0.000000	0.033365	0.000000
786	674	1786601501969	679.628	0.843	13783	57.9	0.013932	126x126+379+229	0.033264	0.010999	138x104+194+245	0.075381	0.000052	0.000000	0.441086	0.000000	0.042728	0.000000
787	674	1786601502817	680.476	0.862	13783	57.9	0.013932	126x126+379+229	0.029201	0.010999	138x104+194+245	0.075378	0.000052	0.000000	0.441067	0.000000	0.042728	0.000000
788	675	1786601503684	681.343	0.876	13799	57.6	0.013932	126x126+379+229	0.029201	0.010999	138x104+194+245	0.075374	0.000052	0.000000	0.441048	0.000000	0.042728	0.000000
789	676	1786601504564	682.223	0.863	13815	57.9	0.013932	126x126+379+229	0.029201	0.010999	138x104+194+245	0.075381	0.000052	0.000000	0.441086	0.000000	0.042728	0.000000
790	677	1786601505432	683.091	0.820	13831	58.6	0.013932	126x126+379+229	0.029201	0.010999	138x104+194+245	0.075381	0.000052	0.000000	0.441086	0.000000	0.042728	0.000000
791	678	1786601506257	683.916	0.861	13847	58.2	0.013932	126x126+379+229	0.029201	0.010999	138x104+194+245	0.075381	0.000052	0.000000	0.441086	0.000000	0.039338	0.000000
792	679	1786601507123	684.782	0.858	13863	62.5	0.013932	126x126+379+229	0.029201	0.010999	138x104+194+245	0.075381	0.000052	0.000000	0.441086	0.000000	0.042728	0.000000
793	679	1786601507986	685.645	0.837	13863	62.5	0.013932	126x126+379+229	0.029201	0.010999	138x104+194+245	0.075381	0.000052	0.000000	0.441086	0.000000	0.039623	0.000000
794	680	1786601508828	686.487	0.818	13881	62.5	0.013932	126x126+379+229	0.029201	0.010999	138x104+194+245	0.075381	0.000052	0.000000	0.441086	0.000000	0.039560	0.000000
795	681	1786601509652	687.311	0.848	13898	67.8	0.013932	126x126+379+229	0.029201	0.010999	138x104+194+245	0.075381	0.000052	0.000000	0.441086	0.000000	0.039718	0.000000
796	682	1786601510504	688.163	0.817	13917	68.0	0.013932	126x126+379+229	0.029201	0.010999	138x104+194+245	0.075413	0.000052	0.000000	0.441086	0.000000	0.043821	0.000000
797	683	1786601511326	688.985	0.824	13936	74.5	0.013932	126x126+379+229	0.029201	0.010999	138x104+194+245	0.075410	0.000052	0.000000	0.441086	0.000000	0.043821	0.000000
798	684	1786601512156	689.815	0.864	13957	74.6	0.013932	126x126+379+229	0.029201	0.010999	138x104+194+245	0.075563	0.000052	0.000000	0.441086	0.000000	0.033555	0.000000
799	684	1786601513026	690.685	0.857	13957	74.6	0.013932	126x126+379+229	0.029201	0.010999	138x104+194+245	0.075602	0.000052	0.000000	0.441086	0.000000	0.033365	0.000000
800	685	1786601513889	691.548	0.870	13977	79.7	0.013932	126x126+379+229	0.029201	0.010999	138x104+194+245	0.075732	0.094665	0.008779	0.441219	0.000000	0.000000	0.460472
801	686	1786601514765	692.424	0.868	13999	79.7	0.013932	126x126+379+229	0.029201	0.010999	138x104+194+245	0.076462	0.092920	0.010316	0.444533	0.000000	0.000000	0.451980
802	687	1786601515638	693.298	0.809	14022	82.5	0.013932	126x126+379+229	0.029201	0.010999	138x104+194+245	0.076504	0.092920	0.010316	0.444724	0.000000	0.000000	0.451980
803	688	1786601516452	694.111	0.863	14045	82.5	0.013932	126x126+379+229	0.029201	0.010999	138x104+194+245	0.076344	0.093613	0.009749	0.444286	0.000000	0.000000	0.455355
804	689	1786601517321	694.980	0.873	14067	83.4	0.013932	126x126+379+229	0.029201	0.010999	138x104+194+245	0.076436	0.093447	0.009782	0.444743	0.000000	0.000000	0.454547
805	689	1786601518200	695.859	0.843	14067	83.4	0.013932	126x126+379+229	0.029201	0.011263	138x104+194+245	0.076038	0.093571	0.009801	0.442648	0.000000	0.000000	0.455149
806	690	1786601519049	696.708	0.901	14091	83.2	0.013932	126x126+379+229	0.029201	0.011263	138x104+194+245	0.076224	0.093447	0.009782	0.443657	0.000000	0.000000	0.454547
807	691	1786601519956	697.615	0.846	14114	74.8	0.013932	126x126+379+229	0.029201	0.011263	138x104+194+245	0.076045	0.096794	0.006927	0.442095	0.000000	0.000000	0.470833
808	692	1786601520808	698.467	0.848	14135	75.3	0.013932	126x126+379+229	0.029201	0.011263	138x104+194+245	0.075273	0.095462	0.007985	0.439905	0.000000	0.000000	0.464354
809	693	1786601521661	699.320	0.813	14155	67.2	0.013932	126x126+379+229	0.029201	0.011263	138x104+194+245	0.075182	0.095462	0.007985	0.439905	0.000000	0.000000	0.464354
810	694	1786601522479	700.138	0.848	14174	67.2	0.013932	126x126+379+229	0.029201	0.011263	138x104+194+245	0.075176	0.000052	0.000000	0.439886	0.000000	0.043821	0.000000
811	695	1786601523332	700.991	0.871	14193	62.0	0.013932	126x126+379+229	0.029201	0.011263	138x104+194+245	0.075166	0.000052	0.000000	0.439829	0.000000	0.034458	0.000000
812	695	1786601524208	701.867	0.876	14193	62.0	0.013932	126x126+379+229	0.029201	0.011263	138x104+194+245	0.075179	0.000052	0.000000	0.439905	0.000000	0.039560	0.000000
813	696	1786601525089	702.748	0.836	14210	62.3	0.013932	126x126+379+229	0.029201	0.011263	138x104+194+245	0.075179	0.000052	0.000000	0.439905	0.000000	0.039560	0.000000
814	697	1786601525930	703.589	0.839	14227	60.2	0.013932	126x126+379+229	0.029201	0.011263	138x104+194+245	0.075179	0.000052	0.000000	0.439905	0.000000	0.039623	0.000000
815	698	1786601526774	704.433	0.838	14244	60.2	0.013932	126x126+379+229	0.029201	0.011263	138x104+194+245	0.075179	0.000052	0.000000	0.439905	0.000000	0.041999	0.000000
816	699	1786601527618	705.277	0.820	14261	61.9	0.013932	126x126+379+229	0.029201	0.011263	138x104+194+245	0.075179	0.000052	0.000000	0.439905	0.000000	0.041999	0.000000
817	700	1786601528443	706.102	0.852	14278	61.9	0.013932	126x126+379+229	0.029201	0.011263	138x104+194+245	0.075179	0.000052	0.000000	0.439905	0.000000	0.039623	0.000000
818	700	1786601529299	706.958	0.842	14278	61.9	0.013932	126x126+379+229	0.029201	0.011263	138x104+194+245	0.075179	0.000052	0.000000	0.439905	0.000000	0.039623	0.000000
819	701	1786601530147	707.806	0.864	14295	65.8	0.013932	126x126+379+229	0.029201	0.011263	138x104+194+245	0.075179	0.000052	0.000000	0.439905	0.000000	0.039718	0.000000
820	702	1786601531015	708.674	0.872	14313	65.6	0.013932	126x126+379+229	0.029201	0.011263	138x104+194+245	0.075179	0.000052	0.000000	0.439905	0.000000	0.040811	0.000000
821	703	1786601531893	709.552	0.824	14332	70.7	0.013932	126x126+379+229	0.029201	0.011263	138x104+194+245	0.075179	0.000052	0.000000	0.439905	0.000000	0.034458	0.000000
822	704	1786601532721	710.380	0.846	14351	70.9	0.013932	126x126+379+229	0.029201	0.011263	138x104+194+245	0.075179	0.000052	0.000000	0.439905	0.000000	0.026046	0.000000
823	705	1786601533572	711.232	0.885	14371	74.0	0.013932	126x126+379+229	0.029201	0.011263	138x104+194+245	0.075179	0.000052	0.000000	0.439905	0.000000	0.026046	0.000000
824	705	1786601534463	712.122	0.880	14371	74.0	0.013932	126x126+379+229	0.042674	0.011263	138x104+194+245	0.075179	0.000052	0.000000	0.439905	0.000000	0.033555	0.000000
825	706	1786601535348	713.007	0.837	14392	74.1	0.013932	126x126+379+229	0.042674	0.011263	138x104+194+245	0.075179	0.000052	0.000000	0.439905	0.000000	0.033555	0.000000
826	707	1786601536191	713.850	0.823	14412	73.5	0.013932	126x126+379+229	0.042674	0.011263	138x104+194+245	0.075179	0.000052	0.000000	0.439905	0.000000	0.033555	0.000000
827	708	1786601537019	714.678	0.852	14433	73.2	0.013932	126x126+379+229	0.042674	0.009997	131x104+194+245	0.076722	0.000052	0.000000	0.448933	0.000000	0.033207	0.000000
828	709	1786601537876	715.535	0.850	14453	75.7	0.013932	126x126+379+229	0.042674	0.009997	131x104+194+245	0.076722	0.000052	0.000000	0.448933	0.000000	0.033207	0.000000
829	710	1786601538731	716.390	0.819	14474	75.6	0.013932	126x126+379+229	0.042674	0.009997	131x104+194+245	0.076722	0.000052	0.000000	0.448933	0.000000	0.034458	0.000000
830	710	1786601539555	717.214	0.856	14474	75.6	0.013932	126x126+379+229	0.042674	0.009997	131x104+194+245	0.076722	0.000052	0.000000	0.448933	0.000000	0.034458	0.000000
831	711	1786601540416	718.075	0.872	14495	85.8	0.013932	126x126+379+229	0.042674	0.009997	131x104+194+245	0.076722	0.000052	0.000000	0.448933	0.000000	0.042918	0.000000
832	712	1786601541293	718.952	0.860	14519	85.9	0.013932	126x126+379+229	0.042674	0.009997	131x104+194+245	0.076722	0.000052	0.000000	0.448933	0.000000	0.043821	0.000000
833	713	1786601542157	719.816	0.878	14543	92.7	0.013932	126x126+379+229	0.042674	0.009997	131x104+194+245	0.076722	0.000052	0.000000	0.448933	0.000000	0.046831	0.000000
834	714	1786601543041	720.700	0.836	14568	90.9	0.013932	126x126+379+229	0.042674	0.009997	131x104+194+245	0.076722	0.000052	0.000000	0.448933	0.000000	0.039243	0.000000
835	715	1786601543881	721.540	0.871	14594	90.6	0.013932	126x126+379+229	0.042674	0.009997	131x104+194+245	0.076722	0.000052	0.000000	0.448933	0.000000	0.032018	0.000000
836	716	1786601544757	722.416	0.832	14619	96.2	0.013932	126x126+379+229	0.042674	0.009997	131x104+194+245	0.076722	0.000052	0.000000	0.448933	0.000000	0.032018	0.000000
837	716	1786601545593	723.252	0.853	14619	96.2	0.013932	126x126+379+229	0.042674	0.010957	139x104+194+245	0.075579	0.000052	0.000000	0.442248	0.000000	0.040431	0.000000
838	717	1786601546451	724.110	0.832	14645	98.8	0.013932	126x126+379+229	0.042674	0.010957	139x104+194+245	0.075586	0.000052	0.000000	0.442248	0.000000	0.043441	0.000000
839	718	1786601547288	724.947	0.850	14673	101.2	0.013932	126x126+379+229	0.042674	0.010957	139x104+194+245	0.075622	0.000052	0.000000	0.442248	0.000000	0.055181	0.000000
840	719	1786601548143	725.802	0.825	14701	103.2	0.013932	126x126+379+229	0.042674	0.010957	139x104+194+245	0.075690	0.000052	0.000000	0.442248	0.000000	0.045580	0.000000
841	720	1786601548973	726.632	0.889	14730	104.2	0.013932	126x126+379+229	0.042674	0.010957	139x104+194+245	0.075843	0.000052	0.000000	0.442248	0.000000	0.052741	0.000000
842	721	1786601549867	727.526	0.876	14759	105.2	0.013932	126x126+379+229	0.042674	0.010957	139x104+194+245	0.076006	0.000052	0.000000	0.442248	0.000000	0.053089	0.000000
843	721	1786601550748	728.407	0.847	14759	105.2	0.013932	126x126+379+229	0.042674	0.010957	138x104+194+245	0.076032	0.000052	0.000000	0.441619	0.000000	0.052899	0.000000
844	722	1786601551600	729.259	0.890	14788	107.4	0.013932	126x126+379+229	0.042674	0.010957	138x104+194+245	0.076374	0.000052	0.000000	0.441619	0.000000	0.047639	0.000000
845	723	1786601552496	730.155	0.859	14818	109.8	0.013932	126x126+379+229	0.042674	0.010957	138x104+194+245	0.076947	0.000052	0.000000	0.441619	0.000000	0.053612	0.000000
846	724	1786601553360	731.019	0.853	14848	111.2	0.013932	126x126+379+229	0.042674	0.010957	138x104+194+245	0.077435	0.000052	0.000000	0.441752	0.000000	0.035979	0.000000
847	725	1786601554218	731.877	0.866	14879	113.5	0.013932	126x126+379+229	0.042674	0.010957	138x104+194+245	0.077406	0.000052	0.000000	0.442133	0.000000	0.035979	0.000000
848	726	1786601555090	732.749	0.859	14911	115.5	0.013932	126x126+379+229	0.042674	0.010951	140x104+194+245	0.077920	0.000052	0.000000	0.446095	0.000000	0.043663	0.000000
849	727	1786601555955	733.614	0.837	14943	116.6	0.013932	126x126+379+229	0.049792	0.010951	140x104+194+245	0.077718	0.000052	0.000000	0.446267	0.000000	0.043631	0.000000
850	727	1786601556797	734.456	0.860	14943	116.6	0.013932	126x126+379+229	0.048576	0.010951	140x104+194+245	0.077448	0.000052	0.000000	0.445467	0.000000	0.038466	0.000000
851	728	1786601557662	735.321	0.870	14975	118.3	0.013932	126x126+379+229	0.045486	0.010951	140x104+194+245	0.077259	0.000052	0.000000	0.445695	0.000000	0.048067	0.000000
852	729	1786601558538	736.197	0.854	15008	118.4	0.013932	126x126+379+229	0.044062	0.011074	139x104+194+245	0.076846	0.000052	0.000000	0.445200	0.000000	0.045105	0.000000
853	730	1786601559398	737.057	0.863	15041	123.0	0.013932	126x126+379+229	0.044375	0.011074	139x104+194+245	0.076797	0.000052	0.000000	0.444743	0.000000	0.054357	0.000000
854	731	1786601560267	737.926	0.857	15075	124.7	0.013932	126x126+379+229	0.046007	0.011074	139x104+194+245	0.076654	0.000052	0.000000	0.443124	0.000000	0.052028	0.000000
855	732	1786601561129	738.789	0.828	15110	125.0	0.013932	126x126+379+229	0.044375	0.011074	139x104+194+245	0.076621	0.000052	0.000000	0.441676	0.000000	0.052234	0.000000
856	732	1786601561964	739.623	0.859	15110	125.0	0.013932	126x126+379+229	0.042674	0.011159	139x104+194+245	0.076403	0.091615	0.011247	0.440552	0.000000	0.000713	0.445627
857	733	1786601562828	740.487	0.866	15144	124.1	0.013932	126x126+379+229	0.042674	0.011159	139x104+194+245	0.075892	0.000052	0.000000	0.440533	0.000000	0.050713	0.000000
858	734	1786601563699	741.358	0.846	15179	124.8	0.013932	126x126+379+229	0.042674	0.011159	139x104+194+245	0.075563	0.000052	0.000000	0.440533	0.000000	0.050523	0.000000
859	735	1786601564551	742.210	0.871	15214	125.0	0.013932	126x126+379+229	0.042674	0.011159	139x104+194+245	0.075293	0.091615	0.011247	0.440514	0.000000	0.000000	0.445627
860	736	1786601565427	743.086	0.826	15248	123.7	0.013932	126x126+379+229	0.042674	0.011159	139x104+194+245	0.075283	0.091615	0.011247	0.440514	0.000000	0.000000	0.445627
861	737	1786601566258	743.917	0.865	15283	122.5	0.013932	126x126+379+229	0.042674	0.010417	139x104+194+245	0.076208	0.000052	0.000000	0.445924	0.000000	0.050713	0.000000
862	737	1786601567129	744.788	0.892	15283	122.5	0.013932	126x126+379+229	0.042674	0.010417	139x104+194+245	0.076214	0.000052	0.000000	0.445962	0.000000	0.050364	0.000000
863	738	1786601568026	745.685	0.874	15317	124.8	0.013932	126x126+379+229	0.042674	0.010417	139x104+194+245	0.076214	0.000052	0.000000	0.445962	0.000000	0.050523	0.000000
864	739	1786601568906	746.565	0.885	15351	123.6	0.013932	126x126+379+229	0.042674	0.011514	138x104+194+245	0.074870	0.000052	0.000000	0.438095	0.000000	0.050713	0.000000
865	740	1786601569796	747.455	0.876	15386	120.6	0.013932	126x126+379+229	0.042674	0.011514	138x104+194+245	0.074876	0.000052	0.000000	0.438133	0.000000	0.050428	0.000000
866	741	1786601570678	748.337	0.883	15419	119.2	0.013932	126x126+379+229	0.042674	0.011514	138x104+194+245	0.074870	0.000052	0.000000	0.438095	0.000000	0.052804	0.000000
867	742	1786601571567	749.226	0.847	15452	116.4	0.013932	126x126+379+229	0.042674	0.011514	138x104+194+245	0.074873	0.000052	0.000000	0.438114	0.000000	0.044011	0.000000
868	743	1786601572420	750.079	0.859	15485	115.4	0.013932	126x126+379+229	0.042674	0.011514	138x104+194+245	0.074873	0.000052	0.000000	0.438114	0.000000	0.038039	0.000000
869	744	1786601573284	750.944	0.905	15517	115.0	0.013932	126x126+379+229	0.042674	0.011084	138x104+194+245	0.075355	0.000052	0.000000	0.440933	0.000000	0.044392	0.000000
870	744	1786601574195	751.854	0.891	15517	115.0	0.013932	126x126+379+229	0.042674	0.011084	138x104+194+245	0.075355	0.000052	0.000000	0.440933	0.000000	0.043298	0.000000
871	745	1786601575092	752.751	0.872	15549	114.9	0.013932	126x126+379+229	0.042674	0.011084	138x104+194+245	0.075348	0.000052	0.000000	0.440895	0.000000	0.043298	0.000000
872	746	1786601575969	753.628	0.858	15581	115.7	0.013932	126x126+379+229	0.042674	0.011084	138x104+194+245	0.075348	0.000052	0.000000	0.440895	0.000000	0.044392	0.000000
873	747	1786601576834	754.493	0.834	15613	116.0	0.013932	126x126+379+229	0.042674	0.011084	138x104+194+245	0.075355	0.000052	0.000000	0.440933	0.000000	0.044392	0.000000
874	748	1786601577674	755.333	0.849	15645	114.9	0.013932	126x126+379+229	0.042674	0.010521	138x104+194+245	0.076104	0.000052	0.000000	0.445314	0.000000	0.044392	0.000000
875	749	1786601578528	756.187	0.831	15677	115.1	0.013932	126x126+379+229	0.042674	0.010521	138x104+194+245	0.076094	0.000052	0.000000	0.445257	0.000000	0.043298	0.000000
876	750	1786601579365	757.024	0.894	15709	115.0	0.013932	126x126+379+229	0.042674	0.010521	138x104+194+245	0.076097	0.000052	0.000000	0.445276	0.000000	0.043298	0.000000
877	750	1786601580265	757.924	0.834	15709	115.0	0.013932	126x126+379+229	0.042674	0.010521	138x104+194+245	0.076100	0.000052	0.000000	0.445295	0.000000	0.043298	0.000000
878	751	1786601581104	758.763	0.876	15741	113.1	0.013932	126x126+379+229	0.042674	0.010521	138x104+194+245	0.076097	0.000052	0.000000	0.445276	0.000000	0.043489	0.000000
879	752	1786601581985	759.644	0.880	15772	112.3	0.013932	126x126+379+229	0.042674	0.009255	131x104+194+245	0.077643	0.000052	0.000000	0.454324	0.000000	0.043140	0.000000
880	753	1786601582870	760.529	0.811	15803	111.1	0.013932	126x126+379+229	0.042674	0.009255	131x104+194+245	0.077643	0.000052	0.000000	0.454324	0.000000	0.043203	0.000000
881	754	1786601583687	761.346	0.857	15834	108.4	0.013932	126x126+379+229	0.042674	0.009255	131x104+194+245	0.077643	0.000052	0.000000	0.454324	0.000000	0.035979	0.000000
882	755	1786601584549	762.208	0.911	15864	106.3	0.013932	126x126+379+229	0.042674	0.009255	131x104+194+245	0.077643	0.000052	0.000000	0.454324	0.000000	0.053612	0.000000
883	755	1786601585465	763.124	0.894	15864	106.3	0.013932	126x126+379+229	0.042674	0.009255	131x104+194+245	0.077643	0.000052	0.000000	0.454324	0.000000	0.047639	0.000000
884	756	1786601586365	764.024	0.870	15894	102.0	0.013932	126x126+379+229	0.042674	0.009255	131x104+194+245	0.077643	0.000052	0.000000	0.454324	0.000000	0.052741	0.000000
885	757	1786601587240	764.899	0.875	15922	101.0	0.013932	126x126+379+229	0.042674	0.009255	131x104+194+245	0.077643	0.000052	0.000000	0.454324	0.000000	0.045580	0.000000
886	758	1786601588120	765.779	0.870	15950	100.7	0.013932	126x126+379+229	0.042674	0.009255	131x104+194+245	0.077643	0.000052	0.000000	0.454324	0.000000	0.045580	0.000000
887	759	1786601588995	766.654	0.852	15978	100.8	0.013932	126x126+379+229	0.042674	0.010215	139x104+194+245	0.076501	0.000052	0.000000	0.447638	0.000000	0.045580	0.000000
888	760	1786601589852	767.511	0.886	16006	101.5	0.013932	126x126+379+229	0.042674	0.010215	139x104+194+245	0.076501	0.000052	0.000000	0.447638	0.000000	0.045580	0.000000
889	761	1786601590744	768.403	0.849	16034	99.4	0.013932	126x126+379+229	0.042674	0.010215	139x104+194+245	0.076497	0.000052	0.000000	0.447619	0.000000	0.052804	0.000000
890	762	1786601591598	769.258	0.894	16062	101.4	0.013932	126x126+379+229	0.042674	0.010215	139x104+194+245	0.076497	0.000052	0.000000	0.447619	0.000000	0.040051	0.000000
891	762	1786601592498	770.157	0.867	16062	101.4	0.013932	126x126+379+229	0.042674	0.010215	139x104+194+245	0.076514	0.000052	0.000000	0.447714	0.000000	0.045580	0.000000
892	763	1786601593371	771.030	0.857	16090	103.4	0.013932	126x126+379+229	0.042674	0.010215	139x104+194+245	0.076497	0.000052	0.000000	0.447619	0.000000	0.052741	0.000000
893	764	1786601594234	771.893	0.869	16119	105.7	0.013932	126x126+379+229	0.042674	0.010215	139x104+194+245	0.076504	0.000052	0.000000	0.447657	0.000000	0.052899	0.000000
894	765	1786601595108	772.767	0.863	16148	107.8	0.013932	126x126+379+229	0.042674	0.010215	139x104+194+245	0.076501	0.000052	0.000000	0.447638	0.000000	0.047639	0.000000
895	766	1786601595977	773.636	0.856	16178	108.8	0.013932	126x126+379+229	0.042674	0.010215	138x104+194+245	0.076393	0.000052	0.000000	0.447010	0.000000	0.057003	0.000000
896	767	1786601596837	774.496	0.870	16208	108.8	0.013932	126x126+379+229	0.042674	0.010215	138x104+194+245	0.076393	0.000052	0.000000	0.447010	0.000000	0.053628	0.000000
897	768	1786601597713	775.372	0.853	16239	107.9	0.013932	126x126+379+229	0.042674	0.010215	138x104+194+245	0.076393	0.000052	0.000000	0.447010	0.000000	0.053612	0.000000
898	768	1786601598570	776.229	0.882	16239	107.9	0.013932	126x126+379+229	0.042674	0.010215	138x104+194+245	0.076393	0.000052	0.000000	0.447010	0.000000	0.057003	0.000000
899	769	1786601599457	777.116	0.877	16269	106.8	0.013932	126x126+379+229	0.042674	0.010215	138x104+194+245	0.076393	0.000052	0.000000	0.447010	0.000000	0.047639	0.000000
900	770	1786601600339	777.998	0.878	16298	107.7	0.013932	126x126+379+229	0.042674	0.010215	138x104+194+245	0.076393	0.000052	0.000000	0.447010	0.000000	0.047639	0.000000
901	771	1786601601222	778.881	0.866	16328	111.9	0.013932	126x126+379+229	0.042674	0.010215	138x104+194+245	0.076393	0.000052	0.000000	0.447010	0.000000	0.045580	0.000000
902	772	1786601602092	779.751	0.813	16359	116.2	0.013932	126x126+379+229	0.042674	0.010215	138x104+194+245	0.076393	0.000052	0.000000	0.447010	0.000000	0.043140	0.000000
903	773	1786601602911	780.570	0.881	16392	120.3	0.013932	126x126+379+229	0.042674	0.010215	138x104+194+245	0.076393	0.000052	0.000000	0.447010	0.000000	0.044392	0.000000
904	773	1786601603797	781.456	0.904	16392	120.3	0.013932	126x126+379+229	0.042674	0.010208	140x104+194+245	0.076491	0.000052	0.000000	0.447581	0.000000	0.052804	0.000000
905	774	1786601604706	782.365	0.883	16425	121.5	0.013932	126x126+379+229	0.042674	0.010208	140x104+194+245	0.076491	0.000052	0.000000	0.447581	0.000000	0.050428	0.000000
906	775	1786601605594	783.253	0.851	16459	121.5	0.013932	126x126+379+229	0.042674	0.010208	140x104+194+245	0.076491	0.000052	0.000000	0.447581	0.000000	0.050428	0.000000
907	776	1786601606450	784.109	0.859	16492	122.0	0.013932	126x126+379+229	0.042674	0.010208	140x104+194+245	0.076491	0.000052	0.000000	0.447581	0.000000	0.050428	0.000000
908	777	1786601607314	784.973	0.841	16526	122.3	0.013932	126x126+379+229	0.042674	0.010208	140x104+194+245	0.076491	0.000052	0.000000	0.447581	0.000000	0.050428	0.000000
909	778	1786601608160	785.819	0.848	16560	121.3	0.013932	126x126+379+229	0.042674	0.010332	139x104+194+245	0.076240	0.000052	0.000000	0.446114	0.000000	0.050428	0.000000
910	779	1786601609012	786.671	0.871	16594	121.4	0.013932	126x126+379+229	0.042674	0.010332	139x104+194+245	0.076240	0.000052	0.000000	0.446114	0.000000	0.043203	0.000000
911	779	1786601609888	787.548	0.866	16594	121.4	0.013932	126x126+379+229	0.042674	0.010332	139x104+194+245	0.076240	0.000052	0.000000	0.446114	0.000000	0.043203	0.000000
912	780	1786601610760	788.419	0.860	16628	121.6	0.013932	126x126+379+229	0.042674	0.010332	139x104+194+245	0.076240	0.000052	0.000000	0.446114	0.000000	0.050428	0.000000
913	781	1786601611625	789.284	0.901	16661	121.6	0.013932	126x126+379+229	0.042674	0.010332	139x104+194+245	0.076240	0.000052	0.000000	0.446114	0.000000	0.050428	0.000000
914	782	1786601612531	790.190	0.881	16695	121.8	0.013932	126x126+379+229	0.042674	0.010332	139x104+194+245	0.076309	0.000052	0.000000	0.446114	0.000000	0.050428	0.000000
915	783	1786601613417	791.076	0.845	16729	121.9	0.013932	126x126+379+229	0.042674	0.010417	139x104+194+245	0.076344	0.000052	0.000000	0.445962	0.000000	0.050428	0.000000
916	784	1786601614267	791.927	0.837	16763	122.1	0.013932	126x126+379+229	0.042674	0.010417	139x104+194+245	0.076367	0.000052	0.000000	0.445924	0.000000	0.050428	0.000000
917	785	1786601615110	792.769	0.860	16797	123.3	0.013932	126x126+379+229	0.042674	0.010417	139x104+194+245	0.076387	0.000052	0.000000	0.445962	0.000000	0.050428	0.000000
918	785	1786601615975	793.634	0.877	16797	123.3	0.013932	126x126+379+229	0.042674	0.010417	139x104+194+245	0.076380	0.000052	0.000000	0.445962	0.000000	0.050364	0.000000
919	786	1786601616857	794.516	0.856	16831	123.2	0.013932	126x126+379+229	0.042674	0.010417	139x104+194+245	0.076299	0.000052	0.000000	0.446000	0.000000	0.050364	0.000000
920	787	1786601617719	795.378	0.806	16865	122.8	0.013932	126x126+379+229	0.042674	0.010417	139x104+194+245	0.076302	0.000052	0.000000	0.446000	0.000000	0.050364	0.000000
921	788	1786601618530	796.189	0.860	16899	122.5	0.013932	126x126+379+229	0.042674	0.010417	139x104+194+245	0.076279	0.000052	0.000000	0.445962	0.000000	0.050364	0.000000
922	789	1786601619395	797.054	0.853	16933	122.0	0.013932	126x126+379+229	0.042674	0.010417	139x104+194+245	0.076292	0.000052	0.000000	0.445962	0.000000	0.050364	0.000000
923	790	1786601620253	797.912	0.909	16967	121.2	0.013932	126x126+379+229	0.042674	0.009674	139x104+194+245	0.077207	0.000052	0.000000	0.451352	0.000000	0.050428	0.000000
924	791	1786601621167	798.826	0.871	17001	121.2	0.013932	126x126+379+229	0.042674	0.009674	139x104+194+245	0.077178	0.000052	0.000000	0.451352	0.000000	0.043203	0.000000
925	791	1786601622043	799.702	0.866	17001	121.2	0.013932	126x126+379+229	0.042674	0.009674	139x104+194+245	0.077240	0.000052	0.000000	0.451352	0.000000	0.043203	0.000000
926	792	1786601622915	800.574	0.833	17035	121.5	0.013932	126x126+379+229	0.042674	0.009674	139x104+194+245	0.077253	0.000052	0.000000	0.451352	0.000000	0.050428	0.000000
927	793	1786601623753	801.412	0.825	17068	120.5	0.013932	126x126+379+229	0.042674	0.009674	139x104+194+245	0.077194	0.000052	0.000000	0.451352	0.000000	0.043203	0.000000
928	794	1786601624583	802.242	0.839	17102	120.4	0.013932	126x126+379+229	0.042674	0.009674	139x104+194+245	0.077197	0.000052	0.000000	0.451352	0.000000	0.043203	0.000000
929	795	1786601625427	803.086	0.821	17135	119.0	0.013932	126x126+379+229	0.042674	0.009674	139x104+194+245	0.077207	0.000052	0.000000	0.451352	0.000000	0.043203	0.000000
930	796	1786601626253	803.912	0.896	17168	119.1	0.013932	126x126+379+229	0.042674	0.010771	138x104+194+245	0.075850	0.000052	0.000000	0.443505	0.000000	0.044011	0.000000
931	796	1786601627155	804.814	0.870	17168	119.1	0.013932	126x126+379+229	0.042674	0.010771	138x104+194+245	0.075856	0.000052	0.000000	0.443505	0.000000	0.044011	0.000000
932	797	1786601628031	805.690	0.891	17201	116.8	0.013932	126x126+379+229	0.042674	0.010771	138x104+194+245	0.075837	0.000052	0.000000	0.443505	0.000000	0.047402	0.000000
933	798	1786601628927	806.586	0.862	17234	116.0	0.013932	126x126+379+229	0.042674	0.010771	138x104+194+245	0.075837	0.000052	0.000000	0.443505	0.000000	0.038039	0.000000
934	799	1786601629794	807.453	0.847	17266	115.4	0.013932	126x126+379+229	0.042674	0.010771	138x104+194+245	0.075814	0.000052	0.000000	0.443505	0.000000	0.044392	0.000000
935	800	1786601630646	808.306	0.846	17298	115.5	0.013932	126x126+379+229	0.042674	0.010771	138x104+194+245	0.075811	0.000052	0.000000	0.443505	0.000000	0.044392	0.000000
936	801	1786601631498	809.157	0.869	17330	114.7	0.013932	126x126+379+229	0.042674	0.010771	138x104+194+245	0.075794	0.000052	0.000000	0.443505	0.000000	0.044392	0.000000
937	802	1786601632373	810.032	0.855	17362	110.9	0.013932	126x126+379+229	0.042674	0.010771	138x104+194+245	0.075794	0.000052	0.000000	0.443505	0.000000	0.043298	0.000000
938	802	1786601633233	810.892	0.869	17362	110.9	0.013932	126x126+379+229	0.042674	0.010342	138x104+194+245	0.076276	0.000052	0.000000	0.446324	0.000000	0.043203	0.000000
939	803	1786601634107	811.766	0.882	17393	112.9	0.013932	126x126+379+229	0.042674	0.010342	138x104+194+245	0.076276	0.000052	0.000000	0.446324	0.000000	0.043140	0.000000
940	804	1786601634994	812.653	0.866	17424	110.5	0.013932	126x126+379+229	0.042674	0.000000		0.000000	0.000052	0.000000	0.000000	0.000000	0.043203	0.000000
941	805	1786601635866	813.525	0.852	17455	109.2	0.013932	126x126+379+229	0.042674	0.000000		0.000000	0.000052	0.000000	0.000000	0.000000	0.045580	0.000000
942	806	1786601636723	814.382	0.852	17485	109.1	0.013932	126x126+379+229	0.042674	0.000000		0.000000	0.000052	0.000000	0.000000	0.000000	0.053612	0.000000
943	807	1786601637580	815.239	0.848	17516	109.8	0.013932	126x126+379+229	0.042674	0.000000		0.000000	0.000052	0.000000	0.000000	0.000000	0.053612	0.000000
944	807	1786601638432	816.091	0.853	17516	109.8	0.013932	126x126+379+229	0.042674	0.000000		0.000000	0.000052	0.000000	0.000000	0.000000	0.045580	0.000000
945	808	1786601639291	816.950	0.857	17546	110.0	0.013932	126x126+379+229	0.042674	0.000000		0.000000	0.000052	0.000000	0.000000	0.000000	0.045580	0.000000
946	809	1786601640153	817.812	0.873	17577	109.7	0.013932	126x126+379+229	0.042674	0.000000		0.000000	0.000052	0.000000	0.000000	0.000000	0.045580	0.000000
947	810	1786601641031	818.690	0.852	17607	110.0	0.013932	126x126+379+229	0.042674	0.000000		0.000000	0.000052	0.000000	0.000000	0.000000	0.045580	0.000000
948	811	1786601641889	819.548	0.863	17638	110.9	0.013932	126x126+379+229	0.042674	0.000000		0.000000	0.000052	0.000000	0.000000	0.000000	0.045580	0.000000
949	812	1786601642756	820.415	0.874	17669	110.7	0.013932	126x126+379+229	0.042674	0.000000		0.000000	0.000052	0.000000	0.000000	0.000000	0.035979	0.000000
950	813	1786601643635	821.294	0.853	17699	112.6	0.013932	126x126+379+229	0.042674	0.000000		0.000000	0.000052	0.000000	0.000000	0.000000	0.035979	0.000000
951	813	1786601644493	822.152	0.857	17699	112.6	0.013932	126x126+379+229	0.042674	0.000000		0.000000	0.000052	0.000000	0.000000	0.000000	0.043140	0.000000
952	814	1786601645356	823.015	0.866	17731	114.5	0.013932	126x126+379+229	0.042674	0.000000		0.000000	0.000052	0.000000	0.000000	0.000000	0.043489	0.000000
953	815	1786601646228	823.887	0.861	17762	114.8	0.013932	126x126+379+229	0.042674	0.000000		0.000000	0.000052	0.000000	0.000000	0.000000	0.043298	0.000000
954	816	1786601647094	824.753	0.831	17794	115.7	0.013932	126x126+379+229	0.042674	0.000000		0.000000	0.000052	0.000000	0.000000	0.000000	0.043298	0.000000
955	817	1786601647931	825.590	0.869	17826	116.1	0.013932	126x126+379+229	0.042674	0.000000		0.000000	0.000052	0.000000	0.000000	0.000000	0.044392	0.000000
956	818	1786601648805	826.464	0.865	17859	115.4	0.013932	126x126+379+229	0.042674	0.000000		0.000000	0.000052	0.000000	0.000000	0.000000	0.044392	0.000000
957	819	1786601649676	827.335	0.851	17891	114.7	0.013932	126x126+379+229	0.042674	0.000000		0.000000	0.000052	0.000000	0.000000	0.000000	0.044392	0.000000
958	819	1786601650533	828.192	0.876	17891	114.7	0.013932	126x126+379+229	0.042674	0.000000		0.000000	0.000052	0.000000	0.000000	0.000000	0.043298	0.000000
959	820	1786601651415	829.074	0.846	17923	115.0	0.013932	126x126+379+229	0.042674	0.000000		0.000000	0.000052	0.000000	0.000000	0.000000	0.043298	0.000000
960	821	1786601652267	829.926	0.908	17954	114.8	0.013932	126x126+379+229	0.042674	0.000000		0.000000	0.000052	0.000000	0.000000	0.000000	0.043298	0.000000
961	822	1786601653180	830.839	0.892	17986	114.4	0.013932	126x126+379+229	0.042674	0.000000		0.000000	0.000052	0.000000	0.000000	0.000000	0.043298	0.000000
962	823	1786601654077	831.736	0.857	18018	114.8	0.013932	126x126+379+229	0.042674	0.000000		0.000000	0.000052	0.000000	0.000000	0.000000	0.043298	0.000000
963	824	1786601654940	832.599	0.857	18050	114.7	0.013932	126x126+379+229	0.042674	0.000000		0.000000	0.000052	0.000000	0.000000	0.000000	0.043298	0.000000
964	825	1786601655803	833.462	0.843	18082	115.4	0.013932	126x126+379+229	0.042674	0.000000		0.000000	0.000052	0.000000	0.000000	0.000000	0.043298	0.000000
965	825	1786601656651	834.310	0.885	18082	115.4	0.013932	126x126+379+229	0.042674	0.000000		0.000000	0.000052	0.000000	0.000000	0.000000	0.044392	0.000000
966	826	1786601657542	835.201	0.914	18114	116.2	0.013932	126x126+379+229	0.042674	0.000000		0.000000	0.000052	0.000000	0.000000	0.000000	0.044392	0.000000
967	827	1786601658462	836.121	0.877	18146	116.8	0.013932	126x126+379+229	0.042674	0.000000		0.000000	0.000052	0.000000	0.000000	0.000000	0.038039	0.000000
968	828	1786601659345	837.004	0.870	18179	118.8	0.013932	126x126+379+229	0.042674	0.000000		0.000000	0.000052	0.000000	0.000000	0.000000	0.047402	0.000000
969	829	1786601660220	837.879	0.866	18212	119.5	0.013932	126x126+379+229	0.042674	0.000000		0.000000	0.000052	0.000000	0.000000	0.000000	0.044011	0.000000
970	830	1786601661092	838.751	0.853	18245	119.2	0.013932	126x126+379+229	0.042674	0.000000		0.000000	0.000052	0.000000	0.000000	0.000000	0.052804	0.000000
971	831	1786601661951	839.610	0.862	18278	119.4	0.013932	126x126+379+229	0.042674	0.000000		0.000000	0.000052	0.000000	0.000000	0.000000	0.044011	0.000000
972	831	1786601662819	840.478	0.902	18278	119.4	0.013932	126x126+379+229	0.042674	0.000000		0.000000	0.000052	0.000000	0.000000	0.000000	0.052804	0.000000
973	832	1786601663727	841.386	0.857	18311	119.2	0.013932	126x126+379+229	0.042674	0.000000		0.000000	0.000052	0.000000	0.000000	0.000000	0.044011	0.000000
974	833	1786601664589	842.248	0.898	18344	119.3	0.013932	126x126+379+229	0.042674	0.000000		0.000000	0.000052	0.000000	0.000000	0.000000	0.044011	0.000000
975	834	1786601665493	843.152	0.870	18377	119.4	0.013932	126x126+379+229	0.042674	0.000000		0.000000	0.000052	0.000000	0.000000	0.000000	0.052804	0.000000
976	835	1786601666368	844.027	0.863	18411	119.9	0.013932	126x126+379+229	0.042674	0.000000		0.000000	0.000052	0.000000	0.000000	0.000000	0.052804	0.000000
977	836	1786601667237	844.896	0.866	18444	121.3	0.013932	126x126+379+229	0.042674	0.000000		0.000000	0.000052	0.000000	0.000000	0.000000	0.052804	0.000000
978	837	1786601668108	845.767	0.842	18478	121.5	0.013932	126x126+379+229	0.042674	0.000000		0.000000	0.000052	0.000000	0.000000	0.000000	0.043203	0.000000
979	837	1786601668955	846.615	0.864	18478	121.5	0.013932	126x126+379+229	0.042674	0.000000		0.000000	0.000052	0.000000	0.000000	0.000000	0.050428	0.000000
980	838	1786601669825	847.484	0.871	18511	123.4	0.013932	126x126+379+229	0.042674	0.000000		0.000000	0.000052	0.000000	0.000000	0.000000	0.050364	0.000000
981	839	1786601670702	848.361	0.886	18546	123.9	0.013932	126x126+379+229	0.042674	0.000000		0.000000	0.000052	0.000000	0.000000	0.000000	0.050713	0.000000
982	840	1786601671593	849.252	0.885	18580	123.9	0.013932	126x126+379+229	0.042674	0.000000		0.000000	0.000052	0.000000	0.000000	0.000000	0.050713	0.000000
983	841	1786601672482	850.141	0.857	18614	124.2	0.013932	126x126+379+229	0.042674	0.000000		0.000000	0.000052	0.000000	0.000000	0.000000	0.050713	0.000000
984	842	1786601673344	851.003	0.828	18649	124.8	0.013932	126x126+379+229	0.042674	0.000000		0.000020	0.000052	0.000000	0.000000	0.000000	0.050713	0.000000
985	843	1786601674178	851.837	0.852	18684	124.5	0.013932	126x126+379+229	0.042674	0.000000		0.000296	0.000052	0.000000	0.000000	0.000000	0.050523	0.000000
986	843	1786601675035	852.694	0.875	18684	124.5	0.013932	126x126+379+229	0.042674	0.000000		0.000404	0.000052	0.000000	0.000000	0.000000	0.050523	0.000000
987	844	1786601675916	853.575	0.880	18718	124.7	0.013932	126x126+379+229	0.042674	0.000000		0.000290	0.000052	0.000000	0.000000	0.000000	0.050523	0.000000
988	845	1786601676802	854.461	0.850	18753	124.0	0.013932	126x126+379+229	0.042674	0.000000		0.000316	0.000052	0.000000	0.000000	0.000000	0.050713	0.000000
989	846	1786601677658	855.317	0.876	18787	125.0	0.013932	126x126+379+229	0.042674	0.000000		0.000277	0.000052	0.000000	0.000000	0.000000	0.050523	0.000000
990	847	1786601678541	856.200	0.893	18822	124.8	0.013932	126x126+379+229	0.042674	0.000000		0.000332	0.000052	0.000000	0.000400	0.000000	0.054072	0.000000
991	848	1786601679439	857.098	0.841	18857	125.8	0.013932	126x126+379+229	0.042674	0.000000		0.000387	0.091615	0.011247	0.000952	0.000000	0.009284	0.445627
992	849	1786601680286	857.945	0.878	18892	125.0	0.013932	126x126+379+229	0.060069	0.000000		0.000495	0.091462	0.011455	0.001390	0.000000	0.017918	0.444883
993	849	1786601681170	858.829	0.862	18892	125.0	0.013932	126x126+379+229	0.053403	0.000000		0.000514	0.091615	0.011247	0.000533	0.000000	0.030307	0.445627
994	850	1786601682038	859.697	0.870	18926	125.2	0.013932	126x126+379+229	0.051146	0.000000		0.000602	0.091615	0.011247	0.001390	0.000000	0.031606	0.445627
995	851	1786601682914	860.573	0.890	18961	125.6	0.013932	126x126+379+229	0.042674	0.000000		0.000273	0.091462	0.011455	0.000743	0.000000	0.017237	0.444883
996	852	1786601683810	861.469	0.841	18996	124.6	0.013932	126x126+379+229	0.042674	0.000000		0.000430	0.091615	0.011247	0.001410	0.000000	0.006226	0.445627
997	853	1786601684657	862.316	0.866	19031	123.5	0.013932	126x126+379+229	0.042674	0.000000		0.000397	0.000052	0.000000	0.000305	0.000000	0.050713	0.000000
998	854	1786601685528	863.187	0.864	19065	123.1	0.013932	126x126+379+229	0.042674	0.000000		0.000563	0.000052	0.000000	0.000190	0.000000	0.050713	0.000000
999	855	1786601686398	864.057	0.856	19099	122.4	0.013932	126x126+379+229	0.042674	0.000000		0.000469	0.000052	0.000000	0.000000	0.000000	0.050364	0.000000
1000	855	1786601687260	864.919	0.899	19099	122.4	0.013932	126x126+379+229	0.042674	0.000000		0.000462	0.000052	0.000000	0.000000	0.000000	0.050364	0.000000
1001	856	1786601688164	865.823	0.898	19133	122.9	0.013932	126x126+379+229	0.042674	0.000000		0.000322	0.000052	0.000000	0.000000	0.000000	0.050364	0.000000
1002	857	1786601689068	866.727	0.880	19167	122.3	0.013932	126x126+379+229	0.042674	0.000000		0.000199	0.000052	0.000000	0.000000	0.000000	0.050364	0.000000
1003	858	1786601689954	867.613	0.867	19201	123.0	0.013932	126x126+379+229	0.042674	0.000000		0.000062	0.000052	0.000000	0.000000	0.000000	0.057208	0.000000
1004	859	1786601690826	868.485	0.874	19235	122.5	0.013932	126x126+379+229	0.042674	0.000000		0.000046	0.000052	0.000000	0.000000	0.000000	0.055719	0.000000
1005	860	1786601691706	869.365	0.861	19269	122.7	0.013932	126x126+379+229	0.042674	0.000000		0.000280	0.000052	0.000000	0.000000	0.000000	0.057018	0.000000
1006	861	1786601692572	870.231	0.850	19304	123.2	0.013932	126x126+379+229	0.042674	0.000000		0.000094	0.000052	0.000000	0.000000	0.000000	0.055814	0.000000
1007	861	1786601693428	871.087	0.869	19304	123.2	0.013932	126x126+379+229	0.042674	0.000000		0.000013	0.000052	0.000000	0.000000	0.000000	0.050713	0.000000
1008	862	1786601694302	871.961	0.892	19338	123.9	0.013932	126x126+379+229	0.042674	0.000000		0.000000	0.000052	0.000000	0.000000	0.000000	0.050713	0.000000
1009	863	1786601695200	872.859	0.882	19372	123.7	0.013932	126x126+379+229	0.042674	0.000000		0.000000	0.000052	0.000000	0.000000	0.000000	0.050713	0.000000
1010	864	1786601696087	873.746	0.900	19407	124.1	0.013932	126x126+379+229	0.042674	0.000000		0.000000	0.000052	0.000000	0.000000	0.000000	0.050713	0.000000
1011	865	1786601696993	874.652	0.899	19441	124.5	0.013932	126x126+379+229	0.042674	0.000000		0.000000	0.000052	0.000000	0.000000	0.000000	0.050523	0.000000
1012	866	1786601697897	875.556	0.894	19476	124.5	0.013932	126x126+379+229	0.042674	0.000000		0.000000	0.000052	0.000000	0.000000	0.000000	0.050523	0.000000
1013	867	1786601698795	876.454	0.914	19510	124.3	0.013932	126x126+379+229	0.042674	0.000000		0.000000	0.000052	0.000000	0.000000	0.000000	0.050523	0.000000
1014	868	1786601699714	877.373	0.894	19545	123.5	0.013932	126x126+379+229	0.042674	0.000000		0.000000	0.000052	0.000000	0.000000	0.000000	0.050523	0.000000
1015	869	1786601700613	878.272	0.897	19579	123.5	0.013932	126x126+379+229	0.042674	0.000000		0.000000	0.000052	0.000000	0.000000	0.000000	0.050713	0.000000
1016	869	1786601701515	879.174	0.863	19579	123.5	0.013932	126x126+379+229	0.042674	0.000000		0.000000	0.000052	0.000000	0.000000	0.000000	0.050713	0.000000
1017	870	1786601702383	880.042	0.875	19613	124.2	0.013932	126x126+379+229	0.042674	0.000000		0.000000	0.000052	0.000000	0.000000	0.000000	0.050523	0.000000
1018	871	1786601703263	880.922	0.894	19648	124.9	0.013932	126x126+379+229	0.042674	0.000000		0.000000	0.091615	0.011247	0.000000	0.000000	0.000000	0.445627
1019	872	1786601704162	881.821	0.899	19682	124.9	0.013932	126x126+379+229	0.042674	0.000000		0.000000	0.091615	0.011247	0.000000	0.000000	0.000000	0.445627
1020	873	1786601705066	882.725	0.893	19717	125.1	0.013932	126x126+379+229	0.042674	0.000000		0.000000	0.091615	0.011247	0.000000	0.000000	0.000000	0.445627
1021	874	1786601705965	883.624	0.864	19752	124.0	0.013932	126x126+379+229	0.042674	0.000000		0.000000	0.000052	0.000000	0.000000	0.000000	0.050523	0.000000
1022	875	1786601706834	884.493	0.836	19786	123.9	0.013932	126x126+379+229	0.042674	0.000000		0.000000	0.000052	0.000000	0.000000	0.000000	0.050713	0.000000
1023	875	1786601707676	885.335	0.856	19786	123.9	0.013932	126x126+379+229	0.042674	0.000000		0.000000	0.000052	0.000000	0.000000	0.000000	0.050713	0.000000
1024	876	1786601708536	886.195	0.893	19821	125.2	0.013932	126x126+379+229	0.042674	0.000000		0.000000	0.091462	0.011455	0.000000	0.000000	0.000000	0.444883
1025	877	1786601709434	887.093	0.893	19856	125.0	0.013932	126x126+379+229	0.042674	0.000000		0.000000	0.091615	0.011247	0.000000	0.000000	0.000000	0.445627
1026	878	1786601710332	887.991	0.896	19890	124.8	0.013932	126x126+379+229	0.042674	0.000000		0.000000	0.091615	0.011247	0.000000	0.000000	0.000000	0.445627
1027	879	1786601711234	888.893	0.878	19925	125.8	0.013932	126x126+379+229	0.042674	0.000000		0.000000	0.091462	0.011455	0.000000	0.000000	0.000000	0.444883
1028	880	1786601712117	889.776	0.964	19960	124.8	0.013932	126x126+379+229	0.042674	0.000000		0.000000	0.091462	0.011455	0.000000	0.000000	0.000000	0.444883
1029	881	1786601713086	890.745	0.921	19995	125.4	0.013932	126x126+379+229	0.042674	0.000000		0.000000	0.091615	0.011247	0.000000	0.000000	0.000000	0.445627
1030	882	1786601714012	891.671	0.922	20029	125.6	0.013932	126x126+379+229	0.042674	0.000000		0.000000	0.091462	0.011455	0.000000	0.000000	0.000000	0.444883
1031	883	1786601714940	892.599	0.937	20064	125.2	0.013932	126x126+379+229	0.042674	0.000000		0.000000	0.091462	0.011455	0.000000	0.000000	0.000000	0.444883
1032	884	1786601715882	893.541	0.945	20099	126.5	0.013932	126x126+379+229	0.042674	0.000000		0.000000	0.091615	0.011247	0.000000	0.000000	0.000000	0.445627
1033	884	1786601716832	894.491	0.914	20099	126.5	0.013932	126x126+379+229	0.042674	0.000000		0.000000	0.092946	0.010189	0.000000	0.000000	0.000000	0.452107
1034	885	1786601717751	895.410	0.882	20134	125.9	0.013932	126x126+379+229	0.042674	0.000000		0.000000	0.091462	0.011455	0.000000	0.000000	0.000000	0.444883
1035	886	1786601718639	896.298	0.939	20169	125.7	0.013932	126x126+379+229	0.042674	0.000000		0.000000	0.091462	0.011455	0.000000	0.000000	0.000000	0.444883
1036	887	1786601719583	897.242	1.001	20204	125.5	0.013932	126x126+379+229	0.042674	0.000000		0.000000	0.091462	0.011455	0.000000	0.000000	0.000000	0.444883
1037	888	1786601720590	898.249	0.911	20239	125.8	0.013932	126x126+379+229	0.042674	0.000000		0.000000	0.091462	0.011455	0.000000	0.000000	0.000000	0.444883
1038	889	1786601721507	899.166	0.938	20274	125.7	0.013932	126x126+379+229	0.042674	0.000000		0.000000	0.091462	0.011455	0.000000	0.000000	0.000000	0.444883
1039	890	1786601722450	900.109	0.898	20309	125.6	0.013932	126x126+379+229	0.042674	0.000000		0.000000	0.091462	0.011455	0.000000	0.000000	0.000000	0.444883
1040	891	1786601723354	901.013	0.895	20344	126.1	0.013932	126x126+379+229	0.042674	0.000000		0.000000	0.091462	0.011455	0.000000	0.000000	0.000000	0.444883
1041	892	1786601724255	901.914	0.957	20379	126.5	0.013932	126x126+379+229	0.042674	0.000000		0.000000	0.092946	0.010189	0.000000	0.000000	0.000000	0.452107
1042	893	1786601725217	902.876	0.858	20414	126.8	0.013932	126x126+379+229	0.042674	0.000000		0.000000	0.092946	0.010189	0.000000	0.000000	0.000000	0.452107
1043	894	1786601726080	903.739	0.857	20449	126.8	0.013932	126x126+379+229	0.042674	0.000000		0.000000	0.092946	0.010189	0.000000	0.000000	0.000000	0.452107
1044	894	1786601726943	904.602	0.890	20449	126.8	0.013932	126x126+379+229	0.042674	0.000000		0.000000	0.092946	0.010189	0.000000	0.000000	0.000000	0.452107
1045	895	1786601727839	905.498	0.846	20484	126.8	0.013932	126x126+379+229	0.042674	0.000000		0.000000	0.092946	0.010189	0.000000	0.000000	0.000000	0.452107
1046	896	1786601728690	906.349	0.884	20520	126.4	0.013932	126x126+379+229	0.042674	0.000000		0.000000	0.092946	0.010189	0.000000	0.000000	0.000000	0.452107
1047	897	1786601729579	907.238	0.871	20555	126.1	0.013932	126x126+379+229	0.042674	0.000000		0.000000	0.091462	0.011455	0.000000	0.000000	0.000000	0.444883
1048	898	1786601730455	908.114	0.908	20590	125.6	0.013932	126x126+379+229	0.042674	0.000000		0.000000	0.091462	0.011455	0.000000	0.000000	0.000000	0.444883
1049	899	1786601731369	909.028	0.877	20625	125.7	0.013932	126x126+379+229	0.042674	0.000000		0.000000	0.091462	0.011455	0.000000	0.000000	0.000000	0.444883
1050	900	1786601732251	909.910	0.867	20659	125.5	0.013932	126x126+379+229	0.042674	0.000000		0.000000	0.091462	0.011455	0.000000	0.000000	0.000000	0.444883
1051	900	1786601733123	910.782	0.869	20659	125.5	0.013932	126x126+379+229	0.042674	0.000000		0.000000	0.091462	0.011455	0.000000	0.000000	0.000000	0.444883
1052	901	1786601733997	911.656	0.897	20694	125.1	0.013932	126x126+379+229	0.042674	0.000000		0.000000	0.091615	0.011247	0.000000	0.000000	0.000000	0.445627
1053	902	1786601734899	912.558	0.888	20729	124.1	0.013932	126x126+379+229	0.042674	0.000000		0.000000	0.000052	0.000000	0.000000	0.000000	0.050713	0.000000
1054	903	1786601735793	913.452	0.859	20764	123.4	0.013932	126x126+379+229	0.042674	0.000000		0.000000	0.000052	0.000000	0.000000	0.000000	0.050713	0.000000
1055	904	1786601736657	914.316	0.891	20798	123.6	0.013932	126x126+379+229	0.042674	0.000000		0.000000	0.000052	0.000000	0.000000	0.000000	0.050713	0.000000
1056	905	1786601737554	915.213	0.866	20832	123.0	0.013932	126x126+379+229	0.042674	0.000000		0.000000	0.000052	0.000000	0.000000	0.000000	0.050364	0.000000
1057	906	1786601738425	916.084	0.868	20866	122.4	0.013932	126x126+379+229	0.042674	0.000000		0.000000	0.000052	0.000000	0.000000	0.000000	0.050364	0.000000
1058	907	1786601739298	916.957	0.867	20900	121.0	0.013932	126x126+379+229	0.042674	0.000000		0.000000	0.000052	0.000000	0.000000	0.000000	0.050364	0.000000
1059	907	1786601740170	917.829	0.883	20900	121.0	0.013932	126x126+379+229	0.042674	0.000000		0.000000	0.000052	0.000000	0.000000	0.000000	0.043203	0.000000
1060	908	1786601741059	918.718	0.877	20934	120.4	0.013932	126x126+379+229	0.042674	0.000000		0.000000	0.000052	0.000000	0.000000	0.000000	0.043203	0.000000
1061	909	1786601741941	919.600	0.851	20967	120.2	0.013932	126x126+379+229	0.042674	0.000000		0.000000	0.000052	0.000000	0.000000	0.000000	0.052804	0.000000
1062	910	1786601742797	920.456	0.911	21001	119.5	0.013932	126x126+379+229	0.042674	0.000000		0.000000	0.000052	0.000000	0.000000	0.000000	0.052804	0.000000
1063	911	1786601743713	921.372	0.840	21034	119.5	0.013932	126x126+379+229	0.042674	0.000000		0.000000	0.000052	0.000000	0.000000	0.000000	0.052804	0.000000
1064	912	1786601744559	922.218	0.888	21067	119.4	0.013932	126x126+379+229	0.042674	0.000000		0.000000	0.000052	0.000000	0.000000	0.000000	0.052804	0.000000
1065	913	1786601745452	923.111	0.893	21100	118.9	0.013932	126x126+379+229	0.042674	0.000000		0.000000	0.000052	0.000000	0.000000	0.000000	0.052804	0.000000
1066	913	1786601746350	924.009	0.856	21100	118.9	0.013932	126x126+379+229	0.042674	0.000000		0.000000	0.000052	0.000000	0.000000	0.000000	0.044011	0.000000
1067	914	1786601747211	924.870	0.865	21133	117.7	0.013932	126x126+379+229	0.042674	0.000000		0.000000	0.000052	0.000000	0.000000	0.000000	0.047402	0.000000
1068	915	1786601748082	925.741	0.878	21166	117.7	0.013932	126x126+379+229	0.042674	0.000000		0.000000	0.000052	0.000000	0.000000	0.000000	0.047402	0.000000
1069	916	1786601748965	926.625	0.839	21199	117.7	0.013932	126x126+379+229	0.042674	0.000000		0.000000	0.000052	0.000000	0.000000	0.000000	0.047402	0.000000
1070	917	1786601749810	927.469	0.900	21232	117.7	0.013932	126x126+379+229	0.042674	0.000000		0.000000	0.000052	0.000000	0.000000	0.000000	0.047402	0.000000
1071	918	1786601750715	928.374	0.846	21264	117.3	0.013932	126x126+379+229	0.042674	0.000000		0.000000	0.000052	0.000000	0.000000	0.000000	0.047402	0.000000
1072	919	1786601751567	929.226	0.887	21297	117.9	0.013932	126x126+379+229	0.042674	0.000000		0.000000	0.000052	0.000000	0.000000	0.000000	0.047402	0.000000
1073	919	1786601752460	930.119	0.855	21297	117.9	0.013932	126x126+379+229	0.042674	0.000000		0.000000	0.000052	0.000000	0.000000	0.000000	0.047402	0.000000
1074	920	1786601753320	930.979	0.871	21330	116.3	0.013932	126x126+379+229	0.042674	0.000000		0.000000	0.000052	0.000000	0.000000	0.000000	0.038039	0.000000
1075	921	1786601754196	931.855	0.876	21362	116.2	0.013932	126x126+379+229	0.042674	0.000000		0.000000	0.000052	0.000000	0.000000	0.000000	0.038039	0.000000
1076	922	1786601755077	932.736	0.897	21394	116.9	0.013932	126x126+379+229	0.042674	0.000000		0.000000	0.000052	0.000000	0.000000	0.000000	0.038039	0.000000
1077	923	1786601755979	933.638	0.867	21427	116.6	0.013932	126x126+379+229	0.042674	0.000000		0.000000	0.000052	0.000000	0.000000	0.000000	0.038039	0.000000
1078	924	1786601756851	934.510	0.891	21459	117.1	0.013932	126x126+379+229	0.042674	0.000000		0.000000	0.000052	0.000000	0.000000	0.000000	0.038039	0.000000
1079	925	1786601757747	935.406	0.850	21492	117.3	0.013932	126x126+379+229	0.042674	0.000000		0.000000	0.000052	0.000000	0.000000	0.000000	0.047402	0.000000
1080	925	1786601758603	936.262	0.872	21492	117.3	0.013932	126x126+379+229	0.042674	0.000000		0.000000	0.000052	0.000000	0.000000	0.000000	0.047402	0.000000
1081	926	1786601759481	937.140	0.893	21524	116.8	0.013932	126x126+379+229	0.042674	0.000000		0.000000	0.000052	0.000000	0.000000	0.000000	0.038039	0.000000
1082	927	1786601760379	938.038	0.873	21557	116.2	0.013932	126x126+379+229	0.042674	0.000000		0.000000	0.000052	0.000000	0.000000	0.000000	0.044392	0.000000
1083	928	1786601761260	938.919	0.908	21589	117.7	0.013932	126x126+379+229	0.042674	0.000000		0.000000	0.000052	0.000000	0.000000	0.000000	0.047402	0.000000
1084	929	1786601762174	939.833	0.897	21622	117.3	0.013932	126x126+379+229	0.042674	0.000000		0.000000	0.000052	0.000000	0.000000	0.000000	0.047402	0.000000
1085	930	1786601763077	940.736	0.864	21654	116.2	0.013932	126x126+379+229	0.042674	0.000000		0.000000	0.000052	0.000000	0.000000	0.000000	0.038039	0.000000
1086	931	1786601763947	941.606	0.893	21686	115.8	0.013932	126x126+379+229	0.042674	0.000000		0.000000	0.000052	0.000000	0.000000	0.000000	0.044392	0.000000
1087	932	1786601764846	942.505	0.849	21719	116.4	0.013932	126x126+379+229	0.042674	0.000000		0.000000	0.000052	0.000000	0.000000	0.000000	0.044392	0.000000
1088	932	1786601765701	943.360	0.888	21719	116.4	0.013932	126x126+379+229	0.042674	0.000000		0.000000	0.000052	0.000000	0.000000	0.000000	0.038039	0.000000
1089	933	1786601766594	944.253	0.902	21751	116.7	0.013932	126x126+379+229	0.042674	0.000000		0.000000	0.000052	0.000000	0.000000	0.000000	0.038039	0.000000
1090	934	1786601767501	945.161	0.886	21783	116.9	0.013932	126x126+379+229	0.042674	0.000000		0.000000	0.000052	0.000000	0.000000	0.000000	0.038039	0.000000
1091	935	1786601768393	946.052	0.889	21816	116.0	0.013932	126x126+379+229	0.042674	0.000000		0.000000	0.000052	0.000000	0.000000	0.000000	0.044392	0.000000
1092	936	1786601769288	946.947	0.883	21848	113.9	0.013932	126x126+379+229	0.042674	0.000000		0.000000	0.000052	0.000000	0.000000	0.000000	0.043298	0.000000
1093	937	1786601770177	947.836	0.910	21880	112.4	0.013932	126x126+379+229	0.042674	0.000000		0.000000	0.000052	0.000000	0.000000	0.000000	0.043140	0.000000
1094	938	1786601771093	948.752	0.857	21911	110.7	0.013932	126x126+379+229	0.042674	0.000000		0.000000	0.000052	0.000000	0.000000	0.000000	0.043203	0.000000
1095	939	1786601771956	949.616	0.884	21942	109.6	0.013932	126x126+379+229	0.042674	0.000000		0.000000	0.000052	0.000000	0.000000	0.000000	0.035979	0.000000
1096	939	1786601772845	950.504	0.887	21942	109.6	0.013932	126x126+379+229	0.042674	0.000000		0.000000	0.000052	0.000000	0.000000	0.000000	0.045580	0.000000
1097	940	1786601773738	951.397	0.908	21972	107.4	0.013932	126x126+379+229	0.042674	0.000000		0.000000	0.000052	0.000000	0.000000	0.000000	0.057003	0.000000
1098	941	1786601774652	952.311	0.899	22002	105.5	0.013932	126x126+379+229	0.042674	0.000000		0.000000	0.000052	0.000000	0.000000	0.000000	0.053992	0.000000
1099	942	1786601775556	953.215	0.917	22031	102.5	0.013932	126x126+379+229	0.042674	0.000000		0.000000	0.000052	0.000000	0.000000	0.000000	0.052741	0.000000
1100	943	1786601776479	954.138	0.872	22060	98.2	0.013932	126x126+379+229	0.042674	0.000000		0.000000	0.000052	0.000000	0.000000	0.000000	0.040051	0.000000
1101	944	1786601777356	955.015	0.880	22087	93.1	0.013932	126x126+379+229	0.042674	0.000000		0.000000	0.000052	0.000000	0.000000	0.000000	0.039338	0.000000
1102	945	1786601778241	955.900	0.838	22113	81.1	0.013932	126x126+379+229	0.042674	0.000000		0.000000	0.000052	0.000000	0.000000	0.000000	0.037468	0.000000
1103	946	1786601779084	956.743	0.874	22135	80.9	0.013932	126x126+379+229	0.042674	0.000000		0.000000	0.000052	0.000000	0.000000	0.000000	0.042633	0.000000
1104	946	1786601779963	957.622	0.887	22135	80.9	0.013932	126x126+379+229	0.042674	0.000000		0.000000	0.000052	0.000000	0.000000	0.000000	0.035409	0.000000
1105	947	1786601780856	958.515	0.875	22158	68.8	0.013932	126x126+379+229	0.042674	0.000000		0.001042	0.000052	0.000000	0.000267	0.000000	0.035646	0.000000
1106	948	1786601781737	959.396	0.908	22177	69.0	0.013932	126x126+379+229	0.042674	0.000000		0.000876	0.000052	0.000000	0.000267	0.000000	0.040431	0.000000
1107	949	1786601782651	960.310	0.905	22196	69.5	0.013932	126x126+379+229	0.042674	0.000000		0.000785	0.000052	0.000000	0.002019	0.000000	0.035646	0.000000
1108	950	1786601783562	961.221	0.875	22215	69.7	0.013932	126x126+379+229	0.042674	0.000000		0.000648	0.000052	0.000000	0.002210	0.000000	0.035646	0.000000
1109	951	1786601784443	962.102	0.885	22235	67.1	0.013932	126x126+379+229	0.042674	0.000000		0.000635	0.000052	0.000000	0.002495	0.000000	0.040431	0.000000
1110	952	1786601785334	962.993	0.882	22253	67.1	0.013932	126x126+379+229	0.042674	0.000000		0.000485	0.000052	0.000000	0.001600	0.000000	0.034458	0.000000
1111	953	1786601786221	963.880	0.874	22272	64.1	0.013932	126x126+379+229	0.042674	0.000000		0.000228	0.000052	0.000000	0.000514	0.000000	0.034458	0.000000
1112	953	1786601787100	964.759	0.920	22272	64.1	0.013932	126x126+379+229	0.042674	0.000000		0.000003	0.000052	0.000000	0.000000	0.000000	0.039908	0.000000
1113	954	1786601788026	965.685	0.893	22290	63.8	0.013932	126x126+379+229	0.042674	0.000000		0.000000	0.000052	0.000000	0.000000	0.000000	0.039908	0.000000
1114	955	1786601788924	966.583	0.884	22308	60.4	0.013932	126x126+379+229	0.042674	0.000000		0.000000	0.000052	0.000000	0.000000	0.000000	0.032399	0.000000
1115	956	1786601789813	967.472	0.872	22324	60.4	0.013932	126x126+379+229	0.042674	0.000000		0.000000	0.000052	0.000000	0.000000	0.000000	0.032399	0.000000
1116	957	1786601790690	968.349	0.864	22341	52.1	0.013932	126x126+379+229	0.042674	0.000000		0.000000	0.000052	0.000000	0.000000	0.000000	0.038815	0.000000
1117	958	1786601791559	969.218	0.873	22356	52.5	0.000000		0.028021	0.000000		0.000000	0.000026	0.000000	0.000000	0.000000	0.038466	0.000000
1118	959	1786601792437	970.096	0.854	22370	31.0	0.013932	126x126+379+229	0.029201	0.000000		0.000000	0.000052	0.000000	0.000000	0.000000	0.038815	0.000000
1119	960	1786601793296	970.955	0.905	22379	31.2	0.013932	126x126+379+229	0.029201	0.000000		0.000000	0.000052	0.000000	0.000000	0.000000	0.038371	0.000000
1120	960	1786601794206	971.865	0.935	22379	31.2	0.013932	126x126+379+229	0.029201	0.000000		0.000000	0.000052	0.000000	0.000000	0.000000	0.031147	0.000000
1121	961	1786601795146	972.806	0.937	22387	31.0	0.013932	126x126+379+229	0.029201	0.000000		0.000000	0.000052	0.000000	0.000000	0.000000	0.031147	0.000000
1122	962	1786601796089	973.748	0.884	22396	18.5	0.013932	126x126+379+229	0.029201	0.000000		0.000189	0.000052	0.000000	0.000305	0.000000	0.032018	0.000000
1123	963	1786601796978	974.637	0.901	22401	18.7	0.013932	126x126+379+229	0.029201	0.000000		0.000339	0.000052	0.000000	0.000457	0.000000	0.032018	0.000000
1124	964	1786601797884	975.543	0.905	22406	18.8	0.013932	126x126+379+229	0.029201	0.000000		0.000407	0.000052	0.000000	0.000610	0.000000	0.032018	0.000000
1125	965	1786601798794	976.453	0.857	22412	18.7	0.013932	126x126+379+229	0.029201	0.000000		0.000501	0.000052	0.000000	0.000914	0.000000	0.032018	0.000000
1126	966	1786601799656	977.315	0.872	22417	18.6	0.013932	126x126+379+229	0.029201	0.000000		0.000381	0.000052	0.000000	0.000705	0.000000	0.032018	0.000000
1127	967	1786601800533	978.192	0.899	22422	46.0	0.013932	126x126+379+229	0.029201	0.000000		0.000433	0.000052	0.000000	0.000971	0.000000	0.033270	0.000000
1128	968	1786601801437	979.096	0.898	22435	46.1	0.013932	126x126+379+229	0.029201	0.000000		0.000882	0.000052	0.000000	0.001562	0.000000	0.038815	0.000000
1129	968	1786601802341	980.000	0.890	22435	46.1	0.013932	126x126+379+229	0.029201	0.000000		0.000889	0.000052	0.000000	0.001543	0.000000	0.039908	0.000000
1130	969	1786601803237	980.896	0.880	22447	52.4	0.013932	126x126+379+229	0.029201	0.000000		0.001400	0.000052	0.000000	0.000914	0.000000	0.038530	0.000000
1131	970	1786601804122	981.781	0.926	22462	52.4	0.013932	126x126+379+229	0.029201	0.000000		0.001647	0.000052	0.000000	0.002038	0.000000	0.038530	0.000000
1132	971	1786601805053	982.712	0.872	22477	54.4	0.013932	126x126+379+229	0.029201	0.000000		0.001514	0.000052	0.000000	0.002419	0.000000	0.038815	0.000000
1133	972	1786601805931	983.590	0.915	22492	54.6	0.013932	126x126+379+229	0.029201	0.000000		0.001419	0.000052	0.000000	0.001867	0.000000	0.038625	0.000000
1134	973	1786601806851	984.510	0.866	22507	54.7	0.013932	126x126+379+229	0.029201	0.000000		0.000941	0.000052	0.000000	0.001181	0.000000	0.038625	0.000000
1135	974	1786601807722	985.381	0.884	22522	54.6	0.013932	126x126+379+229	0.029201	0.000000		0.000492	0.000052	0.000000	0.000952	0.000000	0.038625	0.000000
1136	975	1786601808611	986.270	0.890	22537	55.4	0.013932	126x126+379+229	0.029201	0.000000		0.000361	0.000052	0.000000	0.000629	0.000000	0.038625	0.000000
1137	975	1786601809506	987.165	0.876	22537	55.4	0.013932	126x126+379+229	0.029201	0.000000		0.000332	0.000052	0.000000	0.000476	0.000000	0.039718	0.000000
1138	976	1786601810388	988.047	0.892	22553	55.4	0.013932	126x126+379+229	0.029201	0.000000		0.000267	0.000052	0.000000	0.000305	0.000000	0.039718	0.000000
1139	977	1786601811285	988.944	0.919	22568	55.3	0.013932	126x126+379+229	0.029201	0.000000		0.000238	0.000052	0.000000	0.000190	0.000000	0.038625	0.000000
1140	978	1786601812209	989.868	0.876	22583	54.8	0.013932	126x126+379+229	0.029201	0.000000		0.000195	0.000052	0.000000	0.000114	0.000000	0.038625	0.000000
1141	979	1786601813091	990.750	0.875	22599	52.7	0.013932	126x126+379+229	0.029201	0.000000		0.000163	0.000052	0.000000	0.000095	0.000000	0.038466	0.000000
1142	980	1786601813971	991.630	0.848	22613	52.5	0.013932	126x126+379+229	0.029201	0.000000		0.000111	0.000052	0.000000	0.000038	0.000000	0.038466	0.000000
1143	981	1786601814824	992.483	0.864	22628	50.4	0.013932	126x126+379+229	0.029201	0.000000		0.000081	0.000052	0.000000	0.000019	0.000000	0.038466	0.000000
1144	982	1786601815694	993.353	0.865	22642	50.7	0.013932	126x126+379+229	0.029201	0.000000		0.000143	0.000052	0.000000	0.000171	0.000000	0.040906	0.000000
1145	982	1786601816564	994.223	0.907	22642	50.7	0.013932	126x126+379+229	0.029201	0.000000		0.000117	0.000052	0.000000	0.000133	0.000000	0.031305	0.000000
1146	983	1786601817476	995.136	0.872	22656	50.6	0.013932	126x126+379+229	0.029201	0.000000		0.000273	0.000052	0.000000	0.000590	0.000000	0.031305	0.000000
1147	984	1786601818354	996.013	0.860	22670	50.8	0.013932	126x126+379+229	0.029201	0.000000		0.000313	0.000052	0.000000	0.000457	0.000000	0.031305	0.000000
1148	985	1786601819218	996.877	0.844	22684	49.8	0.013932	126x126+379+229	0.029201	0.000000		0.000605	0.000052	0.000000	0.000000	0.000000	0.040906	0.000000
1149	986	1786601820068	997.727	0.867	22698	49.8	0.013932	126x126+379+229	0.029201	0.000000		0.000785	0.000052	0.000000	0.000114	0.000000	0.040906	0.000000
1150	987	1786601820940	998.599	0.843	22712	49.4	0.013932	126x126+379+229	0.029201	0.000000		0.001048	0.000052	0.000000	0.000895	0.000000	0.040906	0.000000
1151	987	1786601821788	999.447	0.891	22712	49.4	0.013932	126x126+379+229	0.029201	0.000000		0.001123	0.000052	0.000000	0.003162	0.000000	0.039528	0.000000
1152	988	1786601822685	1000.344	0.890	22725	49.0	0.013932	126x126+379+229	0.029201	0.000000		0.001051	0.000052	0.000000	0.003886	0.000000	0.039528	0.000000
1153	989	1786601823580	1001.239	0.898	22739	45.7	0.013932	126x126+379+229	0.029201	0.000000		0.001110	0.000052	0.000000	0.004305	0.000000	0.039908	0.000000
1154	990	1786601824484	1002.143	0.891	22752	45.7	0.013932	126x126+379+229	0.029201	0.000000		0.000918	0.000052	0.000000	0.003619	0.000000	0.039908	0.000000
1155	991	1786601825380	1003.040	0.878	22764	37.9	0.013932	126x126+379+229	0.029201	0.000000		0.000827	0.000052	0.000000	0.003733	0.000000	0.041096	0.000000
1156	992	1786601826265	1003.924	0.871	22775	37.5	0.013932	126x126+379+229	0.029201	0.000000		0.000687	0.000052	0.000000	0.002286	0.000000	0.042570	0.000000
1157	993	1786601827141	1004.800	0.869	22785	37.5	0.013906	126x126+379+229	0.029063	0.000000		0.000592	0.000042	0.000000	0.002362	0.000000	0.042570	0.000000
1158	994	1786601828016	1005.675	0.871	22796	24.8	0.013932	126x126+379+229	0.033056	0.000000		0.000443	0.000052	0.000000	0.001695	0.000000	0.039560	0.000000
1159	994	1786601828892	1006.552	0.914	22796	24.8	0.013932	126x126+379+229	0.033056	0.000000		0.000824	0.000052	0.000000	0.000533	0.000000	0.038530	0.000000
1160	995	1786601829812	1007.471	0.907	22803	24.3	0.013932	126x126+379+229	0.033056	0.000000		0.001413	0.000052	0.000000	0.001238	0.000000	0.038720	0.000000
1161	996	1786601830724	1008.383	0.882	22809	24.3	0.013932	126x126+379+229	0.033056	0.000000		0.001198	0.000052	0.000000	0.001429	0.000000	0.038720	0.000000
1162	997	1786601831611	1009.270	0.885	22816	24.8	0.013932	126x126+379+229	0.033056	0.000000		0.000482	0.000052	0.000000	0.000857	0.000000	0.038530	0.000000
1163	998	1786601832501	1010.160	0.889	22823	18.2	0.013932	126x126+379+229	0.033056	0.000000		0.000208	0.000052	0.000000	0.000000	0.000000	0.040811	0.000000
1164	999	1786601833395	1011.054	0.847	22828	18.2	0.013932	126x126+379+229	0.033056	0.000000		0.000661	0.000052	0.000000	0.000000	0.000000	0.035409	0.000000
1165	1000	1786601834247	1011.906	0.822	22833	18.2	0.013932	126x126+379+229	0.033056	0.000000		0.000221	0.000052	0.000000	0.000000	0.000000	0.035409	0.000000
1166	1001	1786601835074	1012.733	0.852	22838	18.2	0.013932	126x126+379+229	0.033056	0.000000		0.000257	0.000052	0.000000	0.000000	0.000000	0.035409	0.000000
1167	1001	1786601835931	1013.590	0.859	22838	18.2	0.013932	126x126+379+229	0.033056	0.000000		0.000322	0.000052	0.000000	0.000000	0.000000	0.035409	0.000000
1168	1002	1786601836795	1014.454	0.864	22843	18.2	0.013932	126x126+379+229	0.033056	0.000000		0.000000	0.000052	0.000000	0.000000	0.000000	0.035409	0.000000
1169	1003	1786601837664	1015.323	0.878	22848	29.3	0.013932	126x126+379+229	0.033056	0.000000		0.000000	0.000052	0.000000	0.000000	0.000000	0.033270	0.000000
1170	1004	1786601838547	1016.206	0.898	22857	29.3	0.013932	126x126+379+229	0.033056	0.000000		0.000000	0.000052	0.000000	0.000000	0.000000	0.039243	0.000000
1171	1005	1786601839449	1017.108	0.840	22865	29.3	0.000000		0.031875	0.000000		0.000114	0.000033	0.000000	0.000000	0.000000	0.039243	0.000000
1172	1006	1786601840294	1017.953	0.882	22873	29.3	0.013932	126x126+379+229	0.032292	0.000000		0.000140	0.000052	0.000000	0.000000	0.000000	0.039243	0.000000
1173	1007	1786601841181	1018.840	0.865	22881	41.3	0.013932	126x126+379+229	0.032292	0.000000		0.000176	0.000052	0.000000	0.000000	0.000000	0.039243	0.000000
1174	1007	1786601842051	1019.710	0.868	22881	41.3	0.013932	126x126+379+229	0.032292	0.000000		0.000169	0.093955	0.009486	0.000533	0.000000	0.000000	0.457018
1175	1008	1786601842925	1020.584	0.886	22892	41.0	0.013932	126x126+379+229	0.032292	0.000000		0.000153	0.096383	0.007412	0.000152	0.000000	0.000000	0.468837
1176	1009	1786601843816	1021.475	0.847	22904	41.3	0.013932	126x126+379+229	0.032292	0.000000		0.000114	0.096383	0.007412	0.000000	0.000000	0.000000	0.468837
1177	1010	1786601844669	1022.328	0.834	22915	45.4	0.013932	126x126+379+229	0.032292	0.000000		0.000130	0.094606	0.008971	0.000000	0.000000	0.000000	0.460187
1178	1011	1786601845508	1023.167	0.856	22928	45.0	0.013932	126x126+379+229	0.032292	0.000000		0.000000	0.094368	0.009007	0.000000	0.000000	0.000000	0.459030
1179	1012	1786601846369	1024.028	0.837	22940	43.7	0.013932	126x126+379+229	0.032292	0.000000		0.000000	0.094368	0.009007	0.000000	0.000000	0.000000	0.459030
1180	1012	1786601847212	1024.871	0.870	22940	43.7	0.013932	126x126+379+229	0.032292	0.000000		0.000000	0.094606	0.008971	0.000000	0.000000	0.000000	0.460187
1181	1013	1786601848087	1025.746	0.822	22953	43.5	0.000000		0.000000	0.000000		0.000000	0.000000	0.000000	0.000000	0.000000	0.039005	0.000000
1182	1014	1786601848914	1026.573	0.891	22965	43.7	0.000000		0.000000	0.000000		0.000000	0.000000	0.000000	0.000000	0.000000	0.039005	0.000000
1183	1015	1786601849810	1027.469	0.874	22977	40.2	0.000000		0.000000	0.000000		0.000000	0.000000	0.000000	0.000000	0.000000	0.031496	0.000000
1184	1016	1786601850690	1028.349	0.821	22988	40.2	0.000000		0.032014	0.000000		0.000000	0.093942	0.009486	0.000000	0.000000	0.000000	0.457018
1185	1017	1786601851516	1029.175	0.810	22999	40.4	0.013932	126x126+379+229	0.032292	0.000000		0.000000	0.093955	0.009486	0.000000	0.000000	0.000000	0.457018
1186	1017	1786601852332	1029.991	0.842	22999	40.4	0.013932	126x126+379+229	0.032292	0.000000		0.000000	0.093955	0.009486	0.000000	0.000000	0.000000	0.457018
1187	1018	1786601853179	1030.838	0.892	23010	36.3	0.013932	126x126+379+229	0.032292	0.000000		0.000000	0.095576	0.007930	0.000000	0.000000	0.000000	0.464908
1188	1019	1786601854076	1031.735	0.842	23020	36.8	0.013932	126x126+379+229	0.032292	0.000000		0.000000	0.095576	0.007930	0.000000	0.000000	0.000000	0.464908
1189	1020	1786601854923	1032.582	0.847	23031	36.8	0.013932	126x126+379+229	0.032292	0.000000		0.000000	0.095576	0.007930	0.000000	0.000000	0.000000	0.464908
1190	1021	1786601855776	1033.435	0.841	23041	24.9	0.013932	126x126+379+229	0.032292	0.000000		0.000000	0.000052	0.000000	0.000000	0.000000	0.031147	0.000000
1191	1022	1786601856623	1034.282	0.857	23048	24.9	0.013932	126x126+379+229	0.032292	0.000000		0.000000	0.000052	0.000000	0.000000	0.000000	0.038530	0.000000
1192	1023	1786601857484	1035.143	0.874	23055	24.9	0.013932	126x126+379+229	0.032292	0.000000		0.000000	0.000052	0.000000	0.000000	0.000000	0.038530	0.000000
1193	1023	1786601858364	1036.023	0.867	23055	24.9	0.013932	126x126+379+229	0.032292	0.000000		0.000000	0.000052	0.000000	0.000000	0.000000	0.038530	0.000000
1194	1024	1786601859236	1036.895	0.826	23062	25.2	0.013932	126x126+379+229	0.032292	0.000000		0.000000	0.000052	0.000000	0.000000	0.000000	0.038530	0.000000
1195	1025	1786601860066	1037.725	0.881	23069	22.0	0.013932	126x126+379+229	0.032292	0.000000		0.000280	0.000052	0.000000	0.000819	0.000000	0.038371	0.000000
1196	1026	1786601860953	1038.612	0.870	23075	22.2	0.013932	126x126+379+229	0.032292	0.000000		0.000352	0.000052	0.000000	0.000000	0.000000	0.038435	0.000000
1197	1027	1786601861829	1039.488	0.807	23081	22.0	0.013932	126x126+379+229	0.032292	0.000000		0.000479	0.000052	0.000000	0.000000	0.000000	0.038435	0.000000
1198	1028	1786601862641	1040.300	0.827	23087	22.0	0.013932	126x126+379+229	0.032292	0.000000		0.000566	0.000052	0.000000	0.000000	0.000000	0.038435	0.000000
1199	1028	1786601863474	1041.133	0.869	23087	22.0	0.013932	126x126+379+229	0.032292	0.000000		0.000514	0.000052	0.000000	0.000000	0.000000	0.038435	0.000000
1200	1029	1786601864348	1042.007	0.838	23093	22.0	0.013932	126x126+379+229	0.032292	0.000000		0.000544	0.000052	0.000000	0.000000	0.000000	0.038435	0.000000
1201	1030	1786601865191	1042.850	0.895	23099	30.9	0.013932	126x126+379+229	0.032292	0.000000		0.000609	0.000052	0.000000	0.000000	0.000000	0.039243	0.000000
1202	1031	1786601866092	1043.751	0.867	23108	31.2	0.013932	126x126+379+229	0.032292	0.000000		0.001019	0.000052	0.000000	0.000000	0.000000	0.031147	0.000000
1203	1032	1786601866964	1044.623	0.829	23116	31.2	0.013932	126x126+379+229	0.032292	0.000000		0.000911	0.000052	0.000000	0.000000	0.000000	0.031147	0.000000
1204	1033	1786601867799	1045.458	0.873	23125	34.7	0.013932	126x126+379+229	0.032292	0.000000		0.000957	0.000052	0.000000	0.000286	0.000000	0.038371	0.000000
1205	1034	1786601868678	1046.337	0.897	23135	34.5	0.013932	126x126+379+229	0.032292	0.000000		0.001009	0.000052	0.000000	0.000000	0.000000	0.038466	0.000000
1206	1034	1786601869581	1047.240	0.844	23135	34.5	0.013932	126x126+379+229	0.032292	0.000000		0.001032	0.000052	0.000000	0.000000	0.000000	0.038466	0.000000
1207	1035	1786601870431	1048.090	0.885	23144	34.7	0.013932	126x126+379+229	0.032292	0.000000		0.000902	0.000052	0.000000	0.000000	0.000000	0.038466	0.000000
1208	1036	1786601871322	1048.981	0.872	23154	34.2	0.013932	126x126+379+229	0.032292	0.000000		0.000924	0.000052	0.000000	0.000000	0.000000	0.038657	0.000000
1209	1037	1786601872200	1049.859	0.844	23163	33.7	0.013932	126x126+379+229	0.032292	0.000000		0.000983	0.000052	0.000000	0.000000	0.000000	0.038657	0.000000
1210	1038	1786601873050	1050.709	0.820	23173	34.2	0.013932	126x126+379+229	0.032292	0.000000		0.000908	0.000052	0.000000	0.000190	0.000000	0.038657	0.000000
1211	1039	1786601873876	1051.535	0.827	23182	34.7	0.013932	126x126+379+229	0.032292	0.000000		0.000902	0.000052	0.000000	0.001048	0.000000	0.038657	0.000000
1212	1039	1786601874709	1052.368	0.858	23182	34.7	0.013932	126x126+379+229	0.032292	0.000000		0.001097	0.000052	0.000000	0.001238	0.000000	0.038466	0.000000
1213	1040	1786601875572	1053.231	0.863	23192	34.5	0.013932	126x126+379+229	0.032292	0.000000		0.000326	0.000052	0.000000	0.001200	0.000000	0.038466	0.000000
1214	1041	1786601876441	1054.100	0.864	23202	34.7	0.013932	126x126+379+229	0.032292	0.000000		0.000309	0.000052	0.000000	0.001276	0.000000	0.038466	0.000000
1215	1042	1786601877311	1054.970	0.837	23211	33.4	0.013932	126x126+379+229	0.032292	0.000000		0.000270	0.000052	0.000000	0.001162	0.000000	0.038657	0.000000
1216	1043	1786601878153	1055.812	0.835	23221	33.1	0.013932	126x126+379+229	0.032292	0.000000		0.000238	0.000052	0.000000	0.000895	0.000000	0.038308	0.000000
1217	1044	1786601878994	1056.653	0.867	23230	33.4	0.013932	126x126+379+229	0.032292	0.000000		0.000146	0.000052	0.000000	0.000419	0.000000	0.038308	0.000000
1218	1045	1786601879867	1057.526	0.853	23239	27.8	0.013932	126x126+379+229	0.032292	0.000000		0.000052	0.000052	0.000000	0.000019	0.000000	0.038308	0.000000
1219	1045	1786601880726	1058.385	0.869	23239	27.8	0.013932	126x126+379+229	0.032292	0.000000		0.000000	0.000052	0.000000	0.000000	0.000000	0.042633	0.000000
1220	1046	1786601881601	1059.260	0.842	23247	28.0	0.013932	126x126+379+229	0.032292	0.000000		0.000000	0.000052	0.000000	0.000000	0.000000	0.042633	0.000000
1221	1047	1786601882448	1060.107	0.835	23254	27.8	0.013932	126x126+379+229	0.032292	0.000000		0.000000	0.000052	0.000000	0.000000	0.000000	0.042633	0.000000
1222	1048	1786601883288	1060.947	0.830	23262	27.7	0.013932	126x126+379+229	0.032292	0.000000		0.000000	0.000052	0.000000	0.000000	0.000000	0.042633	0.000000
1223	1049	1786601884123	1061.783	0.831	23270	31.8	0.013932	126x126+379+229	0.032292	0.000000		0.000000	0.000052	0.000000	0.000000	0.000000	0.042633	0.000000
1224	1050	1786601884960	1062.619	0.862	23279	31.7	0.013932	126x126+379+229	0.032292	0.000000		0.000000	0.000052	0.000000	0.000000	0.000000	0.038371	0.000000
1225	1050	1786601885828	1063.487	0.829	23279	31.7	0.013932	126x126+379+229	0.032292	0.000000		0.000000	0.000052	0.000000	0.000000	0.000000	0.038371	0.000000
1226	1051	1786601886663	1064.322	0.862	23288	31.4	0.013932	126x126+379+229	0.032292	0.000000		0.000000	0.000052	0.000000	0.000000	0.000000	0.038371	0.000000
1227	1052	1786601887531	1065.190	0.877	23296	30.5	0.013932	126x126+379+229	0.032292	0.000000		0.000000	0.000052	0.000000	0.000000	0.000000	0.031147	0.000000
1228	1053	1786601888413	1066.072	0.851	23305	30.2	0.013932	126x126+379+229	0.032292	0.000000		0.000000	0.000052	0.000000	0.000000	0.000000	0.040748	0.000000
1229	1054	1786601889269	1066.928	0.833	23313	30.3	0.013932	126x126+379+229	0.032292	0.000000		0.000000	0.000052	0.000000	0.000000	0.000000	0.040748	0.000000
1230	1055	1786601890107	1067.766	0.810	23322	34.2	0.013932	126x126+379+229	0.032292	0.000000		0.000000	0.000052	0.000000	0.000000	0.000000	0.040748	0.000000
1231	1055	1786601890922	1068.581	0.847	23322	34.2	0.013932	126x126+379+229	0.032292	0.000000		0.000000	0.000052	0.000000	0.000000	0.000000	0.038657	0.000000
1232	1056	1786601891775	1069.434	0.846	23331	33.9	0.013932	126x126+379+229	0.032292	0.000000		0.000000	0.000052	0.000000	0.000000	0.000000	0.038657	0.000000
1233	1057	1786601892625	1070.284	0.846	23340	34.2	0.013932	126x126+379+229	0.032292	0.000000		0.000000	0.000052	0.000000	0.000000	0.000000	0.038657	0.000000
1234	1058	1786601893476	1071.135	0.825	23350	28.3	0.013932	126x126+379+229	0.032292	0.000000		0.000000	0.000052	0.000000	0.000000	0.000000	0.038371	0.000000
1235	1059	1786601894306	1071.966	0.876	23358	28.4	0.013932	126x126+379+229	0.032292	0.000000		0.000000	0.000052	0.000000	0.000000	0.000000	0.039243	0.000000
1236	1060	1786601895187	1072.846	0.838	23366	28.4	0.013932	126x126+379+229	0.032292	0.000000		0.000000	0.000052	0.000000	0.000000	0.000000	0.042633	0.000000
1237	1060	1786601896030	1073.689	0.867	23366	28.4	0.013932	126x126+379+229	0.032292	0.000000		0.000000	0.000052	0.000000	0.000000	0.000000	0.042633	0.000000
1238	1061	1786601896902	1074.561	0.847	23374	28.3	0.013932	126x126+379+229	0.032292	0.000000		0.000000	0.000052	0.000000	0.000000	0.000000	0.042633	0.000000
1239	1062	1786601897754	1075.413	0.868	23381	19.8	0.013932	126x126+379+229	0.032292	0.000000		0.000000	0.000052	0.000000	0.000000	0.000000	0.038435	0.000000
1240	1063	1786601898627	1076.286	0.835	23387	19.8	0.013932	126x126+379+229	0.032292	0.000000		0.000000	0.000052	0.000000	0.000000	0.000000	0.040811	0.000000
1241	1064	1786601899467	1077.126	0.861	23392	19.8	0.013932	126x126+379+229	0.032292	0.000000		0.000000	0.000052	0.000000	0.000000	0.000000	0.040811	0.000000
1242	1065	1786601900333	1077.992	0.858	23398	19.8	0.013932	126x126+379+229	0.032292	0.000000		0.000000	0.000052	0.000000	0.000000	0.000000	0.040811	0.000000
1243	1065	1786601901196	1078.855	0.861	23398	19.8	0.013932	126x126+379+229	0.032292	0.000000		0.000000	0.000052	0.000000	0.000000	0.000000	0.040811	0.000000
1244	1066	1786601902062	1079.721	0.898	23403	19.6	0.013932	126x126+379+229	0.032292	0.000000		0.000000	0.000052	0.000000	0.000000	0.000000	0.040811	0.000000
1245	1067	1786601902966	1080.625	0.866	23409	30.9	0.013932	126x126+379+229	0.032292	0.000000		0.000000	0.000052	0.000000	0.000000	0.000000	0.039243	0.000000
1246	1068	1786601903837	1081.496	0.840	23417	30.9	0.013932	126x126+379+229	0.032292	0.000000		0.000000	0.000052	0.000000	0.000000	0.000000	0.031147	0.000000
1247	1069	1786601904682	1082.341	0.838	23426	30.9	0.013932	126x126+379+229	0.032292	0.000000		0.000000	0.000052	0.000000	0.000000	0.000000	0.031147	0.000000
1248	1070	1786601905526	1083.185	0.865	23435	31.1	0.013932	126x126+379+229	0.032292	0.000000		0.000000	0.000052	0.000000	0.000000	0.000000	0.031147	0.000000
1249	1071	1786601906396	1084.056	0.880	23443	30.8	0.013932	126x126+379+229	0.032292	0.000000		0.000000	0.000052	0.000000	0.000000	0.000000	0.031147	0.000000
1250	1071	1786601907281	1084.940	0.869	23443	30.8	0.013932	126x126+379+229	0.032292	0.000000		0.000000	0.000052	0.000000	0.000000	0.000000	0.031147	0.000000
1251	1072	1786601908156	1085.815	0.868	23452	30.8	0.013932	126x126+379+229	0.032292	0.000000		0.000000	0.000052	0.000000	0.000000	0.000000	0.031147	0.000000
1252	1073	1786601909029	1086.688	0.874	23460	29.6	0.013932	126x126+379+229	0.032292	0.000000		0.000000	0.000052	0.000000	0.000000	0.000000	0.040748	0.000000
1253	1074	1786601909909	1087.568	0.858	23469	29.6	0.013932	126x126+379+229	0.032292	0.000000		0.000000	0.000052	0.000000	0.000000	0.000000	0.040748	0.000000
1254	1075	1786601910773	1088.432	0.842	23477	29.6	0.013932	126x126+379+229	0.032292	0.000000		0.000000	0.000052	0.000000	0.000000	0.000000	0.040748	0.000000
1255	1076	1786601911620	1089.279	0.854	23485	29.8	0.013932	126x126+379+229	0.032292	0.000000		0.000000	0.000052	0.000000	0.000000	0.000000	0.040748	0.000000
1256	1077	1786601912480	1090.139	0.831	23493	28.0	0.013932	126x126+379+229	0.032292	0.000000		0.000000	0.000052	0.000000	0.000000	0.000000	0.040748	0.000000
1257	1077	1786601913316	1090.975	0.870	23493	28.0	0.013932	126x126+379+229	0.032292	0.000000		0.000000	0.000052	0.000000	0.000000	0.000000	0.042633	0.000000
1258	1078	1786601914191	1091.850	0.824	23501	27.9	0.013932	126x126+379+229	0.032292	0.000000		0.000000	0.000052	0.000000	0.000000	0.000000	0.042633	0.000000
1259	1079	1786601915021	1092.680	0.848	23509	28.3	0.013932	126x126+379+229	0.032292	0.000000		0.000000	0.000052	0.000000	0.000000	0.000000	0.042633	0.000000
1260	1080	1786601915874	1093.533	0.863	23517	27.9	0.013932	126x126+379+229	0.032292	0.000000		0.000000	0.000052	0.000000	0.000000	0.000000	0.042633	0.000000
1261	1081	1786601916743	1094.402	0.873	23524	21.9	0.013932	126x126+379+229	0.032292	0.000000		0.000000	0.000052	0.000000	0.000000	0.000000	0.033270	0.000000
1262	1082	1786601917621	1095.280	0.863	23531	22.2	0.013932	126x126+379+229	0.032292	0.000000		0.000000	0.000052	0.000000	0.000000	0.000000	0.038435	0.000000
1263	1082	1786601918490	1096.149	0.883	23531	22.2	0.013932	126x126+379+229	0.032292	0.000000		0.000000	0.000052	0.000000	0.000000	0.000000	0.038435	0.000000
1264	1083	1786601919378	1097.037	0.837	23537	22.0	0.013932	126x126+379+229	0.032292	0.000000		0.000000	0.000052	0.000000	0.000000	0.000000	0.038435	0.000000
1265	1084	1786601920220	1097.879	0.839	23543	21.9	0.013932	126x126+379+229	0.032292	0.000000		0.000000	0.000052	0.000000	0.000000	0.000000	0.038435	0.000000
1266	1085	1786601921064	1098.724	0.832	23549	22.2	0.013932	126x126+379+229	0.032292	0.000000		0.000000	0.000052	0.000000	0.000000	0.000000	0.038435	0.000000
1267	1086	1786601921902	1099.561	0.891	23555	30.2	0.013932	126x126+379+229	0.032292	0.000000		0.000000	0.000052	0.000000	0.000000	0.000000	0.038530	0.000000
1268	1087	1786601922798	1100.457	0.805	23563	30.4	0.013932	126x126+379+229	0.032292	0.000000		0.000000	0.000052	0.000000	0.000000	0.000000	0.040748	0.000000
1269	1087	1786601923608	1101.267	0.866	23563	30.4	0.013932	126x126+379+229	0.032292	0.000000		0.000000	0.000052	0.000000	0.000000	0.000000	0.040748	0.000000
1270	1088	1786601924479	1102.138	0.865	23572	30.5	0.013932	126x126+379+229	0.032292	0.000000		0.000000	0.000052	0.000000	0.000000	0.000000	0.031147	0.000000
1271	1089	1786601925349	1103.008	0.850	23580	30.5	0.013932	126x126+379+229	0.032292	0.000000		0.000000	0.000052	0.000000	0.000000	0.000000	0.031147	0.000000
1272	1090	1786601926204	1103.863	0.844	23589	30.6	0.013932	126x126+379+229	0.032292	0.000000		0.000000	0.000052	0.000000	0.000000	0.000000	0.031147	0.000000
1273	1091	1786601927053	1104.712	0.823	23597	30.6	0.013932	126x126+379+229	0.032292	0.000000		0.000000	0.000052	0.000000	0.000000	0.000000	0.031147	0.000000
1274	1092	1786601927882	1105.541	0.818	23606	28.9	0.013932	126x126+379+229	0.032292	0.000000		0.000000	0.000052	0.000000	0.000000	0.000000	0.031147	0.000000
1275	1092	1786601928705	1106.364	0.871	23606	28.9	0.013932	126x126+379+229	0.032292	0.000000		0.000000	0.000052	0.000000	0.000000	0.000000	0.039243	0.000000
1276	1093	1786601929581	1107.240	0.866	23614	28.9	0.013932	126x126+379+229	0.032292	0.000000		0.000000	0.000052	0.000000	0.000000	0.000000	0.039243	0.000000
1277	1094	1786601930452	1108.111	0.854	23622	28.8	0.013932	126x126+379+229	0.032292	0.000000		0.000000	0.000052	0.000000	0.000000	0.000000	0.039243	0.000000
1278	1095	1786601931311	1108.970	0.822	23630	28.9	0.013932	126x126+379+229	0.032292	0.000000		0.000000	0.000052	0.000000	0.000000	0.000000	0.039243	0.000000
1279	1096	1786601932139	1109.798	0.884	23638	28.4	0.013932	126x126+379+229	0.032292	0.000000		0.000000	0.000052	0.000000	0.000000	0.000000	0.039243	0.000000
1280	1097	1786601933029	1110.688	0.839	23646	28.2	0.013932	126x126+379+229	0.032292	0.000000		0.000000	0.000052	0.000000	0.000000	0.000000	0.042633	0.000000
1281	1098	1786601933873	1111.532	0.852	23654	28.4	0.013932	126x126+379+229	0.032292	0.000000		0.000215	0.000052	0.000000	0.000000	0.000000	0.042633	0.000000
1282	1098	1786601934730	1112.389	0.889	23654	28.4	0.013932	126x126+379+229	0.032292	0.000000		0.000218	0.000052	0.000000	0.000000	0.000000	0.042633	0.000000
1283	1099	1786601935625	1113.284	0.871	23661	28.3	0.013932	126x126+379+229	0.032292	0.000000		0.000160	0.000052	0.000000	0.000000	0.000000	0.042633	0.000000
1284	1100	1786601936501	1114.160	0.867	23669	26.5	0.013932	126x126+379+229	0.032292	0.000000		0.000345	0.000052	0.000000	0.000000	0.000000	0.033270	0.000000
1285	1101	1786601937373	1115.032	0.829	23677	26.7	0.013932	126x126+379+229	0.032292	0.000000		0.000150	0.000052	0.000000	0.000000	0.000000	0.033270	0.000000
1286	1102	1786601938207	1115.866	0.848	23684	26.5	0.013932	126x126+379+229	0.032292	0.000000		0.000065	0.000052	0.000000	0.000000	0.000000	0.033270	0.000000
1287	1103	1786601939060	1116.719	0.892	23691	26.5	0.013932	126x126+379+229	0.032292	0.000000		0.000000	0.000052	0.000000	0.000000	0.000000	0.033270	0.000000
1288	1103	1786601939958	1117.617	0.842	23691	26.5	0.013932	126x126+379+229	0.032292	0.000000		0.000000	0.000052	0.000000	0.000000	0.000000	0.033270	0.000000
1289	1104	1786601940805	1118.464	0.866	23699	24.1	0.013932	126x126+379+229	0.032292	0.000000		0.000000	0.000052	0.000000	0.000000	0.000000	0.038720	0.000000
1290	1105	1786601941677	1119.336	0.864	23706	24.1	0.013932	126x126+379+229	0.032292	0.000000		0.000000	0.000052	0.000000	0.000000	0.000000	0.038720	0.000000
1291	1106	1786601942545	1120.205	0.817	23712	24.1	0.013932	126x126+379+229	0.032292	0.000000		0.000000	0.000052	0.000000	0.000000	0.000000	0.038720	0.000000
1292	1107	1786601943368	1121.027	0.845	23719	24.4	0.013932	126x126+379+229	0.032292	0.000000		0.000000	0.000052	0.000000	0.000000	0.000000	0.038720	0.000000
1293	1108	1786601944218	1121.877	0.847	23726	26.0	0.013932	126x126+379+229	0.032292	0.000000		0.000000	0.000052	0.000000	0.000000	0.000000	0.038530	0.000000
1294	1109	1786601945070	1122.729	0.836	23733	26.1	0.013932	126x126+379+229	0.032292	0.000000		0.000000	0.000052	0.000000	0.000000	0.000000	0.039623	0.000000
1295	1109	1786601945911	1123.570	0.803	23733	26.1	0.013932	126x126+379+229	0.032292	0.000000		0.000000	0.000052	0.000000	0.000000	0.000000	0.039623	0.000000
1296	1110	1786601946719	1124.378	0.857	23740	26.4	0.013932	126x126+379+229	0.032292	0.000000		0.000000	0.000052	0.000000	0.000000	0.000000	0.039623	0.000000
1297	1111	1786601947581	1125.240	0.852	23747	26.1	0.013932	126x126+379+229	0.032292	0.000000		0.000000	0.000052	0.000000	0.000000	0.000000	0.039623	0.000000
1298	1112	1786601948439	1126.098	0.836	23755	24.8	0.013932	126x126+379+229	0.032292	0.000000		0.000000	0.000052	0.000000	0.000000	0.000000	0.039623	0.000000
1299	1113	1786601949280	1126.939	0.862	23762	24.8	0.013932	126x126+379+229	0.032292	0.000000		0.000000	0.000052	0.000000	0.000000	0.000000	0.038530	0.000000
1300	1114	1786601950147	1127.806	0.844	23769	24.9	0.013932	126x126+379+229	0.032292	0.000000		0.000000	0.000052	0.000000	0.000000	0.000000	0.038530	0.000000
1301	1114	1786601950995	1128.654	0.868	23769	24.9	0.013932	126x126+379+229	0.032292	0.000000		0.000000	0.000052	0.000000	0.000000	0.000000	0.038530	0.000000
1302	1115	1786601951868	1129.527	0.865	23775	24.8	0.013932	126x126+379+229	0.032292	0.000000		0.000000	0.000052	0.000000	0.000000	0.000000	0.038530	0.000000
1303	1116	1786601952738	1130.397	0.851	23782	22.9	0.013932	126x126+379+229	0.032292	0.000000		0.000000	0.000052	0.000000	0.000000	0.000000	0.038371	0.000000
1304	1117	1786601953594	1131.253	0.832	23789	23.0	0.013932	126x126+379+229	0.032292	0.000000		0.000000	0.000052	0.000000	0.000000	0.000000	0.038371	0.000000
1305	1118	1786601954431	1132.090	0.842	23795	22.9	0.013932	126x126+379+229	0.032292	0.000000		0.000000	0.000052	0.000000	0.000000	0.000000	0.038371	0.000000
1306	1119	1786601955278	1132.937	0.835	23801	22.6	0.013932	126x126+379+229	0.032292	0.000000		0.000000	0.000052	0.000000	0.000000	0.000000	0.038371	0.000000
1307	1119	1786601956118	1133.777	0.855	23801	22.6	0.013932	126x126+379+229	0.032292	0.000000		0.000000	0.000052	0.000000	0.000000	0.000000	0.038371	0.000000
1308	1120	1786601956978	1134.637	0.860	23808	23.8	0.013932	126x126+379+229	0.032292	0.000000		0.000000	0.000052	0.000000	0.000000	0.000000	0.038720	0.000000
1309	1121	1786601957843	1135.502	0.866	23814	23.7	0.013932	126x126+379+229	0.032292	0.000000		0.000000	0.000052	0.000000	0.000000	0.000000	0.038720	0.000000
1310	1122	1786601958713	1136.372	0.827	23821	23.8	0.013932	126x126+379+229	0.032292	0.000000		0.000000	0.000052	0.000000	0.000000	0.000000	0.038720	0.000000
1311	1123	1786601959545	1137.205	0.839	23828	23.6	0.013932	126x126+379+229	0.032292	0.000000		0.000000	0.000052	0.000000	0.000000	0.000000	0.038720	0.000000
1312	1124	1786601960390	1138.049	0.829	23834	0.0	0.013932	126x126+379+229	0.032292	0.000000		0.000000	0.000052	0.000000	0.000000	0.000000	0.038720	0.000000
1313	1124	1786601961223	1138.882	0.881	23834	0.0	0.000000		0.000000	0.000000		0.000000	0.000000	0.000000	0.000000	0.000000	0.000000	0.000000
1314	1125	1786601962109	1139.768	0.882	23834	0.0	0.000000		0.000000	0.000000		0.000000	0.000000	0.000000	0.000000	0.000000	0.000000	0.000000
1315	1126	1786601962995	1140.654	0.781	23834	0.0	0.000000		0.000000	0.000000		0.000000	0.000000	0.000000	0.000000	0.000000	0.000000	0.000000
1316	1127	1786601963780	1141.439	0.813	23834	0.0	0.000000		0.000000	0.000000		0.000000	0.000000	0.000000	0.000000	0.000000	0.000000	0.000000
1317	1128	1786601964597	1142.256	0.826	23834	0.0	0.000000		0.000000	0.000000		0.000000	0.000000	0.000000	0.000000	0.000000	0.000000	0.000000
1318	1129	1786601965428	1143.087	0.810	23834	0.0	0.000000		0.000000	0.000000		0.000000	0.000000	0.000000	0.000000	0.000000	0.000000	0.000000
1319	1129	1786601966242	1143.901	0.849	23834	0.0	0.000000		0.000000	0.000000		0.000000	0.000000	0.000000	0.000000	0.000000	0.000000	0.000000
1320	1130	1786601967095	1144.754	0.804	23834	0.0	0.000000		0.000000	0.000000		0.000000	0.000000	0.000000	0.000000	0.000000	0.000000	0.000000
1321	1131	1786601967904	1145.563	0.837	23834	4.0	0.013932	126x126+379+229	0.032292	0.000000		0.000000	0.000052	0.000000	0.000000	0.000000	0.019217	0.000000
1322	1132	1786601968746	1146.405	0.838	23835	20.1	0.013932	126x126+379+229	0.032292	0.000000		0.000000	0.000052	0.000000	0.000000	0.000000	0.014053	0.000000
1323	1133	1786601969589	1147.248	0.875	23841	19.7	0.013932	126x126+379+229	0.032292	0.000000		0.000000	0.000052	0.000000	0.000000	0.000000	0.040811	0.000000
1324	1133	1786601970469	1148.128	0.851	23841	19.7	0.013932	126x126+379+229	0.032292	0.000000		0.000000	0.000052	0.000000	0.000000	0.000000	0.040811	0.000000
1325	1134	1786601971325	1148.984	0.833	23846	20.1	0.013932	126x126+379+229	0.032292	0.000000		0.000000	0.000052	0.000000	0.000000	0.000000	0.040811	0.000000
1326	1135	1786601972162	1149.821	0.870	23852	20.1	0.013932	126x126+379+229	0.032292	0.000000		0.000000	0.000052	0.000000	0.000000	0.000000	0.040811	0.000000
1327	1136	1786601973037	1150.696	0.847	23857	20.0	0.013932	126x126+379+229	0.032292	0.000000		0.000000	0.000052	0.000000	0.000000	0.000000	0.040811	0.000000
1328	1137	1786601973889	1151.548	0.831	23863	24.8	0.013932	126x126+379+229	0.032292	0.000000		0.000000	0.000052	0.000000	0.000000	0.000000	0.038435	0.000000
1329	1138	1786601974724	1152.383	0.810	23870	24.8	0.013932	126x126+379+229	0.032292	0.000000		0.000000	0.000052	0.000000	0.000000	0.000000	0.038530	0.000000
1330	1138	1786601975539	1153.198	0.844	23870	24.8	0.013932	126x126+379+229	0.032292	0.000000		0.000000	0.000052	0.000000	0.000000	0.000000	0.038530	0.000000
1331	1139	1786601976388	1154.047	0.851	23877	24.8	0.013932	126x126+379+229	0.032292	0.000000		0.000000	0.000052	0.000000	0.000000	0.000000	0.038530	0.000000
1332	1140	1786601977244	1154.903	0.851	23884	24.8	0.013932	126x126+379+229	0.032292	0.000000		0.000000	0.000052	0.000000	0.000000	0.000000	0.038530	0.000000
1333	1141	1786601978100	1155.759	0.881	23891	31.4	0.013932	126x126+379+229	0.032292	0.000000		0.000000	0.000052	0.000000	0.000000	0.000000	0.039243	0.000000
1334	1142	1786601978986	1156.645	0.839	23899	31.4	0.013932	126x126+379+229	0.032292	0.000000		0.000000	0.000052	0.000000	0.000000	0.000000	0.038371	0.000000
1335	1143	1786601979829	1157.489	0.873	23908	31.4	0.013932	126x126+379+229	0.032292	0.000000		0.000000	0.000052	0.000000	0.000000	0.000000	0.038371	0.000000
1336	1144	1786601980707	1158.366	0.859	23917	31.8	0.013932	126x126+379+229	0.032292	0.000000		0.000000	0.000052	0.000000	0.000000	0.000000	0.038371	0.000000
1337	1144	1786601981571	1159.230	0.868	23917	31.8	0.013932	126x126+379+229	0.032292	0.000000		0.000000	0.000052	0.000000	0.000000	0.000000	0.038371	0.000000
1338	1145	1786601982444	1160.103	0.844	23926	31.8	0.013932	126x126+379+229	0.032292	0.000000		0.000000	0.000052	0.000000	0.000000	0.000000	0.038371	0.000000
1339	1146	1786601983293	1160.952	0.830	23935	31.8	0.013932	126x126+379+229	0.032292	0.000000		0.000000	0.000052	0.000000	0.000000	0.000000	0.038371	0.000000
1340	1147	1786601984127	1161.786	0.877	23943	30.5	0.013932	126x126+379+229	0.032292	0.000000		0.000000	0.000052	0.000000	0.000000	0.000000	0.031147	0.000000
1341	1148	1786601985009	1162.668	0.849	23952	30.5	0.013932	126x126+379+229	0.032292	0.000000		0.000000	0.000052	0.000000	0.000000	0.000000	0.031147	0.000000
1342	1149	1786601985863	1163.522	0.826	23960	30.5	0.013932	126x126+379+229	0.032292	0.000000		0.000000	0.000052	0.000000	0.000000	0.000000	0.031147	0.000000
1343	1149	1786601986694	1164.353	0.820	23960	30.5	0.013932	126x126+379+229	0.032292	0.000000		0.000000	0.000052	0.000000	0.000000	0.000000	0.031147	0.000000
1344	1150	1786601987519	1165.178	0.833	23969	29.0	0.013932	126x126+379+229	0.032292	0.000000		0.000000	0.000052	0.000000	0.000000	0.000000	0.039243	0.000000
1345	1151	1786601988357	1166.016	0.819	23977	29.0	0.013932	126x126+379+229	0.032292	0.000000		0.000000	0.000052	0.000000	0.000000	0.000000	0.039243	0.000000
1346	1152	1786601989180	1166.839	0.797	23985	28.9	0.013932	126x126+379+229	0.032292	0.000000		0.000000	0.000052	0.000000	0.000000	0.000000	0.039243	0.000000
1347	1153	1786601989982	1167.641	0.824	23993	29.0	0.013932	126x126+379+229	0.032292	0.000000		0.000000	0.000052	0.000000	0.000000	0.000000	0.039243	0.000000
1348	1153	1786601990811	1168.470	0.831	23993	29.0	0.013932	126x126+379+229	0.032292	0.000000		0.000000	0.000052	0.000000	0.000000	0.000000	0.039243	0.000000
1349	1154	1786601991646	1169.305	0.871	24001	26.5	0.013932	126x126+379+229	0.032292	0.000000		0.000000	0.000052	0.000000	0.000000	0.000000	0.033270	0.000000
1350	1155	1786601992522	1170.181	0.877	24008	26.2	0.013932	126x126+379+229	0.032292	0.000000		0.000000	0.000052	0.000000	0.000000	0.000000	0.039623	0.000000
1351	1156	1786601993403	1171.062	0.845	24016	26.5	0.013932	126x126+379+229	0.032292	0.000000		0.000000	0.000052	0.000000	0.000000	0.000000	0.033270	0.000000
1352	1157	1786601994253	1171.912	0.864	24023	26.2	0.013932	126x126+379+229	0.032292	0.000000		0.000000	0.000052	0.000000	0.000000	0.000000	0.039623	0.000000
1353	1158	1786601995121	1172.780	0.829	24030	28.7	0.013932	126x126+379+229	0.032292	0.000000		0.000000	0.000052	0.000000	0.000000	0.000000	0.033270	0.000000
1354	1158	1786601995955	1173.614	0.839	24030	28.7	0.013932	126x126+379+229	0.032292	0.000000		0.000000	0.000052	0.000000	0.000000	0.000000	0.039243	0.000000
1355	1159	1786601996798	1174.457	0.880	24038	28.4	0.013932	126x126+379+229	0.032292	0.000000		0.000000	0.000052	0.000000	0.000000	0.000000	0.039243	0.000000
1356	1160	1786601997683	1175.342	0.839	24046	28.7	0.013932	126x126+379+229	0.032292	0.000000		0.000000	0.000052	0.000000	0.000000	0.000000	0.039243	0.000000
1357	1161	1786601998527	1176.186	0.856	24054	28.4	0.013932	126x126+379+229	0.032292	0.000000		0.000000	0.000052	0.000000	0.000000	0.000000	0.039243	0.000000
1358	1162	1786601999388	1177.047	0.862	24062	30.3	0.013932	126x126+379+229	0.032292	0.000000		0.000000	0.000052	0.000000	0.000000	0.000000	0.039243	0.000000
1359	1163	1786602000255	1177.914	0.877	24070	30.0	0.013932	126x126+379+229	0.032292	0.000000		0.000000	0.000052	0.000000	0.000000	0.000000	0.040748	0.000000
1360	1164	1786602001137	1178.796	0.891	24079	30.3	0.013932	126x126+379+229	0.032292	0.000000		0.000000	0.000052	0.000000	0.000000	0.000000	0.040748	0.000000
1361	1164	1786602002032	1179.691	0.848	24079	30.3	0.013932	126x126+379+229	0.032292	0.000000		0.000000	0.000052	0.000000	0.000000	0.000000	0.040748	0.000000
1362	1165	1786602002885	1180.544	0.828	24087	27.5	0.013932	126x126+379+229	0.032292	0.000000		0.000000	0.000052	0.000000	0.000000	0.000000	0.042633	0.000000
1363	1166	1786602003718	1181.377	0.858	24095	27.1	0.013932	126x126+379+229	0.032292	0.000000		0.000000	0.000052	0.000000	0.000000	0.000000	0.033270	0.000000
1364	1167	1786602004580	1182.240	0.801	24102	27.5	0.013932	126x126+379+229	0.032292	0.000000		0.000000	0.000052	0.000000	0.000000	0.000000	0.033270	0.000000
1365	1168	1786602005386	1183.045	0.837	24110	27.5	0.013932	126x126+379+229	0.032292	0.000000		0.000000	0.000052	0.000000	0.000000	0.000000	0.042633	0.000000
1366	1169	1786602006228	1183.887	0.838	24118	26.8	0.013932	126x126+379+229	0.032292	0.000000		0.000000	0.000052	0.000000	0.000000	0.000000	0.042633	0.000000
1367	1169	1786602007071	1184.730	0.868	24118	26.8	0.013932	126x126+379+229	0.032292	0.000000		0.000000	0.000052	0.000000	0.000000	0.000000	0.033270	0.000000
1368	1170	1786602007943	1185.602	0.898	24125	27.1	0.013932	126x126+379+229	0.032292	0.000000		0.000000	0.000052	0.000000	0.000000	0.000000	0.033270	0.000000
1369	1171	1786602008846	1186.505	0.836	24133	26.9	0.013932	126x126+379+229	0.032292	0.000000		0.000000	0.000052	0.000000	0.000000	0.000000	0.033270	0.000000
1370	1172	1786602009687	1187.346	0.802	24140	27.1	0.013932	126x126+379+229	0.032292	0.000000		0.000000	0.000052	0.000000	0.000000	0.000000	0.033270	0.000000
1371	1173	1786602010495	1188.154	0.874	24148	26.8	0.013932	126x126+379+229	0.032292	0.000000		0.000000	0.000052	0.000000	0.000000	0.000000	0.033270	0.000000
1372	1174	1786602011374	1189.033	0.859	24155	26.8	0.013932	126x126+379+229	0.032292	0.000000		0.000000	0.000052	0.000000	0.000000	0.000000	0.033270	0.000000
1373	1174	1786602012238	1189.897	0.860	24155	26.8	0.013932	126x126+379+229	0.032292	0.000000		0.000000	0.000052	0.000000	0.000000	0.000000	0.033270	0.000000
1374	1175	1786602013102	1190.761	0.830	24162	26.5	0.013932	126x126+379+229	0.032292	0.000000		0.000000	0.000052	0.000000	0.000000	0.000000	0.033270	0.000000
1375	1176	1786602013937	1191.596	0.830	24170	26.9	0.013932	126x126+379+229	0.032292	0.000000		0.000000	0.000052	0.000000	0.000000	0.000000	0.033270	0.000000
1376	1177	1786602014772	1192.431	0.853	24177	26.1	0.013932	126x126+379+229	0.032292	0.000000		0.000000	0.000052	0.000000	0.000000	0.000000	0.033270	0.000000
1377	1178	1786602015630	1193.289	0.894	24184	26.1	0.013932	126x126+379+229	0.032292	0.000000		0.000000	0.000052	0.000000	0.000000	0.000000	0.039623	0.000000
1378	1179	1786602016529	1194.188	0.857	24192	26.1	0.013932	126x126+379+229	0.032292	0.000000		0.000000	0.000052	0.000000	0.000000	0.000000	0.039623	0.000000
1379	1180	1786602017391	1195.050	0.840	24199	25.8	0.013932	126x126+379+229	0.032292	0.000000		0.000000	0.000052	0.000000	0.000000	0.000000	0.039623	0.000000
1380	1180	1786602018236	1195.895	0.859	24199	25.8	0.013932	126x126+379+229	0.032292	0.000000		0.000000	0.000052	0.000000	0.000000	0.000000	0.039623	0.000000
1381	1181	1786602019099	1196.758	0.863	24206	18.8	0.013932	126x126+379+229	0.032292	0.000000		0.000000	0.000052	0.000000	0.000000	0.000000	0.040811	0.000000
1382	1182	1786602019967	1197.626	0.861	24211	18.4	0.013932	126x126+379+229	0.032292	0.000000		0.000000	0.000052	0.000000	0.000000	0.000000	0.032018	0.000000
1383	1183	1786602020833	1198.492	0.865	24216	18.8	0.013932	126x126+379+229	0.032292	0.000000		0.000000	0.000052	0.000000	0.000000	0.000000	0.032018	0.000000
1384	1184	1786602021703	1199.362	0.857	24222	18.4	0.013932	126x126+379+229	0.032292	0.000000		0.000000	0.000052	0.000000	0.000000	0.000000	0.032018	0.000000
1385	1185	1786602022566	1200.225	0.855	24227	18.8	0.013932	126x126+379+229	0.032292	0.000000		0.000000	0.000052	0.000000	0.000000	0.000000	0.035409	0.000000
1386	1185	1786602023425	1201.084	0.819	24227	18.8	0.013932	126x126+379+229	0.032292	0.000000		0.000000	0.000052	0.000000	0.000000	0.000000	0.032018	0.000000
1387	1186	1786602024248	1201.907	0.828	24232	17.3	0.013932	126x126+379+229	0.032292	0.000000		0.000000	0.000052	0.000000	0.000000	0.000000	0.035409	0.000000
1388	1187	1786602025081	1202.740	0.850	24237	17.5	0.013932	126x126+379+229	0.032292	0.000000		0.000000	0.000052	0.000000	0.000000	0.000000	0.035409	0.000000
1389	1188	1786602025937	1203.596	0.825	24242	17.3	0.013932	126x126+379+229	0.032292	0.000000		0.000000	0.000052	0.000000	0.000000	0.000000	0.026046	0.000000
1390	1189	1786602026766	1204.426	0.836	24246	17.3	0.013932	126x126+379+229	0.032292	0.000000		0.000000	0.000052	0.000000	0.000000	0.000000	0.026046	0.000000
1391	1190	1786602027607	1205.266	0.825	24251	17.3	0.013932	126x126+379+229	0.032292	0.000000		0.000000	0.000052	0.000000	0.000000	0.000000	0.026046	0.000000
1392	1190	1786602028437	1206.096	0.823	24251	17.3	0.013932	126x126+379+229	0.032292	0.000000		0.000000	0.000052	0.000000	0.000000	0.000000	0.026046	0.000000
1393	1191	1786602029265	1206.924	0.815	24256	17.5	0.013932	126x126+379+229	0.032292	0.000000		0.000000	0.000052	0.000000	0.000000	0.000000	0.035409	0.000000
1394	1192	1786602030084	1207.743	0.829	24261	17.3	0.013932	126x126+379+229	0.032292	0.000000		0.000000	0.000052	0.000000	0.000000	0.000000	0.026046	0.000000
1395	1193	1786602030918	1208.577	0.870	24266	37.7	0.013932	126x126+379+229	0.032292	0.000000		0.000000	0.000052	0.000000	0.000000	0.000000	0.040811	0.000000
1396	1194	1786602031793	1209.452	0.848	24276	37.4	0.013932	126x126+379+229	0.032292	0.000000		0.000000	0.095576	0.007930	0.000000	0.000000	0.000000	0.464908
1397	1194	1786602032646	1210.305	0.867	24276	37.4	0.013932	126x126+379+229	0.032292	0.000000		0.000000	0.093447	0.009782	0.000000	0.000000	0.000000	0.454547
1398	1195	1786602033518	1211.177	0.871	24287	37.4	0.013932	126x126+379+229	0.032292	0.000000		0.000000	0.093447	0.009782	0.000000	0.000000	0.000000	0.454547
1399	1196	1786602034394	1212.053	0.870	24297	38.3	0.013932	126x126+379+229	0.032292	0.000000		0.000000	0.093447	0.009782	0.000000	0.000000	0.000000	0.454547
1400	1197	1786602035269	1212.928	0.893	24308	38.3	0.013932	126x126+379+229	0.032292	0.000000		0.000000	0.093447	0.009782	0.000000	0.000000	0.000000	0.454547
1401	1198	1786602036167	1213.826	0.856	24318	38.3	0.013932	126x126+379+229	0.032292	0.000000		0.000000	0.093447	0.009782	0.000000	0.000000	0.000000	0.454547
1402	1199	1786602037028	1214.687	0.838	24329	38.7	0.013932	126x126+379+229	0.032292	0.000000		0.000000	0.093447	0.009782	0.000000	0.000000	0.000000	0.454547
1403	1200	1786602037871	1215.530	0.859	24340	39.1	0.013932	126x126+379+229	0.032292	0.000000		0.000000	0.094202	0.009108	0.000000	0.000000	0.000000	0.458222
1404	1200	1786602038736	1216.395	0.859	24340	39.1	0.013932	126x126+379+229	0.032292	0.000000		0.000000	0.094202	0.009108	0.000000	0.000000	0.000000	0.458222
1405	1201	1786602039600	1217.259	0.821	24351	38.7	0.013932	126x126+379+229	0.032292	0.000000		0.000000	0.094202	0.009108	0.000000	0.000000	0.000000	0.458222
1406	1202	1786602040426	1218.085	0.837	24361	37.5	0.013932	126x126+379+229	0.032292	0.000000		0.000000	0.093447	0.009782	0.000000	0.000000	0.000000	0.454547
1407	1203	1786602041268	1218.927	0.861	24372	37.5	0.013932	126x126+379+229	0.032292	0.000000		0.000000	0.093447	0.009782	0.000000	0.000000	0.000000	0.454547
1408	1204	1786602042134	1219.793	0.834	24382	37.5	0.013932	126x126+379+229	0.032292	0.000000		0.000000	0.093447	0.009782	0.000000	0.000000	0.000000	0.454547
1409	1205	1786602042974	1220.633	0.844	24393	11.0	0.013932	126x126+379+229	0.032292	0.000000		0.000000	0.093447	0.009782	0.000000	0.000000	0.000000	0.454547
1410	1205	1786602043823	1221.482	0.857	24393	11.0	0.013932	126x126+379+229	0.032292	0.000000		0.000000	0.000052	0.000000	0.000000	0.000000	0.031147	0.000000
1411	1206	1786602044685	1222.344	0.874	24396	11.1	0.013932	126x126+379+229	0.032292	0.000000		0.000000	0.000052	0.000000	0.000000	0.000000	0.023986	0.000000
1412	1207	1786602045564	1223.223	0.835	24399	11.0	0.013932	126x126+379+229	0.032292	0.000000		0.000000	0.000052	0.000000	0.000000	0.000000	0.023986	0.000000
1413	1208	1786602046405	1224.064	0.844	24402	10.9	0.013932	126x126+379+229	0.032292	0.000000		0.000000	0.000052	0.000000	0.000000	0.000000	0.023986	0.000000
1414	1209	1786602047254	1224.913	0.811	24405	11.0	0.013932	126x126+379+229	0.032292	0.000000		0.000000	0.000052	0.000000	0.000000	0.000000	0.023986	0.000000
1415	1210	1786602048070	1225.729	0.810	24408	11.0	0.013932	126x126+379+229	0.032292	0.000000		0.000000	0.000052	0.000000	0.000000	0.000000	0.023986	0.000000
1416	1210	1786602048885	1226.544	0.817	24408	11.0	0.013932	126x126+379+229	0.032292	0.000000		0.000000	0.000052	0.000000	0.000000	0.000000	0.023986	0.000000
1417	1211	1786602049708	1227.367	0.837	24411	11.1	0.013932	126x126+379+229	0.032292	0.000000		0.000000	0.000052	0.000000	0.000000	0.000000	0.023986	0.000000
1418	1212	1786602050550	1228.209	0.846	24414	11.0	0.013932	126x126+379+229	0.032292	0.000000		0.000026	0.000052	0.000000	0.000000	0.000000	0.023986	0.000000
1419	1213	1786602051401	1229.060	0.841	24417	11.1	0.013932	126x126+379+229	0.032292	0.000000		0.000072	0.000052	0.000000	0.000000	0.000000	0.023986	0.000000
1420	1214	1786602052248	1229.907	0.825	24420	42.4	0.013932	126x126+379+229	0.032292	0.000000		0.000137	0.000052	0.000000	0.000000	0.000000	0.031496	0.000000
1421	1215	1786602053078	1230.737	0.907	24432	42.4	0.013932	126x126+379+229	0.032292	0.000000		0.000160	0.096383	0.007412	0.000000	0.000000	0.000000	0.468837
1422	1215	1786602053990	1231.649	0.888	24432	42.4	0.013932	126x126+379+229	0.032292	0.000000		0.000026	0.094648	0.008919	0.000000	0.000000	0.000000	0.460393
1423	1216	1786602054883	1232.542	0.862	24444	42.3	0.013932	126x126+379+229	0.032292	0.000000		0.000000	0.094648	0.008919	0.000000	0.000000	0.000000	0.460393
1424	1217	1786602055750	1233.409	0.879	24455	40.7	0.013932	126x126+379+229	0.032292	0.000000		0.000000	0.096383	0.007412	0.000000	0.000000	0.000000	0.468837
1425	1218	1786602056634	1234.293	0.807	24467	40.7	0.013932	126x126+379+229	0.032292	0.000000		0.000000	0.096383	0.007412	0.000000	0.000000	0.000000	0.468837
1426	1219	1786602057446	1235.105	0.869	24478	40.9	0.013932	126x126+379+229	0.032292	0.000000		0.000000	0.096383	0.007412	0.000000	0.000000	0.000000	0.468837
1427	1220	1786602058320	1235.979	0.847	24489	38.3	0.013932	126x126+379+229	0.032292	0.000000		0.000000	0.096383	0.007412	0.000000	0.000000	0.000000	0.468837
1428	1221	1786602059172	1236.831	0.825	24500	38.2	0.013932	126x126+379+229	0.032292	0.000000		0.000000	0.093447	0.009782	0.000000	0.000000	0.000000	0.454547
1429	1221	1786602060002	1237.661	0.861	24500	38.2	0.013932	126x126+379+229	0.032292	0.000000		0.000000	0.093447	0.009782	0.000000	0.000000	0.000000	0.454547
1430	1222	1786602060867	1238.526	0.846	24511	38.1	0.013932	126x126+379+229	0.032292	0.000000		0.000000	0.093447	0.009782	0.000000	0.000000	0.000000	0.454547
1431	1223	1786602061718	1239.377	0.896	24521	38.6	0.013932	126x126+379+229	0.032292	0.000000		0.000000	0.094202	0.009108	0.000000	0.000000	0.000000	0.458222
1432	1224	1786602062618	1240.277	0.838	24532	38.3	0.013932	126x126+379+229	0.032292	0.000000		0.000000	0.093447	0.009782	0.000000	0.000000	0.000000	0.454547
1433	1225	1786602063461	1241.120	0.809	24542	38.6	0.013932	126x126+379+229	0.032292	0.000000		0.000000	0.093447	0.009782	0.000000	0.000000	0.000000	0.454547
1434	1226	1786602064274	1241.933	0.803	24553	38.7	0.013932	126x126+379+229	0.032292	0.000000		0.000000	0.094202	0.009108	0.000000	0.000000	0.000000	0.458222
1435	1226	1786602065082	1242.741	0.860	24553	38.7	0.013932	126x126+379+229	0.032292	0.000000		0.000833	0.094202	0.009108	0.000000	0.000000	0.000000	0.458222
1436	1227	1786602065947	1243.606	0.858	24564	38.9	0.013932	126x126+379+229	0.032292	0.000000		0.001276	0.094202	0.009108	0.000000	0.000000	0.000000	0.458222
1437	1228	1786602066810	1244.469	0.859	24575	38.7	0.013932	126x126+379+229	0.032292	0.000000		0.001325	0.094202	0.009108	0.000000	0.000000	0.000000	0.458222
1438	1229	1786602067674	1245.333	0.838	24586	37.6	0.013932	126x126+379+229	0.032292	0.000000		0.001530	0.093447	0.009782	0.000000	0.000000	0.000000	0.454547
1439	1230	1786602068517	1246.176	0.837	24596	37.6	0.013932	126x126+379+229	0.032292	0.000000		0.001520	0.093447	0.009782	0.000000	0.000000	0.000000	0.454547
1440	1231	1786602069359	1247.018	0.876	24606	38.0	0.013932	126x126+379+229	0.032292	0.000000		0.001143	0.093447	0.009782	0.000000	0.000000	0.000000	0.454547
1441	1231	1786602070240	1247.899	0.856	24606	38.0	0.013932	126x126+379+229	0.032292	0.000000		0.000625	0.093447	0.009782	0.000000	0.000000	0.000000	0.454547
1442	1232	1786602071101	1248.760	0.861	24617	36.3	0.013932	126x126+379+229	0.032292	0.000000		0.000007	0.095576	0.007930	0.000000	0.000000	0.000000	0.464908
1443	1233	1786602071966	1249.625	0.882	24627	36.3	0.013932	126x126+379+229	0.032292	0.000000		0.000000	0.094092	0.009196	0.000000	0.000000	0.000000	0.457684
1444	1234	1786602072853	1250.512	0.820	24637	36.1	0.013932	126x126+379+229	0.032292	0.000000		0.000000	0.094092	0.009196	0.000000	0.000000	0.000000	0.457684
1445	1235	1786602073678	1251.337	0.863	24647	37.5	0.013932	126x126+379+229	0.032292	0.000000		0.000000	0.094092	0.009196	0.000000	0.000000	0.000000	0.457684
1446	1236	1786602074545	1252.204	0.802	24658	37.3	0.013932	126x126+379+229	0.032292	0.000000		0.000000	0.093447	0.009782	0.000000	0.000000	0.000000	0.454547
1447	1236	1786602075352	1253.011	0.815	24658	37.3	0.013932	126x126+379+229	0.032292	0.000000		0.000000	0.095576	0.007930	0.000000	0.000000	0.000000	0.464908
1448	1237	1786602076172	1253.831	0.826	24668	37.3	0.013932	126x126+379+229	0.032292	0.000000		0.000000	0.095576	0.007930	0.000000	0.000000	0.000000	0.464908
1449	1238	1786602077003	1254.662	0.892	24678	37.7	0.013932	126x126+379+229	0.032292	0.000000		0.000055	0.093447	0.009782	0.000000	0.000000	0.000000	0.454547
1450	1239	1786602077900	1255.559	0.831	24689	37.7	0.013932	126x126+379+229	0.032292	0.000000		0.000143	0.093447	0.009782	0.000000	0.000000	0.000000	0.454547
1451	1240	1786602078736	1256.395	0.822	24699	37.4	0.013932	126x126+379+229	0.032292	0.000000		0.000127	0.093447	0.009782	0.000000	0.000000	0.000000	0.454547
1452	1241	1786602079563	1257.222	0.816	24710	37.8	0.013932	126x126+379+229	0.032292	0.000000		0.000111	0.093447	0.009782	0.000000	0.000000	0.000000	0.454547
1453	1241	1786602080384	1258.043	0.824	24710	37.8	0.013932	126x126+379+229	0.032292	0.000000		0.000179	0.093447	0.009782	0.000000	0.000000	0.000000	0.454547
1454	1242	1786602081212	1258.871	0.812	24720	37.9	0.013932	126x126+379+229	0.032292	0.000000		0.000101	0.093447	0.009782	0.000000	0.000000	0.000000	0.454547
1455	1243	1786602082030	1259.689	0.864	24731	37.8	0.013932	126x126+379+229	0.032292	0.000000		0.000085	0.093447	0.009782	0.000000	0.000000	0.000000	0.454547
1456	1244	1786602082898	1260.557	0.821	24741	38.8	0.013932	126x126+379+229	0.032292	0.000000		0.000036	0.093447	0.009782	0.000000	0.000000	0.000000	0.454547
1457	1245	1786602083724	1261.383	0.819	24752	38.4	0.013932	126x126+379+229	0.032292	0.000000		0.000078	0.094202	0.009108	0.000000	0.000000	0.000000	0.458222
1458	1245	1786602084548	1262.207	0.843	24752	38.4	0.013932	126x126+379+229	0.032292	0.000000		0.000140	0.094202	0.009108	0.000000	0.000000	0.000000	0.458222
1459	1246	1786602085396	1263.055	0.827	24763	38.8	0.013932	126x126+379+229	0.032292	0.000000		0.000098	0.094202	0.009108	0.000000	0.000000	0.000000	0.458222
1460	1247	1786602086227	1263.886	0.893	24773	39.4	0.013932	126x126+379+229	0.032292	0.000000		0.000114	0.094202	0.009108	0.000000	0.000000	0.000000	0.458222
1461	1248	1786602087124	1264.783	0.820	24784	39.5	0.013932	126x126+379+229	0.032292	0.000000		0.000065	0.093955	0.009486	0.000000	0.000000	0.000000	0.457018
1462	1249	1786602087949	1265.608	0.842	24795	39.4	0.013932	126x126+379+229	0.032292	0.000000		0.000059	0.094202	0.009108	0.000000	0.000000	0.000000	0.458222
1463	1250	1786602088796	1266.455	0.836	24806	39.6	0.013932	126x126+379+229	0.032292	0.000000		0.000052	0.094202	0.009108	0.000000	0.000000	0.000000	0.458222
1464	1250	1786602089637	1267.297	0.837	24806	39.6	0.013932	126x126+379+229	0.032292	0.000000		0.000000	0.093955	0.009486	0.000000	0.000000	0.000000	0.457018
1465	1251	1786602090479	1268.138	0.824	24817	39.3	0.013932	126x126+379+229	0.032292	0.000000		0.000000	0.094202	0.009108	0.000000	0.000000	0.000000	0.458222
1466	1252	1786602091308	1268.967	0.848	24828	39.3	0.013932	126x126+379+229	0.032292	0.000000		0.000000	0.094202	0.009108	0.000000	0.000000	0.000000	0.458222
1467	1253	1786602092162	1269.821	0.875	24839	38.7	0.013932	126x126+379+229	0.032292	0.000000		0.000000	0.094202	0.009108	0.000000	0.000000	0.000000	0.458222
1468	1254	1786602093042	1270.701	0.805	24850	38.3	0.013932	126x126+379+229	0.032292	0.000000		0.000000	0.094202	0.009108	0.000000	0.000000	0.000000	0.458222
1469	1255	1786602093852	1271.511	0.818	24860	38.6	0.013932	126x126+379+229	0.032292	0.000000		0.000000	0.093447	0.009782	0.000000	0.000000	0.000000	0.454547
1470	1255	1786602094675	1272.334	0.830	24860	38.6	0.013932	126x126+379+229	0.032292	0.000000		0.000000	0.094202	0.009108	0.000000	0.000000	0.000000	0.458222
1471	1256	1786602095510	1273.169	0.826	24871	41.1	0.013932	126x126+379+229	0.032292	0.000000		0.000000	0.096383	0.007412	0.000000	0.000000	0.000000	0.468837
1472	1257	1786602096340	1273.999	0.829	24883	41.2	0.013932	126x126+379+229	0.032292	0.000000		0.000000	0.096383	0.007412	0.000000	0.000000	0.000000	0.468837
1473	1258	1786602097174	1274.833	0.823	24894	40.8	0.013932	126x126+379+229	0.032292	0.000000		0.000000	0.096383	0.007412	0.000000	0.000000	0.000000	0.468837
1474	1259	1786602098002	1275.661	0.833	24905	44.9	0.013932	126x126+379+229	0.032292	0.000000		0.000000	0.096383	0.007412	0.000000	0.000000	0.000000	0.468837
1475	1259	1786602098839	1276.498	0.813	24905	44.9	0.013932	126x126+379+229	0.032292	0.000000		0.000000	0.094368	0.009007	0.000000	0.000000	0.000000	0.459030
1476	1260	1786602099657	1277.316	0.862	24918	44.9	0.013932	126x126+379+229	0.032292	0.000000		0.000000	0.094368	0.009007	0.000000	0.000000	0.000000	0.459030
1477	1261	1786602100524	1278.183	0.858	24930	44.9	0.013932	126x126+379+229	0.032292	0.000000		0.000000	0.094368	0.009007	0.000000	0.000000	0.000000	0.459030
1478	1262	1786602101387	1279.046	0.812	24943	43.1	0.013932	126x126+379+229	0.032292	0.000000		0.000000	0.094606	0.008971	0.000000	0.000000	0.000000	0.460187
1479	1263	1786602102204	1279.863	0.842	24955	43.1	0.013932	126x126+379+229	0.032292	0.000000		0.000000	0.094482	0.008952	0.000000	0.000000	0.000000	0.459585
1480	1264	1786602103051	1280.710	0.846	24967	43.1	0.013932	126x126+379+229	0.032292	0.000000		0.000000	0.094482	0.008952	0.000000	0.000000	0.000000	0.459585
1481	1264	1786602103902	1281.561	0.857	24967	43.1	0.013932	126x126+379+229	0.032292	0.000000		0.000000	0.094482	0.008952	0.000000	0.000000	0.000000	0.459585
1482	1265	1786602104763	1282.422	0.820	24979	41.3	0.013932	126x126+379+229	0.032292	0.000000		0.000000	0.094648	0.008919	0.000000	0.000000	0.000000	0.460393
1483	1266	1786602105588	1283.247	0.859	24990	41.7	0.013932	126x126+379+229	0.032292	0.000000		0.000000	0.094648	0.008919	0.000000	0.000000	0.000000	0.460393
1484	1267	1786602106452	1284.111	0.846	25002	41.3	0.013932	126x126+379+229	0.032292	0.000000		0.000000	0.094648	0.008919	0.000000	0.000000	0.000000	0.460393
1485	1268	1786602107302	1284.961	0.796	25013	38.8	0.013932	126x126+379+229	0.032292	0.000000		0.000000	0.096383	0.007412	0.000000	0.000000	0.000000	0.468837
1486	1269	1786602108103	1285.762	0.828	25024	38.6	0.013932	126x126+379+229	0.032292	0.000000		0.000000	0.094202	0.009108	0.000000	0.000000	0.000000	0.458222
1487	1269	1786602108935	1286.594	0.880	25024	38.6	0.013932	126x126+379+229	0.032292	0.000000		0.000000	0.094202	0.009108	0.000000	0.000000	0.000000	0.458222
1488	1270	1786602109820	1287.479	0.852	25035	38.8	0.013932	126x126+379+229	0.032292	0.000000		0.000000	0.094202	0.009108	0.000000	0.000000	0.000000	0.458222
1489	1271	1786602110677	1288.336	0.869	25046	39.9	0.013932	126x126+379+229	0.032292	0.000000		0.000000	0.093955	0.009486	0.000000	0.000000	0.000000	0.457018
1490	1272	1786602111550	1289.209	0.812	25057	40.0	0.013932	126x126+379+229	0.032292	0.000000		0.000000	0.093955	0.009486	0.000000	0.000000	0.000000	0.457018
1491	1273	1786602112368	1290.027	0.843	25068	39.7	0.013932	126x126+379+229	0.032292	0.000000		0.000000	0.093955	0.009486	0.000000	0.000000	0.000000	0.457018
1492	1274	1786602113216	1290.875	0.851	25079	40.4	0.013932	126x126+379+229	0.032292	0.000000		0.000000	0.093955	0.009486	0.000000	0.000000	0.000000	0.457018
1493	1274	1786602114071	1291.730	0.890	25079	40.4	0.013932	126x126+379+229	0.032292	0.000000		0.000000	0.096383	0.007412	0.000000	0.000000	0.000000	0.468837
1494	1275	1786602114966	1292.625	0.871	25090	40.2	0.013932	126x126+379+229	0.032292	0.000000		0.000000	0.093955	0.009486	0.000000	0.000000	0.000000	0.457018
1495	1276	1786602115842	1293.501	0.877	25101	40.4	0.013932	126x126+379+229	0.032292	0.000000		0.000000	0.096383	0.007412	0.000000	0.000000	0.000000	0.468837
1496	1277	1786602116723	1294.383	0.846	25112	41.7	0.013932	126x126+379+229	0.032292	0.000000		0.000000	0.096383	0.007412	0.000000	0.000000	0.000000	0.468837
1497	1278	1786602117574	1295.233	0.821	25124	41.5	0.013932	126x126+379+229	0.032292	0.000000		0.000000	0.094648	0.008919	0.000000	0.000000	0.000000	0.460393
1498	1279	1786602118399	1296.058	0.857	25135	41.9	0.013932	126x126+379+229	0.032292	0.000000		0.000000	0.094648	0.008919	0.000000	0.000000	0.000000	0.460393
1499	1280	1786602119261	1296.920	0.828	25147	40.3	0.013932	126x126+379+229	0.032292	0.000000		0.000000	0.094648	0.008919	0.000000	0.000000	0.000000	0.460393
1500	1280	1786602120094	1297.753	0.884	25147	40.3	0.013932	126x126+379+229	0.032292	0.000000		0.000000	0.096383	0.007412	0.000000	0.000000	0.000000	0.468837
1501	1281	1786602120982	1298.641	0.898	25158	40.6	0.013932	126x126+379+229	0.032292	0.000000		0.000000	0.096383	0.007412	0.000000	0.000000	0.000000	0.468837
1502	1282	1786602121885	1299.544	0.867	25170	40.6	0.013932	126x126+379+229	0.032292	0.000000		0.000000	0.096383	0.007412	0.000000	0.000000	0.000000	0.468837
1503	1283	1786602122757	1300.416	0.870	25181	40.8	0.013932	126x126+379+229	0.032292	0.000000		0.000000	0.096383	0.007412	0.000000	0.000000	0.000000	0.468837
1504	1284	1786602123631	1301.290	0.831	25192	40.9	0.013932	126x126+379+229	0.032292	0.000000		0.000000	0.096383	0.007412	0.000000	0.000000	0.000000	0.468837
1505	1285	1786602124467	1302.126	0.816	25204	40.8	0.013932	126x126+379+229	0.032292	0.000000		0.000000	0.096383	0.007412	0.000000	0.000000	0.000000	0.468837
1506	1285	1786602125288	1302.947	0.850	25204	40.8	0.013932	126x126+379+229	0.032292	0.000000		0.000000	0.096383	0.007412	0.000000	0.000000	0.000000	0.468837
1507	1286	1786602126142	1303.801	0.826	25215	40.9	0.013932	126x126+379+229	0.032292	0.000000		0.000000	0.096383	0.007412	0.000000	0.000000	0.000000	0.468837
1508	1287	1786602126973	1304.632	0.845	25226	41.0	0.013932	126x126+379+229	0.032292	0.000000		0.000000	0.096383	0.007412	0.000000	0.000000	0.000000	0.468837
1509	1288	1786602127822	1305.481	0.812	25238	40.9	0.013932	126x126+379+229	0.032292	0.000000		0.000000	0.096383	0.007412	0.000000	0.000000	0.000000	0.468837
1510	1289	1786602128638	1306.297	0.859	25249	41.1	0.013932	126x126+379+229	0.032292	0.000000		0.000000	0.096383	0.007412	0.000000	0.000000	0.000000	0.468837
1511	1290	1786602129502	1307.161	0.827	25260	41.0	0.013932	126x126+379+229	0.032292	0.000000		0.000000	0.096383	0.007412	0.000000	0.000000	0.000000	0.468837
1512	1290	1786602130333	1307.993	0.874	25260	41.0	0.013932	126x126+379+229	0.032292	0.000000		0.000000	0.096383	0.007412	0.000000	0.000000	0.000000	0.468837
1513	1291	1786602131212	1308.871	0.851	25272	40.9	0.013932	126x126+379+229	0.032292	0.000000		0.000000	0.096383	0.007412	0.000000	0.000000	0.000000	0.468837
1514	1292	1786602132068	1309.727	0.945	25283	41.9	0.013932	126x126+379+229	0.032292	0.000000		0.000000	0.094648	0.008919	0.000000	0.000000	0.000000	0.460393
1515	1293	1786602133017	1310.676	0.961	25295	41.6	0.013932	126x126+379+229	0.032292	0.000000		0.000000	0.094648	0.008919	0.000000	0.000000	0.000000	0.460393
1516	1294	1786602133983	1311.642	0.931	25306	41.8	0.013932	126x126+379+229	0.032292	0.000000		0.000000	0.094648	0.008919	0.000000	0.000000	0.000000	0.460393
1517	1295	1786602134918	1312.577	0.944	25318	41.7	0.013932	126x126+379+229	0.032292	0.000000		0.000000	0.094648	0.008919	0.000000	0.000000	0.000000	0.460393
1518	1296	1786602135867	1313.526	0.962	25330	42.0	0.013932	126x126+379+229	0.032292	0.000000		0.000000	0.094648	0.008919	0.000000	0.000000	0.000000	0.460393
1519	1297	1786602136834	1314.493	0.891	25341	41.6	0.013932	126x126+379+229	0.032292	0.000000		0.000000	0.094648	0.008919	0.000000	0.000000	0.000000	0.460393
1520	1298	1786602137730	1315.389	0.945	25353	41.7	0.013932	126x126+379+229	0.032292	0.000000		0.000000	0.094648	0.008919	0.000000	0.000000	0.000000	0.460393
1521	1299	1786602138680	1316.339	0.920	25364	41.5	0.013932	126x126+379+229	0.032292	0.000000		0.000000	0.094648	0.008919	0.000000	0.000000	0.000000	0.460393
1522	1299	1786602139604	1317.263	0.995	25364	41.5	0.013932	126x126+379+229	0.032292	0.000000		0.000000	0.094648	0.008919	0.000000	0.000000	0.000000	0.460393
1523	1300	1786602140604	1318.263	0.944	25376	41.7	0.013932	126x126+379+229	0.032292	0.000000		0.000000	0.094648	0.008919	0.000000	0.000000	0.000000	0.460393
1524	1301	1786602141552	1319.211	0.887	25387	40.7	0.013932	126x126+379+229	0.032292	0.000000		0.000120	0.096383	0.007412	0.000000	0.000000	0.000000	0.468837
1525	1302	1786602142444	1320.103	0.896	25399	40.7	0.013932	126x126+379+229	0.032292	0.000000		0.000202	0.096383	0.007412	0.000000	0.000000	0.000000	0.468837
1526	1303	1786602143344	1321.003	0.924	25410	40.7	0.013932	126x126+379+229	0.032292	0.000000		0.000322	0.096383	0.007412	0.000000	0.000000	0.000000	0.468837
1527	1304	1786602144272	1321.932	0.921	25421	40.3	0.013932	126x126+379+229	0.032292	0.000000		0.000540	0.093955	0.009486	0.000000	0.000000	0.000000	0.457018
1528	1305	1786602145199	1322.858	0.924	25433	40.2	0.013932	126x126+379+229	0.032292	0.000000		0.000579	0.093955	0.009486	0.000000	0.000000	0.000000	0.457018
1529	1306	1786602146128	1323.787	0.956	25444	40.3	0.013932	126x126+379+229	0.032292	0.000000		0.000824	0.093955	0.009486	0.000000	0.000000	0.000000	0.457018
1530	1307	1786602147088	1324.747	0.963	25455	39.1	0.013932	126x126+379+229	0.032292	0.000000		0.000951	0.093955	0.009486	0.000000	0.000000	0.000000	0.457018
1531	1308	1786602148056	1325.715	0.889	25466	39.1	0.013932	126x126+379+229	0.032292	0.000000		0.000957	0.094202	0.009108	0.000000	0.000000	0.000000	0.458222
1532	1309	1786602148949	1326.608	0.918	25477	39.1	0.013932	126x126+379+229	0.032292	0.000000		0.000801	0.094202	0.009108	0.000000	0.000000	0.000000	0.458222
1533	1310	1786602149872	1327.531	0.963	25488	38.8	0.013932	126x126+379+229	0.032292	0.000000		0.000798	0.094202	0.009108	0.000000	0.000000	0.000000	0.458222
1534	1311	1786602150840	1328.499	1.050	25498	38.8	0.013932	126x126+379+229	0.032292	0.000000		0.000716	0.094202	0.009108	0.000000	0.000000	0.000000	0.458222
1535	1312	1786602151895	1329.554	0.929	25509	38.7	0.013932	126x126+379+229	0.032292	0.000000		0.000570	0.094202	0.009108	0.000000	0.000000	0.000000	0.458222
1536	1312	1786602152829	1330.488	0.984	25509	38.7	0.013932	126x126+379+229	0.032292	0.000000		0.000355	0.094202	0.009108	0.000000	0.000000	0.000000	0.458222
1537	1313	1786602153818	1331.477	1.049	25520	39.1	0.013932	126x126+379+229	0.032292	0.000000		0.000192	0.094202	0.009108	0.000000	0.000000	0.000000	0.458222
1538	1314	1786602154872	1332.531	0.938	25531	38.8	0.013932	126x126+379+229	0.032292	0.000000		0.000085	0.094202	0.009108	0.000000	0.000000	0.000000	0.458222
1539	1315	1786602155815	1333.474	1.027	25542	38.8	0.013932	126x126+379+229	0.032292	0.000000		0.000000	0.094202	0.009108	0.000000	0.000000	0.000000	0.458222
1540	1316	1786602156847	1334.506	0.901	25552	38.7	0.013932	126x126+379+229	0.032292	0.000000		0.000000	0.094202	0.009108	0.000000	0.000000	0.000000	0.458222
1541	1317	1786602157752	1335.411	0.932	25563	38.5	0.013932	126x126+379+229	0.032292	0.000000		0.000000	0.094202	0.009108	0.000000	0.000000	0.000000	0.458222
1542	1318	1786602158689	1336.348	0.918	25574	38.9	0.013932	126x126+379+229	0.032292	0.000000		0.000000	0.094202	0.009108	0.000000	0.000000	0.000000	0.458222
1543	1319	1786602159611	1337.270	0.926	25585	38.5	0.013932	126x126+379+229	0.032292	0.000000		0.000000	0.094202	0.009108	0.000000	0.000000	0.000000	0.458222
1544	1320	1786602160542	1338.201	0.928	25595	38.8	0.013932	126x126+379+229	0.032292	0.000000		0.000000	0.094202	0.009108	0.000000	0.000000	0.000000	0.458222
1545	1321	1786602161475	1339.134	0.930	25606	38.5	0.013932	126x126+379+229	0.032292	0.000000		0.000000	0.094202	0.009108	0.000000	0.000000	0.000000	0.458222
1546	1322	1786602162410	1340.069	0.961	25617	38.3	0.013932	126x126+379+229	0.032292	0.000000		0.000000	0.093447	0.009782	0.000000	0.000000	0.000000	0.454547
1547	1323	1786602163375	1341.034	0.888	25627	37.9	0.013932	126x126+379+229	0.032292	0.000000		0.000000	0.093447	0.009782	0.000000	0.000000	0.000000	0.454547
1548	1324	1786602164268	1341.927	0.954	25638	38.3	0.013932	126x126+379+229	0.032292	0.000000		0.000000	0.093447	0.009782	0.000000	0.000000	0.000000	0.454547
1549	1325	1786602165226	1342.885	0.950	25649	38.5	0.013932	126x126+379+229	0.032292	0.000000		0.000033	0.093447	0.009782	0.000000	0.000000	0.000000	0.454547
1550	1326	1786602166181	1343.840	0.933	25659	38.6	0.013932	126x126+379+229	0.032292	0.000000		0.000186	0.094202	0.009108	0.000000	0.000000	0.000000	0.458222
1551	1326	1786602167119	1344.778	0.952	25659	38.6	0.013932	126x126+379+229	0.032292	0.000000		0.000290	0.094202	0.009108	0.000000	0.000000	0.000000	0.458222
1552	1327	1786602168075	1345.734	0.940	25670	38.9	0.013932	126x126+379+229	0.032292	0.000000		0.000417	0.094202	0.009108	0.000000	0.000000	0.000000	0.458222
1553	1328	1786602169020	1346.679	0.982	25681	39.3	0.013932	126x126+379+229	0.032292	0.000000		0.000521	0.094202	0.009108	0.000000	0.000000	0.000000	0.458222
1554	1329	1786602170007	1347.666	1.035	25692	39.5	0.013932	126x126+379+229	0.032292	0.000000		0.000771	0.093955	0.009486	0.000000	0.000000	0.000000	0.457018
1555	1330	1786602171046	1348.705	0.967	25703	39.5	0.013932	126x126+379+229	0.032292	0.000000		0.000814	0.093955	0.009486	0.000133	0.000000	0.000000	0.457018
1556	1331	1786602172018	1349.677	0.962	25714	41.0	0.013932	126x126+379+229	0.032292	0.000000		0.000833	0.096383	0.007412	0.000248	0.000000	0.000000	0.468837
1557	1332	1786602172985	1350.644	0.947	25725	40.9	0.013932	126x126+379+229	0.032292	0.000000		0.000892	0.096383	0.007412	0.000248	0.000000	0.000000	0.468837
1558	1333	1786602173937	1351.596	0.927	25736	40.9	0.013932	126x126+379+229	0.032292	0.000000		0.000755	0.096383	0.007412	0.000057	0.000000	0.000000	0.468837
1559	1334	1786602174868	1352.528	0.904	25748	40.1	0.013932	126x126+379+229	0.032292	0.000000		0.000654	0.096383	0.007412	0.000000	0.000000	0.000000	0.468837
1560	1335	1786602175778	1353.437	0.931	25759	40.4	0.013932	126x126+379+229	0.032292	0.000000		0.000462	0.096383	0.007412	0.000000	0.000000	0.000000	0.468837
1561	1336	1786602176713	1354.372	0.921	25770	40.4	0.013932	126x126+379+229	0.032292	0.000000		0.000326	0.096383	0.007412	0.000000	0.000000	0.000000	0.468837
1562	1337	1786602177639	1355.298	0.912	25781	39.8	0.013932	126x126+379+229	0.032292	0.000000		0.000378	0.093955	0.009486	0.000000	0.000000	0.000000	0.457018
1563	1338	1786602178556	1356.215	0.879	25792	39.9	0.013932	126x126+379+229	0.032292	0.000000		0.000218	0.093955	0.009486	0.000000	0.000000	0.000000	0.457018
1564	1339	1786602179440	1357.099	0.962	25804	39.7	0.013932	126x126+379+229	0.032292	0.000000		0.000160	0.093955	0.009486	0.000000	0.000000	0.000000	0.457018
1565	1340	1786602180407	1358.066	0.996	25815	40.4	0.013932	126x126+379+229	0.032292	0.000000		0.000000	0.093955	0.009486	0.000000	0.000000	0.000000	0.457018
1566	1341	1786602181407	1359.066	0.976	25826	40.2	0.013932	126x126+379+229	0.032292	0.000000		0.000000	0.093955	0.009486	0.000000	0.000000	0.000000	0.457018
1567	1341	1786602182388	1360.047	0.988	25826	40.2	0.013932	126x126+379+229	0.032292	0.000000		0.000000	0.093955	0.009486	0.000000	0.000000	0.000000	0.457018
1568	1342	1786602183380	1361.039	0.939	25837	40.1	0.013932	126x126+379+229	0.032292	0.000000		0.000000	0.093955	0.009486	0.000000	0.000000	0.000000	0.457018
1569	1343	1786602184325	1361.984	0.971	25848	41.8	0.013932	126x126+379+229	0.032292	0.000000		0.000000	0.094648	0.008919	0.000000	0.000000	0.000000	0.460393
1570	1344	1786602185300	1362.959	0.926	25860	41.8	0.013932	126x126+379+229	0.032292	0.000000		0.000000	0.094648	0.008919	0.000000	0.000000	0.000000	0.460393
1571	1345	1786602186231	1363.890	0.925	25871	41.8	0.013932	126x126+379+229	0.032292	0.000000		0.000000	0.094648	0.008919	0.000000	0.000000	0.000000	0.460393
1572	1346	1786602187160	1364.819	0.906	25883	41.4	0.013932	126x126+379+229	0.032292	0.000000		0.000000	0.094648	0.008919	0.000000	0.000000	0.000000	0.460393
1573	1347	1786602188072	1365.731	0.901	25894	41.6	0.013932	126x126+379+229	0.032292	0.000000		0.000000	0.094648	0.008919	0.000000	0.000000	0.000000	0.460393
1574	1348	1786602188977	1366.636	0.942	25906	41.6	0.013932	126x126+379+229	0.032292	0.000000		0.000000	0.094648	0.008919	0.000000	0.000000	0.000000	0.460393
1575	1349	1786602189923	1367.582	0.899	25918	41.9	0.013932	126x126+379+229	0.032292	0.000000		0.000000	0.094648	0.008919	0.000000	0.000000	0.000000	0.460393
1576	1350	1786602190827	1368.486	0.969	25929	42.2	0.013932	126x126+379+229	0.032292	0.000000		0.000065	0.094648	0.008919	0.000000	0.000000	0.000000	0.460393
1577	1351	1786602191801	1369.460	0.915	25941	41.9	0.013932	126x126+379+229	0.032292	0.000000		0.000215	0.094648	0.008919	0.000000	0.000000	0.000000	0.460393
1578	1352	1786602192721	1370.380	0.947	25953	42.4	0.013932	126x126+379+229	0.032292	0.000000		0.000316	0.094648	0.008919	0.000000	0.000000	0.000000	0.460393
1579	1353	1786602193674	1371.333	0.918	25964	42.2	0.013932	126x126+379+229	0.032292	0.000000		0.000589	0.094482	0.008952	0.000000	0.000000	0.000000	0.459585
1580	1353	1786602194596	1372.256	0.972	25964	42.2	0.013932	126x126+379+229	0.032292	0.000000		0.000632	0.094648	0.008919	0.000000	0.000000	0.000000	0.460393
1581	1354	1786602195574	1373.233	0.929	25976	42.4	0.013932	126x126+379+229	0.032292	0.000000		0.000788	0.094482	0.008952	0.000000	0.000000	0.000000	0.459585
1582	1355	1786602196508	1374.167	0.930	25988	36.1	0.013932	126x126+379+229	0.032292	0.000000		0.000716	0.095576	0.007930	0.000000	0.000000	0.000000	0.464908
1583	1356	1786602197442	1375.101	0.924	25998	36.1	0.013932	126x126+379+229	0.032292	0.000000		0.000762	0.094092	0.009196	0.000000	0.000000	0.000000	0.457684
1584	1357	1786602198371	1376.030	0.928	26008	35.9	0.013932	126x126+379+229	0.032292	0.000000		0.000778	0.094092	0.009196	0.000000	0.000000	0.000000	0.457684
1585	1358	1786602199304	1376.963	0.904	26018	11.6	0.013932	126x126+379+229	0.032292	0.000000		0.000788	0.000052	0.000000	0.000000	0.000000	0.038435	0.000000
1586	1359	1786602200213	1377.872	0.944	26021	11.6	0.013932	126x126+379+229	0.032292	0.000000		0.000824	0.000052	0.000000	0.000000	0.000000	0.031210	0.000000
1587	1360	1786602201162	1378.821	0.922	26024	11.6	0.013932	126x126+379+229	0.032292	0.000000		0.000579	0.000052	0.000000	0.000000	0.000000	0.031210	0.000000
1588	1361	1786602202088	1379.747	0.887	26028	11.6	0.013932	126x126+379+229	0.032292	0.000000		0.000459	0.000052	0.000000	0.000000	0.000000	0.031210	0.000000
1589	1362	1786602202980	1380.639	0.947	26031	11.6	0.013932	126x126+379+229	0.032292	0.000000		0.000358	0.000052	0.000000	0.000000	0.000000	0.031210	0.000000
1590	1363	1786602203932	1381.591	0.946	26034	11.6	0.013932	126x126+379+229	0.032292	0.000000		0.000267	0.000052	0.000000	0.000000	0.000000	0.031210	0.000000
1591	1364	1786602204883	1382.542	0.965	26037	11.6	0.013932	126x126+379+229	0.032292	0.000000		0.000176	0.000052	0.000000	0.000000	0.000000	0.031210	0.000000
1592	1365	1786602205853	1383.512	0.946	26041	11.6	0.013932	126x126+379+229	0.032292	0.000000		0.000182	0.000052	0.000000	0.000000	0.000000	0.031210	0.000000
1593	1365	1786602206805	1384.464	0.898	26041	11.6	0.013932	126x126+379+229	0.032292	0.000000		0.000179	0.000052	0.000000	0.000000	0.000000	0.031210	0.000000
1594	1366	1786602207708	1385.367	0.944	26044	30.0	0.013932	126x126+379+229	0.032292	0.000000		0.000120	0.000052	0.000000	0.000000	0.000000	0.038530	0.000000
1595	1367	1786602208657	1386.316	0.916	26052	30.2	0.013932	126x126+379+229	0.032292	0.000000		0.000127	0.000052	0.000000	0.000000	0.000000	0.040748	0.000000
1596	1368	1786602209578	1387.237	0.922	26060	30.0	0.013932	126x126+379+229	0.032292	0.000000		0.000111	0.000052	0.000000	0.000000	0.000000	0.040748	0.000000
1597	1369	1786602210504	1388.164	0.926	26069	31.2	0.013932	126x126+379+229	0.032292	0.000000		0.000146	0.000052	0.000000	0.000000	0.000000	0.031147	0.000000
1598	1370	1786602211435	1389.094	0.912	26077	31.2	0.013932	126x126+379+229	0.032292	0.000000		0.000153	0.000052	0.000000	0.000000	0.000000	0.031147	0.000000
1599	1371	1786602212352	1390.011	0.962	26086	31.0	0.013932	126x126+379+229	0.032292	0.000000		0.000153	0.000052	0.000000	0.000000	0.000000	0.031147	0.000000
1600	1372	1786602213319	1390.978	0.917	26095	43.2	0.000000		0.030937	0.000000		0.000173	0.000055	0.000000	0.000000	0.000000	0.038308	0.000000
1601	1373	1786602214241	1391.900	0.955	26107	42.9	0.000000		0.000000	0.000000		0.000153	0.000000	0.000000	0.000057	0.000000	0.038657	0.000000
1602	1374	1786602215201	1392.860	0.993	26119	42.9	0.000000		0.000000	0.000000		0.000173	0.000000	0.000000	0.000476	0.000000	0.038657	0.000000
1603	1375	1786602216199	1393.858	0.952	26131	47.3	0.000000		0.000000	0.000000		0.000156	0.000000	0.000000	0.000533	0.000000	0.038657	0.000000
1604	1376	1786602217156	1394.816	0.904	26144	47.4	0.000000		0.000000	0.000000		0.000127	0.000000	0.000000	0.000000	0.000000	0.033555	0.000000
1605	1377	1786602218066	1395.725	0.963	26157	47.8	0.000000		0.000000	0.000000		0.000117	0.000000	0.000000	0.000000	0.000000	0.042918	0.000000
1606	1377	1786602219033	1396.692	0.937	26157	47.8	0.000000		0.000000	0.000000		0.000000	0.000000	0.000000	0.000000	0.000000	0.042918	0.000000
1607	1378	1786602219975	1397.634	0.979	26170	47.9	0.000000		0.000000	0.000000		0.000000	0.000000	0.000000	0.000000	0.000000	0.042918	0.000000
1608	1379	1786602220959	1398.618	0.902	26184	45.5	0.000000		0.000000	0.000000		0.000000	0.000000	0.000000	0.000000	0.000000	0.039908	0.000000
1609	1380	1786602221866	1399.525	0.905	26196	45.9	0.000000		0.000000	0.000000		0.000000	0.000000	0.000000	0.000000	0.000000	0.039908	0.000000
1610	1381	1786602222776	1400.435	0.908	26209	45.3	0.000000		0.000000	0.000000		0.000000	0.000000	0.000000	0.000000	0.000000	0.039908	0.000000
1611	1382	1786602223689	1401.348	0.946	26221	45.5	0.000000		0.000000	0.000000		0.000000	0.000000	0.000000	0.000000	0.000000	0.039908	0.000000
1612	1383	1786602224640	1402.299	0.960	26234	44.9	0.000000		0.000000	0.000000		0.000000	0.000000	0.000000	0.000000	0.000000	0.039908	0.000000
1613	1384	1786602225605	1403.264	0.951	26247	45.2	0.000000		0.000000	0.000000		0.000000	0.000000	0.000000	0.000000	0.000000	0.038815	0.000000
1614	1385	1786602226560	1404.219	0.915	26259	43.5	0.000000		0.000000	0.000000		0.000000	0.000000	0.000000	0.000000	0.000000	0.038815	0.000000
1615	1386	1786602227480	1405.139	0.912	26271	43.5	0.000000		0.000000	0.000000		0.000000	0.000000	0.000000	0.000000	0.000000	0.039005	0.000000
1616	1387	1786602228397	1406.056	0.966	26283	43.5	0.000000		0.000000	0.000000		0.000000	0.000000	0.000000	0.000000	0.000000	0.039005	0.000000
1617	1388	1786602229368	1407.027	0.932	26295	45.8	0.000000		0.000000	0.000000		0.000000	0.000000	0.000000	0.000000	0.000000	0.039005	0.000000
1618	1389	1786602230304	1407.963	0.949	26308	46.0	0.000000		0.000000	0.000000		0.000000	0.000000	0.000000	0.000000	0.000000	0.039908	0.000000
1619	1389	1786602231258	1408.917	0.927	26308	46.0	0.000000		0.000000	0.000000		0.000000	0.000000	0.000000	0.000000	0.000000	0.039908	0.000000
1620	1390	1786602232191	1409.850	0.955	26321	50.6	0.000000		0.000000	0.000000		0.000000	0.000000	0.000000	0.000000	0.000000	0.040906	0.000000
1621	1391	1786602233151	1410.810	0.914	26335	50.4	0.000000		0.000000	0.000000		0.000000	0.000000	0.000000	0.000000	0.000000	0.031305	0.000000
1622	1392	1786602234071	1411.730	0.924	26349	53.6	0.000000		0.000000	0.000000		0.000062	0.000000	0.000000	0.000152	0.000000	0.038530	0.000000
1623	1393	1786602235000	1412.659	0.930	26364	53.4	0.000000		0.000000	0.000000		0.000059	0.000000	0.000000	0.000019	0.000000	0.038815	0.000000
1624	1394	1786602235936	1413.595	0.920	26379	53.5	0.000000		0.000000	0.000000		0.000000	0.000000	0.000000	0.000000	0.000000	0.038815	0.000000
1625	1395	1786602236861	1414.520	0.892	26394	53.8	0.000000		0.000000	0.000000		0.000000	0.000000	0.000000	0.000000	0.000000	0.038815	0.000000
1626	1396	1786602237759	1415.418	0.945	26409	53.8	0.000000		0.000000	0.000000		0.000000	0.000000	0.000000	0.000000	0.000000	0.038815	0.000000
1627	1397	1786602238708	1416.368	0.898	26423	53.8	0.000000		0.000000	0.000000		0.000000	0.000000	0.000000	0.000000	0.000000	0.038815	0.000000
1628	1398	1786602239612	1417.271	1.020	26438	53.1	0.000000		0.000000	0.000000		0.000000	0.000000	0.000000	0.000000	0.000000	0.038815	0.000000
1629	1399	1786602240638	1418.297	0.936	26453	53.3	0.000000		0.000000	0.000000		0.000000	0.000000	0.000000	0.000000	0.000000	0.038466	0.000000
1630	1400	1786602241579	1419.238	0.930	26468	52.5	0.000000		0.000000	0.000000		0.000000	0.000000	0.000000	0.000000	0.000000	0.038466	0.000000
1631	1401	1786602242515	1420.174	0.932	26483	52.7	0.000000		0.000000	0.000000		0.000000	0.000000	0.000000	0.000000	0.000000	0.038466	0.000000
1632	1401	1786602243452	1421.112	0.913	26483	52.7	0.000000		0.000000	0.000000		0.000000	0.000000	0.000000	0.000000	0.000000	0.038466	0.000000
1633	1402	1786602244370	1422.029	0.945	26497	52.0	0.000000		0.000000	0.000000		0.000000	0.000000	0.000000	0.000000	0.000000	0.038530	0.000000
1634	1403	1786602245321	1422.980	0.978	26512	52.1	0.000000		0.000000	0.000000		0.000000	0.000000	0.000000	0.000000	0.000000	0.038530	0.000000
1635	1404	1786602246304	1423.963	0.942	26526	45.0	0.000000		0.000000	0.000000		0.000000	0.000000	0.000000	0.000000	0.000000	0.042918	0.000000
1636	1405	1786602247251	1424.910	0.930	26539	45.0	0.000000		0.000000	0.000000		0.000000	0.000000	0.000000	0.000000	0.000000	0.038815	0.000000
1637	1406	1786602248185	1425.844	0.912	26551	45.0	0.000000		0.000000	0.000000		0.000000	0.000000	0.000000	0.000000	0.000000	0.038815	0.000000
1638	1407	1786602249102	1426.761	0.922	26564	48.2	0.000000		0.000000	0.000000		0.000000	0.000000	0.000000	0.000000	0.000000	0.039908	0.000000
1639	1408	1786602250028	1427.687	0.975	26577	48.2	0.000000		0.000000	0.000000		0.000000	0.000000	0.000000	0.000000	0.000000	0.042918	0.000000
1640	1409	1786602251008	1428.667	0.960	26590	49.1	0.000000		0.000000	0.000000		0.000000	0.000000	0.000000	0.000000	0.000000	0.042918	0.000000
1641	1410	1786602251973	1429.632	0.926	26604	49.1	0.000000		0.000000	0.000000		0.000000	0.000000	0.000000	0.000000	0.000000	0.039528	0.000000
1642	1411	1786602252904	1430.563	0.926	26618	51.5	0.000000		0.000000	0.000000		0.000000	0.000000	0.000000	0.000000	0.000000	0.039528	0.000000
1643	1412	1786602253835	1431.494	0.915	26632	51.4	0.000000		0.000000	0.000000		0.000000	0.000000	0.000000	0.000000	0.000000	0.031305	0.000000
1644	1413	1786602254754	1432.414	0.911	26646	52.5	0.000000		0.000000	0.000000		0.000000	0.000000	0.000000	0.000000	0.000000	0.038530	0.000000
1645	1413	1786602255670	1433.329	0.965	26646	52.5	0.000000		0.000000	0.000000		0.000000	0.000000	0.000000	0.000000	0.000000	0.038530	0.000000
1646	1414	1786602256641	1434.300	0.931	26661	52.5	0.000000		0.000000	0.000000		0.000000	0.000000	0.000000	0.000000	0.000000	0.038466	0.000000
1647	1415	1786602257576	1435.235	0.932	26675	52.9	0.000000		0.000000	0.000000		0.000000	0.000000	0.000000	0.000000	0.000000	0.038466	0.000000
1648	1416	1786602258513	1436.172	0.922	26690	52.9	0.000000		0.000000	0.000000		0.000000	0.000000	0.000000	0.000000	0.000000	0.038466	0.000000
1649	1417	1786602259440	1437.099	0.950	26705	52.2	0.000000		0.000000	0.000000		0.000000	0.000000	0.000000	0.000000	0.000000	0.038466	0.000000
1650	1418	1786602260395	1438.054	0.932	26719	52.0	0.000000		0.000000	0.000000		0.000000	0.000000	0.000000	0.000000	0.000000	0.038530	0.000000
1651	1419	1786602261333	1438.992	0.935	26734	51.2	0.000000		0.000000	0.000000		0.000000	0.000000	0.000000	0.000000	0.000000	0.038530	0.000000
1652	1420	1786602262273	1439.932	0.932	26748	51.4	0.000000		0.000000	0.000000		0.000000	0.000000	0.000000	0.000000	0.000000	0.038530	0.000000
1653	1421	1786602263210	1440.869	0.964	26762	49.8	0.000000		0.000000	0.000000		0.000000	0.000000	0.000000	0.000000	0.000000	0.038530	0.000000
1654	1422	1786602264180	1441.839	0.868	26776	49.5	0.000000		0.000000	0.000000		0.000000	0.000000	0.000000	0.000000	0.000000	0.040906	0.000000
1655	1423	1786602265053	1442.712	0.969	26790	47.4	0.000000		0.000000	0.000000		0.000000	0.000000	0.000000	0.000000	0.000000	0.040906	0.000000
1656	1424	1786602266026	1443.685	0.941	26803	47.2	0.000000		0.000000	0.000000		0.000000	0.000000	0.000000	0.000000	0.000000	0.042918	0.000000
1657	1425	1786602266972	1444.631	0.943	26816	44.9	0.000000		0.000000	0.000000		0.000000	0.000000	0.000000	0.000000	0.000000	0.033555	0.000000
1658	1425	1786602267920	1445.580	0.932	26816	44.9	0.000000		0.000000	0.000000		0.000000	0.000000	0.000000	0.000000	0.000000	0.038815	0.000000
1659	1426	1786602268857	1446.516	0.925	26829	45.4	0.000000		0.000000	0.000000		0.000000	0.000000	0.000000	0.000000	0.000000	0.038815	0.000000
1660	1427	1786602269787	1447.446	0.954	26841	37.2	0.000000		0.000000	0.000000		0.000000	0.000000	0.000000	0.000000	0.000000	0.039179	0.000000
1661	1428	1786602270745	1448.404	0.914	26852	37.5	0.000000		0.000000	0.000000		0.000000	0.000000	0.000000	0.000000	0.000000	0.042570	0.000000
1662	1429	1786602271664	1449.323	0.914	26862	37.5	0.000000		0.000000	0.000000		0.000000	0.000000	0.000000	0.000000	0.000000	0.042570	0.000000
1663	1430	1786602272583	1450.242	0.968	26872	19.7	0.000000		0.000000	0.000000		0.000000	0.000000	0.000000	0.000000	0.000000	0.038657	0.000000
1664	1431	1786602273556	1451.216	1.003	26878	20.2	0.000000		0.000000	0.000000		0.000000	0.000000	0.000000	0.000000	0.000000	0.031210	0.000000
1665	1432	1786602274564	1452.224	0.941	26883	20.2	0.000000		0.000000	0.000000		0.000000	0.000000	0.000000	0.000000	0.000000	0.040811	0.000000
1666	1433	1786602275510	1453.169	0.905	26889	19.7	0.000000		0.000000	0.000000		0.000000	0.000000	0.000000	0.000000	0.000000	0.040811	0.000000
1667	1434	1786602276420	1454.079	0.955	26895	20.2	0.000000		0.000000	0.000000		0.000000	0.000000	0.000000	0.000000	0.000000	0.040811	0.000000
1668	1435	1786602277380	1455.039	0.930	26900	50.4	0.000000		0.000000	0.000000		0.000000	0.000000	0.000000	0.000000	0.000000	0.040811	0.000000
1669	1436	1786602278315	1455.974	0.928	26914	50.4	0.000000		0.000000	0.000000		0.000000	0.000000	0.000000	0.000000	0.000000	0.042918	0.000000
1670	1437	1786602279247	1456.906	0.894	26928	53.3	0.000000		0.000000	0.000000		0.000000	0.000000	0.000000	0.000000	0.000000	0.040906	0.000000
1671	1437	1786602280145	1457.804	0.922	26928	53.3	0.000000		0.000000	0.000000		0.000000	0.000000	0.000000	0.000000	0.000000	0.038466	0.000000
1672	1438	1786602281071	1458.731	0.908	26943	53.3	0.000000		0.000000	0.000000		0.000000	0.000000	0.000000	0.000000	0.000000	0.038466	0.000000
1673	1439	1786602281984	1459.643	0.934	26958	40.0	0.000000		0.000000	0.000000		0.000000	0.000000	0.000000	0.000000	0.000000	0.039005	0.000000
1674	1440	1786602282923	1460.582	0.903	26969	40.0	0.000000		0.000000	0.000000		0.000000	0.000000	0.000000	0.000000	0.000000	0.041096	0.000000
1675	1441	1786602283830	1461.489	0.874	26980	40.0	0.000000		0.000000	0.000000		0.000000	0.000000	0.000000	0.000000	0.000000	0.041096	0.000000
1676	1442	1786602284709	1462.368	0.896	26991	23.6	0.000000		0.000000	0.000000		0.000000	0.000000	0.000000	0.000000	0.000000	0.039560	0.000000
1677	1443	1786602285611	1463.270	0.947	26998	23.6	0.000000		0.000000	0.000000		0.000000	0.000000	0.000000	0.000000	0.000000	0.038720	0.000000
1678	1444	1786602286562	1464.222	0.941	27004	23.6	0.000000		0.000000	0.000000		0.000000	0.000000	0.000000	0.000000	0.000000	0.038720	0.000000
1679	1445	1786602287509	1465.168	0.961	27011	23.7	0.000000		0.000000	0.000000		0.000000	0.000000	0.000000	0.000000	0.000000	0.038720	0.000000
1680	1446	1786602288475	1466.134	0.944	27017	23.6	0.000000		0.000000	0.000000		0.000000	0.000000	0.000000	0.000000	0.000000	0.038720	0.000000
1681	1447	1786602289424	1467.083	0.917	27024	51.3	0.000000		0.000000	0.000000		0.000000	0.000000	0.000000	0.000000	0.000000	0.038720	0.000000
1682	1447	1786602290345	1468.004	0.921	27024	51.3	0.000000		0.000000	0.000000		0.000000	0.000000	0.000000	0.000000	0.000000	0.033555	0.000000
1683	1448	1786602291270	1468.929	0.965	27038	51.2	0.000000		0.000000	0.000000		0.000000	0.000000	0.000000	0.000000	0.000000	0.031305	0.000000
1684	1449	1786602292240	1469.899	0.889	27052	51.4	0.000000		0.000000	0.000000		0.000000	0.000000	0.000000	0.000000	0.000000	0.038530	0.000000
1685	1450	1786602293133	1470.792	0.925	27067	51.6	0.000000		0.000000	0.000000		0.000000	0.000000	0.000000	0.000000	0.000000	0.038530	0.000000
1686	1451	1786602294063	1471.722	0.849	27081	49.6	0.000000		0.000000	0.000000		0.000000	0.000000	0.000000	0.000000	0.000000	0.031305	0.000000
1687	1452	1786602294917	1472.576	0.875	27095	49.3	0.000000		0.000000	0.000000		0.000000	0.000000	0.000000	0.000000	0.000000	0.040906	0.000000
1688	1453	1786602295796	1473.455	0.819	27108	46.4	0.000000		0.000000	0.000000		0.000000	0.000000	0.000000	0.000000	0.000000	0.039528	0.000000
1689	1454	1786602296621	1474.280	0.852	27121	46.4	0.000000		0.000000	0.000000		0.000000	0.000000	0.000000	0.000000	0.000000	0.033555	0.000000
1690	1454	1786602297477	1475.136	0.853	27121	46.4	0.000000		0.000000	0.000000		0.000000	0.000000	0.000000	0.000000	0.000000	0.033555	0.000000
1691	1455	1786602298335	1475.994	0.820	27134	45.3	0.000000		0.000000	0.000000		0.000000	0.000000	0.000000	0.000000	0.000000	0.039908	0.000000
1692	1456	1786602299160	1476.819	0.834	27147	45.3	0.000000		0.000000	0.000000		0.000000	0.000000	0.000000	0.000000	0.000000	0.038815	0.000000
1693	1457	1786602299998	1477.657	0.872	27159	50.0	0.000000		0.000000	0.000000		0.000000	0.000000	0.000000	0.000000	0.000000	0.038815	0.000000
1694	1458	1786602300875	1478.534	0.827	27173	49.9	0.000000		0.000000	0.000000		0.000000	0.000000	0.000000	0.000000	0.000000	0.040906	0.000000
1695	1459	1786602301707	1479.366	0.850	27187	55.0	0.000000		0.000000	0.000000		0.000000	0.000000	0.000000	0.000000	0.000000	0.040906	0.000000
1696	1459	1786602302562	1480.221	0.878	27187	55.0	0.000000		0.000000	0.000000		0.000000	0.000000	0.000000	0.000000	0.000000	0.038625	0.000000
1697	1460	1786602303444	1481.103	0.848	27202	55.3	0.000000		0.000000	0.000000		0.000000	0.000000	0.000000	0.000000	0.000000	0.038625	0.000000
1698	1461	1786602304297	1481.956	0.850	27218	59.4	0.000000		0.000000	0.000000		0.000000	0.000000	0.000000	0.000000	0.000000	0.042728	0.000000
1699	1462	1786602305151	1482.810	0.850	27234	59.4	0.000000		0.000000	0.000000		0.000000	0.000000	0.000000	0.000000	0.000000	0.041999	0.000000
1700	1463	1786602306006	1483.665	0.812	27251	58.8	0.000000		0.000000	0.000000		0.000000	0.000000	0.000000	0.000000	0.000000	0.041999	0.000000
1701	1464	1786602306823	1484.482	0.888	27267	59.0	0.000000		0.000000	0.000000		0.000000	0.000000	0.000000	0.000000	0.000000	0.039338	0.000000
1702	1465	1786602307715	1485.374	0.860	27284	0.0	0.000000		0.000000	0.000000		0.000000	0.000000	0.000000	0.000000	0.000000	0.039338	0.000000
1703	1465	1786602308580	1486.239	0.958	27284	0.0	0.000000		0.000000	0.000000		0.000000	0.000000	0.000000	0.000000	0.000000	0.033587	0.000000
1704	1465	1786602309543	1487.202	0.826	27284	0.0	0.000000		0.000000	0.000000		0.000000	0.000000	0.000000	0.000000	0.000000	0.000000	0.000000
1705	1465	1786602310373	1488.032	0.841	27284	0.0	0.000000		0.000000	0.000000		0.000000	0.000000	0.000000	0.000000	0.000000	0.000000	0.000000
1706	1465	1786602311218	1488.877	0.911	27284	0.0	0.000000		0.000000	0.000000		0.000000	0.000000	0.000000	0.000000	0.000000	0.000000	0.000000
1707	1465	1786602312134	1489.793	0.852	27284	0.0	0.000000		0.000000	0.000000		0.000000	0.000000	0.000000	0.000000	0.000000	0.000000	0.000000
1708	1465	1786602312991	1490.650	0.893	27284	0.0	0.000000		0.000000	0.000000		0.000000	0.000000	0.000000	0.000000	0.000000	0.000000	0.000000
1709	1465	1786602313888	1491.547	0.883	27284	0.0	0.000000		0.000000	0.000000		0.000000	0.000000	0.000000	0.000000	0.000000	0.000000	0.000000
1710	1465	1786602314775	1492.434	0.850	27284	0.0	0.000000		0.000000	0.000000		0.000000	0.000000	0.000000	0.000000	0.000000	0.000000	0.000000
1711	1465	1786602315629	1493.288	0.821	27284	0.0	0.000000		0.000000	0.000000		0.000000	0.000000	0.000000	0.000000	0.000000	0.000000	0.000000
1712	1465	1786602316454	1494.113	0.930	27284	0.0	0.000000		0.000000	0.000000		0.000000	0.000000	0.000000	0.000000	0.000000	0.000000	0.000000
1713	1465	1786602317388	1495.047	0.893	27284	0.0	0.000000		0.000000	0.000000		0.000000	0.000000	0.000000	0.000000	0.000000	0.000000	0.000000
1714	1465	1786602318285	1495.944	0.893	27284	0.0	0.000000		0.000000	0.000000		0.000000	0.000000	0.000000	0.000000	0.000000	0.000000	0.000000
1715	1465	1786602319182	1496.841	0.867	27284	0.0	0.000000		0.000000	0.000000		0.000000	0.000000	0.000000	0.000000	0.000000	0.019503	0.000000
1716	1465	1786602320054	1497.713	0.891	27284	0.0	0.000000		0.000000	0.000000		0.000000	0.000000	0.000000	0.000000	0.000000	0.019217	0.000000
1717	1465	1786602320950	1498.609	0.934	27284	0.0	0.000000		0.000000	0.000000		0.000000	0.000000	0.000000	0.000000	0.000000	0.019154	0.000000
1718	1465	1786602321888	1499.547	0.873	27284	0.0	0.000000		0.000000	0.000000		0.000000	0.000000	0.000000	0.000000	0.000000	0.019503	0.000000
1719	1465	1786602322766	1500.425	0.823	27284	0.0	0.000000		0.000000	0.000000		0.000000	0.000000	0.000000	0.000000	0.000000	0.019312	0.000000
1720	1465	1786602323593	1501.252	0.887	27284	0.0	0.000000		0.000000	0.000000		0.000000	0.000000	0.000000	0.000000	0.000000	0.019503	0.000000
1721	1465	1786602324485	1502.144	0.858	27284	0.0	0.000000		0.000000	0.000000		0.000000	0.000000	0.000000	0.000000	0.000000	0.019503	0.000000
1722	1465	1786602325347	1503.006	0.887	27284	0.0	0.000000		0.000000	0.000000		0.000000	0.000000	0.000000	0.000000	0.000000	0.019503	0.000000
1723	1465	1786602326239	1503.898	0.871	27284	0.0	0.000000		0.000000	0.000000		0.000000	0.000000	0.000000	0.000000	0.000000	0.019503	0.000000
1724	1465	1786602327114	1504.773	0.840	27284	0.0	0.000000		0.000000	0.000000		0.000000	0.000000	0.000000	0.000000	0.000000	0.000000	0.000000
1725	1465	1786602327959	1505.618	0.876	27284	0.0	0.000000		0.000000	0.000000		0.000000	0.000000	0.000000	0.000000	0.000000	0.000000	0.000000
1726	1465	1786602328839	1506.498	0.868	27284	0.0	0.000000		0.000000	0.000000		0.000000	0.000000	0.000000	0.000000	0.000000	0.000000	0.000000
1727	1465	1786602329711	1507.370	0.893	27284	0.0	0.000000		0.000000	0.000000		0.000000	0.000000	0.000000	0.000000	0.000000	0.000000	0.000000
1728	1465	1786602330608	1508.267	0.889	27284	0.0	0.000000		0.000000	0.000000		0.000000	0.000000	0.000000	0.000000	0.000000	0.000000	0.000000
1729	1465	1786602331501	1509.160	0.867	27284	0.0	0.000000		0.000000	0.000000		0.000000	0.000000	0.000000	0.000000	0.000000	0.000000	0.000000
1730	1465	1786602332373	1510.032	0.886	27284	0.0	0.000000		0.000000	0.000000		0.000000	0.000000	0.000000	0.000000	0.000000	0.000000	0.000000
1731	1465	1786602333263	1510.922	0.842	27284	0.0	0.000000		0.000000	0.000000		0.000000	0.000000	0.000000	0.000000	0.000000	0.000000	0.000000
1732	1465	1786602334109	1511.768	0.844	27284	0.0	0.000000		0.000000	0.000000		0.000000	0.000000	0.000000	0.000000	0.000000	0.000000	0.000000
1733	1465	1786602334957	1512.616	0.831	27284	0.0	0.000000		0.000000	0.000000		0.000000	0.000000	0.000000	0.000000	0.000000	0.000000	0.000000
1734	1465	1786602335792	1513.451	0.884	27284	0.0	0.000000		0.000000	0.000000		0.000000	0.000000	0.000000	0.000000	0.000000	0.000000	0.000000
1735	1465	1786602336681	1514.340	0.840	27284	0.0	0.000000		0.000000	0.000000		0.000000	0.000000	0.000000	0.000000	0.000000	0.000000	0.000000
1736	1465	1786602337525	1515.184	0.876	27284	0.0	0.000000		0.000000	0.000000		0.000000	0.000000	0.000000	0.000000	0.000000	0.000000	0.000000
1737	1465	1786602338405	1516.064	0.925	27284	0.0	0.000000		0.000000	0.000000		0.000000	0.000000	0.000000	0.000000	0.000000	0.000000	0.000000
1738	1465	1786602339335	1516.994	0.845	27284	0.0	0.000000		0.000000	0.000000		0.000000	0.000000	0.000000	0.000000	0.000000	0.000000	0.000000
1739	1465	1786602340184	1517.843	0.917	27284	0.0	0.000000		0.000000	0.000000		0.000000	0.000000	0.000000	0.000000	0.000000	0.000000	0.000000
1740	1465	1786602341105	1518.764	0.819	27284	0.0	0.000000		0.000000	0.000000		0.000000	0.000000	0.000000	0.000000	0.000000	0.000000	0.000000
1741	1465	1786602341928	1519.587	0.884	27284	0.0	0.000000		0.000000	0.000000		0.000000	0.000000	0.000000	0.000000	0.000000	0.000000	0.000000
1742	1465	1786602342816	1520.475	0.849	27284	0.0	0.000000		0.000000	0.000000		0.000000	0.000000	0.000000	0.000000	0.000000	0.000000	0.000000
1743	1465	1786602343669	1521.328	0.850	27284	0.0	0.000000		0.000000	0.000000		0.000000	0.000000	0.000000	0.000000	0.000000	0.000000	0.000000
1744	1465	1786602344523	1522.183	0.800	27284	0.0	0.000000		0.000000	0.000000		0.000000	0.000000	0.000000	0.000000	0.000000	0.000000	0.000000
1745	1465	1786602345328	1522.987	0.873	27284	0.0	0.000000		0.000000	0.000000		0.000000	0.000000	0.000000	0.000000	0.000000	0.000000	0.000000
1746	1465	1786602346205	1523.864	0.873	27284	0.0	0.000000		0.000000	0.000000		0.000000	0.000000	0.000000	0.000000	0.000000	0.000000	0.000000
1747	1465	1786602347082	1524.741	0.880	27284	0.0	0.000000		0.000000	0.000000		0.000000	0.000000	0.000000	0.000000	0.000000	0.000000	0.000000
1748	1465	1786602347966	1525.626	0.850	27284	0.0	0.000000		0.000000	0.000000		0.000000	0.000000	0.000000	0.000000	0.000000	0.000000	0.000000
1749	1465	1786602348821	1526.480	0.838	27284	0.0	0.000000		0.000000	0.000000		0.000000	0.000000	0.000000	0.000000	0.000000	0.000000	0.000000
1750	1465	1786602349664	1527.323	0.812	27284	0.0	0.000000		0.000000	0.000000		0.000000	0.000000	0.000000	0.000000	0.000000	0.000000	0.000000
1751	1465	1786602350480	1528.139	0.862	27284	0.0	0.000000		0.000000	0.000000		0.000000	0.000000	0.000000	0.000000	0.000000	0.000000	0.000000
1752	1465	1786602351346	1529.005	0.825	27284	0.0	0.000000		0.000000	0.000000		0.000000	0.000000	0.000000	0.000000	0.000000	0.000000	0.000000
1753	1465	1786602352176	1529.835	0.857	27284	0.0	0.000000		0.000000	0.000000		0.000000	0.000000	0.000000	0.000000	0.000000	0.000000	0.000000
1754	1465	1786602353037	1530.696	0.846	27284	0.0	0.000000		0.000000	0.000000		0.000000	0.000000	0.000000	0.000000	0.000000	0.000000	0.000000
1755	1465	1786602353887	1531.546	0.845	27284	0.0	0.000000		0.000000	0.000000		0.000000	0.000000	0.000000	0.000000	0.000000	0.000000	0.000000
1756	1465	1786602354736	1532.395	0.876	27284	0.0	0.000000		0.000000	0.000000		0.000000	0.000000	0.000000	0.000000	0.000000	0.000000	0.000000
1757	1465	1786602355616	1533.275	0.893	27284	0.0	0.000000		0.000000	0.000000		0.000000	0.000000	0.000000	0.000000	0.000000	0.000000	0.000000
1758	1465	1786602356514	1534.173	0.826	27284	0.0	0.000000		0.000000	0.000000		0.000000	0.000000	0.000000	0.000000	0.000000	0.000000	0.000000
1759	1465	1786602357344	1535.004	0.876	27284	0.0	0.000000		0.000000	0.000000		0.000000	0.000000	0.000000	0.000000	0.000000	0.000000	0.000000
1760	1465	1786602358225	1535.884	0.821	27284	0.0	0.000000		0.000000	0.000000		0.000000	0.000000	0.000000	0.000000	0.000000	0.000000	0.000000
1761	1465	1786602359050	1536.709	0.880	27284	0.0	0.000000		0.000000	0.000000		0.000000	0.000000	0.000000	0.000000	0.000000	0.000000	0.000000
1762	1465	1786602359934	1537.593	0.861	27284	0.0	0.000000		0.000000	0.000000		0.000000	0.000000	0.000000	0.000000	0.000000	0.000000	0.000000
1763	1465	1786602360800	1538.459	0.851	27284	0.0	0.000000		0.000000	0.000000		0.000000	0.000000	0.000000	0.000000	0.000000	0.000000	0.000000
1764	1465	1786602361655	1539.314	0.868	27284	0.0	0.000000		0.000000	0.000000		0.000000	0.000000	0.000000	0.000000	0.000000	0.000000	0.000000
