frame	wall_ms	elapsed_s	grab_s	sign_red	sign_box	sign_ink	sign_sig	avg_blue	avg_box	avg_fill	avg_errfill	avg_errink	chip_fill	chip_err	dial_ink	dial_red
0	1786606927085	0.000	0.880	0.000000		0.000000	eeeeeeeeeeeeeeeeeeeeeeeeeeeeeeeeeeee	0.000000		0.000000	0.000000	0.000000	0.000000	0.000000	0.000000	0.000000
1	1786606927969	0.884	0.892	0.000000		0.000000	eeeeeeeeeeeeeeeeeeeeeeeeeeeeeeeeeeee	0.000000		0.000000	0.000000	0.000000	0.000000	0.000000	0.000000	0.000000
2	1786606928866	1.781	0.875	0.000000		0.000000	eeeeeeeeeeeeeeeeeeeeeeeeeeeeeeeeeeee	0.000000		0.000000	0.000000	0.000000	0.000000	0.000000	0.000000	0.000000
3	1786606929746	2.661	0.841	0.000000		0.000000	eeeeeeeeeeeeeeeeeeeeeeeeeeeeeeeeeeee	0.000000		0.000000	0.000000	0.000000	0.000000	0.000000	0.000000	0.000000
4	1786606930591	3.506	0.904	0.000000		0.000000	eeeeeeeeeeeeeeeeeeeeeeeeeeeeeeeeeeee	0.000000		0.000000	0.000000	0.000000	0.000000	0.000000	0.000000	0.000000
5	1786606931500	4.414	0.836	0.000000		0.000000	eeeeeeeeeeeeeeeeeeeeeeeeeeeeeeeeeeee	0.000000		0.000000	0.000000	0.000000	0.000000	0.000000	0.000000	0.000000
6	1786606932340	5.255	0.838	0.000000		0.000000	eeeeeeeeeeeeeeeeeeeeeeeeeeeeeeeeeeee	0.000000		0.000000	0.000000	0.000000	0.000000	0.000000	0.000000	0.000000
7	1786606933184	6.099	0.929	0.000000		0.000000	eeeeeeeeeeeeeeeeeeeeeeeeeeeeeeeeeeee	0.000000		0.000000	0.000000	0.000000	0.000000	0.000000	0.000000	0.000000
8	1786606934118	7.033	1.055	0.000000		0.000000	eeeeeeeeeeeeeeeeeeeeeeeeeeeeeeeeeeee	0.000000		0.000000	0.000000	0.000000	0.000000	0.000000	0.000000	0.000000
9	1786606935177	8.092	0.752	0.000000		0.000000	eeeeeeeeeeeeeeeeeeeeeeeeeeeeeeeeeeee	0.000000		0.000000	0.000000	0.000000	0.000000	0.000000	0.000000	0.000000
10	1786606935934	8.849	0.751	0.000000		0.000000	deeeeeeeeeeeeeeeeeeeeeeeeeeeeeeeeeee	0.000000		0.000576	0.000000	0.000000	0.001657	0.000000	0.000000	0.000000
11	1786606936691	9.605	0.774	0.000000		0.000000	eeeeeeeeeeedeeeedeeeeeeeeeeeeeeeeeee	0.000000		0.000000	0.000000	0.000000	0.000000	0.000000	0.000000	0.000000
12	1786606937469	10.384	0.897	0.000000		0.000000	eeeeeeeeeeeeeeeeeeeeeeeeeeeeeeeeeeee	0.000000		0.000000	0.000000	0.000000	0.000000	0.000000	0.000000	0.000000
13	1786606938371	11.285	0.863	0.000000		0.000000	eeeeeeeeeeeeeeeeeeeeeeeeeeeeeeeeeeee	0.000000		0.000000	0.000000	0.000000	0.000000	0.000000	0.000000	0.000000
14	1786606939238	12.153	0.829	0.000000		0.000000	eeeeeeeeeeeeeeeeeeeeeeeeeeeeeeeeeeee	0.000000		0.000000	0.000000	0.000000	0.000000	0.000000	0.000000	0.000000
15	1786606940072	12.986	0.856	0.000000		0.000000	eeeeeeeeeeeeeeeeeeeeeeeeeeeeeeeeeeee	0.000000		0.000000	0.000000	0.000000	0.000000	0.000000	0.000000	0.000000
16	1786606940933	13.848	0.853	0.000000		0.000000	eeeeeeeeeeeeeeeeeeeeeeeeeeeeeeeeeeee	0.000000		0.000000	0.000000	0.000000	0.000000	0.000000	0.000000	0.000000
17	1786606941790	14.705	0.784	0.000000		0.000000	eeeeeeeeeeeeeeeeeeeeeeeeeeeeeeeeeeee	0.000000		0.000000	0.000000	0.000000	0.000000	0.000000	0.000000	0.000000
18	1786606942579	15.494	0.880	0.000000		0.000000	eeeeeeeeeeeeeeeeeeeeeeeeeeeeeeeeeeee	0.000000		0.000000	0.000000	0.000000	0.000000	0.000000	0.000000	0.000000
19	1786606943463	16.378	0.844	0.013932	126x126+379+229	0.042674	eeeeeeedabbeeaedcadba87aeaefcbeebace	0.000000		0.000000	0.000052	0.000000	0.000000	0.000000	0.053992	0.000000
20	1786606944313	17.227	0.824	0.013932	126x126+379+229	0.042674	eeeeeeedabbeeaedcadba87aeaefcbeebace	0.000000		0.000000	0.000052	0.000000	0.000000	0.000000	0.053992	0.000000
21	1786606945141	18.056	0.822	0.013932	126x126+379+229	0.042674	eeeeeeedabbeeaedcadba87aeaefcbeebace	0.000000		0.000000	0.000052	0.000000	0.000000	0.000000	0.052899	0.000000
22	1786606945968	18.882	0.836	0.013932	126x126+379+229	0.042674	eeeeeeedabbeeaedcadba87aeaefcbeebace	0.000000		0.000000	0.000052	0.000000	0.000000	0.000000	0.052899	0.000000
23	1786606946810	19.724	0.870	0.013932	126x126+379+229	0.042674	eeeeeeedabbeeaedcadba87aeaefcbeebace	0.000000		0.000000	0.000052	0.000000	0.000000	0.000000	0.052899	0.000000
24	1786606947685	20.599	0.828	0.013932	126x126+379+229	0.042674	eeeeeeedabbeeaedcadba87aeaefcbeebace	0.000000		0.000000	0.000052	0.000000	0.000000	0.000000	0.052899	0.000000
25	1786606948518	21.432	0.820	0.013932	126x126+379+229	0.042674	eeeeeeedabbeeaedcadba87aeaefcbeebace	0.000000		0.000000	0.000052	0.000000	0.000000	0.000000	0.052899	0.000000
26	1786606949343	22.257	0.834	0.013932	126x126+379+229	0.042674	eeeeeeedabbeeaedcadba87aeaefcbeebace	0.000000		0.000000	0.000052	0.000000	0.000000	0.000000	0.052899	0.000000
27	1786606950183	23.097	0.822	0.000000		0.015660	eeeeeeedbbbeebeedbdcb9bbebefdceecbce	0.000000		0.000000	0.090921	0.011813	0.000000	0.000000	0.000000	0.442253
28	1786606951010	23.925	0.831	0.013932	126x126+379+229	0.033264	eeedeeedabbeeaeedadbb7baeaefcbeebace	0.000000		0.000000	0.091159	0.011777	0.000000	0.000000	0.000000	0.443409
29	1786606951846	24.761	0.885	0.013932	126x126+379+229	0.029201	eeddeeedabbeeadddadbcabaeaefcbeebace	0.000000		0.000000	0.091159	0.011777	0.000000	0.000000	0.000000	0.443409
30	1786606952736	25.650	0.810	0.013932	126x126+379+229	0.029201	eedeeeedabbeeadddadbcabaeaefcbeebace	0.000000		0.000000	0.091159	0.011777	0.000000	0.000000	0.000000	0.443409
31	1786606953551	26.466	0.812	0.013932	126x126+379+229	0.042674	eeeeeeedabbeeaedcadba87aeaefcbeebace	0.000000		0.000000	0.000052	0.000000	0.000000	0.000000	0.052741	0.000000
32	1786606954368	27.283	0.828	0.013932	126x126+379+229	0.042674	eeeeeeedabbeeaedcadba87aeaefcbeebace	0.000000		0.000000	0.000052	0.000000	0.000000	0.000000	0.052804	0.000000
33	1786606955202	28.117	0.822	0.013932	126x126+379+229	0.042674	eeeeeeedabbeeaedcadba87aeaefcbeebace	0.000000		0.000000	0.000052	0.000000	0.000000	0.000000	0.052804	0.000000
34	1786606956028	28.943	0.825	0.013932	126x126+379+229	0.042674	eeeeeeedabbeeaedcadba87aeaefcbeebace	0.000000		0.000000	0.000052	0.000000	0.000000	0.000000	0.052741	0.000000
35	1786606956858	29.772	0.889	0.013932	126x126+379+229	0.042674	eeeeeeedabbeeaedcadba87aeaefcbeebace	0.000000		0.000000	0.000052	0.000000	0.000000	0.000000	0.052741	0.000000
36	1786606957753	30.668	0.807	0.013932	126x126+379+229	0.042674	eeeeeeedabbeeaedcadba87aeaefcbeebace	0.000000		0.000000	0.000052	0.000000	0.000000	0.000000	0.053089	0.000000
37	1786606958565	31.480	0.841	0.013932	126x126+379+229	0.042674	eeeeeeedabbeeaedcadba87aeaefcbeebace	0.000000		0.000000	0.000052	0.000000	0.000000	0.000000	0.052741	0.000000
38	1786606959411	32.326	0.822	0.013932	126x126+379+229	0.042674	eeeeeeedabbeeaedcadba87aeaefcbeebace	0.000000		0.000000	0.000052	0.000000	0.000000	0.000000	0.052741	0.000000
39	1786606960238	33.152	0.837	0.013932	126x126+379+229	0.042674	eeeeeeedabbeeaedcadba87aeaefcbeebace	0.000000		0.000000	0.000052	0.000000	0.000000	0.000000	0.052804	0.000000
40	1786606961080	33.995	0.858	0.013932	126x126+379+229	0.042674	eeeeeeedabbeeaedcadba87aeaefcbeebace	0.000000		0.000000	0.000052	0.000000	0.000000	0.000000	0.052804	0.000000
41	1786606961945	34.859	0.908	0.013932	126x126+379+229	0.042674	eeeeeeedabbeeaedcadba87aeaefcbeebace	0.000000		0.000000	0.000052	0.000000	0.000000	0.000000	0.045580	0.000000
42	1786606962858	35.772	0.834	0.013932	126x126+379+229	0.042674	eeeeeeedabbeeaedcadba87aeaefcbeebace	0.000000		0.000000	0.000052	0.000000	0.000000	0.000000	0.055181	0.000000
43	1786606963698	36.612	0.867	0.013932	126x126+379+229	0.042674	eeeeeeedabbeeaedcadba87aeaefcbeebace	0.000000		0.000000	0.000052	0.000000	0.000000	0.000000	0.040051	0.000000
44	1786606964570	37.484	0.878	0.013932	126x126+379+229	0.042674	eeeeeeedabbeeaedcadba87aeaefcbeebace	0.000000		0.000000	0.000052	0.000000	0.000000	0.000000	0.055181	0.000000
45	1786606965453	38.367	0.829	0.013932	126x126+379+229	0.042674	eeeeeeedabbeeaedcadba87aeaefcbeebace	0.000000		0.000000	0.000052	0.000000	0.000000	0.000000	0.045580	0.000000
46	1786606966287	39.202	0.852	0.013932	126x126+379+229	0.042674	eeeeeeedabbeeaedcadba87aeaefcbeebace	0.000000		0.000000	0.000052	0.000000	0.000000	0.000000	0.045580	0.000000
47	1786606967144	40.058	0.885	0.013932	126x126+379+229	0.042674	eeeeeeedabbeeaedcadba87aeaefcbeebace	0.000000		0.000000	0.000052	0.000000	0.000000	0.000000	0.052804	0.000000
48	1786606968033	40.948	0.868	0.013932	126x126+379+229	0.042674	eeeeeeedabbeeaedcadba87aeaefcbeebace	0.000000		0.000000	0.000052	0.000000	0.000000	0.000000	0.052741	0.000000
49	1786606968907	41.821	0.825	0.013932	126x126+379+229	0.042674	eeeeeeedabbeeaedcadba87aeaefcbeebace	0.000000		0.000000	0.000052	0.000000	0.000000	0.000000	0.053089	0.000000
50	1786606969736	42.650	0.891	0.013932	126x126+379+229	0.042674	eeeeeeedabbeeaedcadba87aeaefcbeebace	0.000000		0.000000	0.000052	0.000000	0.000000	0.000000	0.053089	0.000000
51	1786606970633	43.547	0.857	0.013932	126x126+379+229	0.042674	eeeeeeedabbeeaedcadba87aeaefcbeebace	0.000000		0.000000	0.000052	0.000000	0.000000	0.000000	0.053089	0.000000
52	1786606971494	44.409	0.855	0.013932	126x126+379+229	0.042674	eeeeeeedabbeeaedcadba87aeaefcbeebace	0.000000		0.000000	0.000052	0.000000	0.000000	0.000000	0.052899	0.000000
53	1786606972355	45.269	0.860	0.013932	126x126+379+229	0.042674	eeeeeeedabbeeaedcadba87aeaefcbeebace	0.000000		0.000000	0.000052	0.000000	0.000000	0.000000	0.053089	0.000000
54	1786606973219	46.134	0.850	0.013932	126x126+379+229	0.042674	eeeeeeedabbeeaedcadba87aeaefcbeebace	0.000000		0.000000	0.000052	0.000000	0.000000	0.000000	0.052741	0.000000
55	1786606974074	46.989	0.851	0.013932	126x126+379+229	0.042674	eeeeeeedabbeeaedcadba87aeaefcbeebace	0.000000		0.000000	0.000052	0.000000	0.000000	0.000000	0.053089	0.000000
56	1786606974930	47.845	0.859	0.013932	126x126+379+229	0.042674	eeeeeeedabbeeaedcadba87aeaefcbeebace	0.000000		0.000000	0.000052	0.000000	0.000000	0.000000	0.052741	0.000000
57	1786606975794	48.709	0.886	0.013932	126x126+379+229	0.042674	eeeeeeedabbeeaedcadba87aeaefcbeebace	0.000000		0.000000	0.000052	0.000000	0.000000	0.000000	0.052741	0.000000
58	1786606976685	49.599	0.874	0.013932	126x126+379+229	0.042674	eeeeeeedabbeeaedcadba87aeaefcbeebace	0.000000		0.000000	0.000052	0.000000	0.000000	0.000000	0.052741	0.000000
59	1786606977563	50.478	0.884	0.013932	126x126+379+229	0.042674	eeeeeeedabbeeaedcadba87aeaefcbeebace	0.000000		0.000000	0.000052	0.000000	0.000000	0.000000	0.052741	0.000000
60	1786606978451	51.366	0.858	0.013932	126x126+379+229	0.042674	eeeeeeedabbeeaedcadba87aeaefcbeebace	0.000000		0.000000	0.000052	0.000000	0.000000	0.000000	0.052741	0.000000
61	1786606979315	52.229	0.858	0.013932	126x126+379+229	0.042674	eeeeeeedabbeeaedcadba87aeaefcbeebace	0.000000		0.000000	0.000052	0.000000	0.000000	0.000000	0.052741	0.000000
62	1786606980177	53.092	0.876	0.013932	126x126+379+229	0.042674	eeeeeeedabbeeaedcadba87aeaefcbeebace	0.000000		0.000000	0.000052	0.000000	0.000000	0.000000	0.052741	0.000000
63	1786606981059	53.973	0.856	0.013932	126x126+379+229	0.042674	eeeeeeedabbeeaedcadba87aeaefcbeebace	0.000000		0.000000	0.000052	0.000000	0.000000	0.000000	0.052741	0.000000
64	1786606981919	54.833	0.865	0.013932	126x126+379+229	0.042674	eeeeeeedabbeeaedcadba87aeaefcbeebace	0.000000		0.000000	0.000052	0.000000	0.000000	0.000000	0.052741	0.000000
65	1786606982789	55.704	0.883	0.013932	126x126+379+229	0.042674	eeeeeeedabbeeaedcadba87aeaefcbeebace	0.000000		0.000000	0.000052	0.000000	0.000000	0.000000	0.052741	0.000000
66	1786606983676	56.591	0.886	0.013932	126x126+379+229	0.042674	eeeeeeedabbeeaedcadba87aeaefcbeebace	0.000000		0.000000	0.000052	0.000000	0.000000	0.000000	0.052741	0.000000
67	1786606984567	57.481	0.847	0.013932	126x126+379+229	0.042674	eeeeeeedabbeeaedcadba87aeaefcbeebace	0.000000		0.000000	0.000052	0.000000	0.000000	0.000000	0.052741	0.000000
68	1786606985418	58.333	0.891	0.013932	126x126+379+229	0.042674	eeeeeeedabbeeaedcadba87aeaefcbeebace	0.000000		0.000000	0.000052	0.000000	0.000000	0.000000	0.052741	0.000000
69	1786606986314	59.229	0.878	0.013932	126x126+379+229	0.042674	eeeeeeedabbeeaedcadba87aeaefcbeebace	0.000000		0.000000	0.000052	0.000000	0.000000	0.000000	0.052741	0.000000
70	1786606987197	60.111	0.898	0.013932	126x126+379+229	0.042674	eeeeeeedabbeeaedcadba87aeaefcbeebace	0.000000		0.000000	0.000052	0.000000	0.000000	0.000000	0.052741	0.000000
71	1786606988099	61.014	0.907	0.013932	126x126+379+229	0.042674	eeeeeeedabbeeaedcadba87aeaefcbeebace	0.000000		0.000000	0.000052	0.000000	0.000000	0.000000	0.052741	0.000000
72	1786606989010	61.925	0.867	0.013932	126x126+379+229	0.042674	eeeeeeedabbeeaedcadba87aeaefcbeebace	0.000000		0.000000	0.000052	0.000000	0.000000	0.000000	0.052741	0.000000
73	1786606989882	62.797	0.864	0.013932	126x126+379+229	0.042674	eeeeeeedabbeeaedcadba87aeaefcbeebace	0.000000		0.000000	0.000052	0.000000	0.000000	0.000000	0.052741	0.000000
74	1786606990751	63.665	0.869	0.013932	126x126+379+229	0.042674	eeeeeeedabbeeaedcadba87aeaefcbeebace	0.000000		0.000000	0.000052	0.000000	0.000000	0.000000	0.052804	0.000000
75	1786606991625	64.539	0.877	0.013932	126x126+379+229	0.042674	eeeeeeedabbeeaedcadba87aeaefcbeebace	0.000000		0.000000	0.000052	0.000000	0.000000	0.000000	0.055181	0.000000
76	1786606992506	65.420	0.889	0.013932	126x126+379+229	0.042674	eeeeeeedabbeeaedcadba87aeaefcbeebace	0.000000		0.000000	0.000052	0.000000	0.000000	0.000000	0.040051	0.000000
77	1786606993399	66.314	0.855	0.013932	126x126+379+229	0.042674	eeeeeeedabbeeaedcadba87aeaefcbeebace	0.000000		0.000000	0.000052	0.000000	0.000000	0.000000	0.043441	0.000000
78	1786606994258	67.173	0.867	0.013932	126x126+379+229	0.042674	eeeeeeedabbeeaedcadba87aeaefcbeebace	0.000000		0.000000	0.000052	0.000000	0.000000	0.000000	0.043441	0.000000
79	1786606995130	68.045	0.874	0.013932	126x126+379+229	0.042674	eeeeeeedabbeeaedcadba87aeaefcbeebace	0.000000		0.000000	0.000052	0.000000	0.000000	0.000000	0.034078	0.000000
80	1786606996008	68.923	0.841	0.013932	126x126+379+229	0.042674	eeeeeeedabbeeaedcadba87aeaefcbeebace	0.000000		0.000000	0.000052	0.000000	0.000000	0.000000	0.034078	0.000000
81	1786606996854	69.769	0.882	0.013932	126x126+379+229	0.042674	eeeeeeedabbeeaedcadba87aeaefcbeebace	0.000000		0.000000	0.000052	0.000000	0.000000	0.000000	0.040431	0.000000
82	1786606997740	70.654	0.899	0.013932	126x126+379+229	0.042674	eeeeeeedabbeeaedcadba87aeaefcbeebace	0.000000		0.000000	0.000052	0.000000	0.000000	0.000000	0.039338	0.000000
83	1786606998644	71.559	0.889	0.013932	126x126+379+229	0.042674	eeeeeeedabbeeaedcadba87aeaefcbeebace	0.000000		0.000000	0.000052	0.000000	0.000000	0.000000	0.039528	0.000000
84	1786606999537	72.452	0.885	0.013932	126x126+379+229	0.042674	eeeeeeedabbeeaedcadba87aeaefcbeebace	0.000000		0.000000	0.000052	0.000000	0.000000	0.000000	0.039338	0.000000
85	1786607000427	73.341	0.907	0.013932	126x126+379+229	0.042674	eeeeeeedabbeeaedcadba87aeaefcbeebace	0.000000		0.000000	0.000052	0.000000	0.000000	0.000000	0.039528	0.000000
86	1786607001338	74.253	0.851	0.013932	126x126+379+229	0.042674	eeeeeeedabbeeaedcadba87aeaefcbeebace	0.000000		0.000000	0.000052	0.000000	0.000000	0.000000	0.039179	0.000000
87	1786607002194	75.109	0.912	0.013932	126x126+379+229	0.042674	eeeeeeedabbeeaedcadba87aeaefcbeebace	0.000000		0.000000	0.000052	0.000000	0.000000	0.000000	0.039179	0.000000
88	1786607003111	76.025	0.861	0.013932	126x126+379+229	0.042674	eeeeeeedabbeeaedcadba87aeaefcbeebace	0.000000		0.000000	0.000052	0.000000	0.000000	0.000000	0.039179	0.000000
89	1786607003978	76.892	0.877	0.013932	126x126+379+229	0.042674	eeeeeeedabbeeaedcadba87aeaefcbeebace	0.000000		0.000000	0.000052	0.000000	0.000000	0.000000	0.039179	0.000000
90	1786607004859	77.774	0.891	0.013932	126x126+379+229	0.042674	eeeeeeedabbeeaedcadba87aeaefcbeebace	0.000000		0.000000	0.000052	0.000000	0.000000	0.000000	0.039179	0.000000
91	1786607005755	78.669	0.874	0.013932	126x126+379+229	0.042674	eeeeeeedabbeeaedcadba87aeaefcbeebace	0.000000		0.000000	0.000052	0.000000	0.000000	0.000000	0.039528	0.000000
92	1786607006633	79.547	0.894	0.013932	126x126+379+229	0.042674	eeeeeeedabbeeaedcadba87aeaefcbeebace	0.000000		0.000000	0.000052	0.000000	0.000000	0.000000	0.039179	0.000000
93	1786607007533	80.447	0.902	0.013932	126x126+379+229	0.042674	eeeeeeedabbeeaedcadba87aeaefcbeebace	0.000000		0.000000	0.000052	0.000000	0.000000	0.000000	0.039243	0.000000
94	1786607008439	81.353	0.883	0.013932	126x126+379+229	0.042674	eeeeeeedabbeeaedcadba87aeaefcbeebace	0.000000		0.000000	0.000052	0.000000	0.000000	0.000000	0.039243	0.000000
95	1786607009327	82.241	0.861	0.013932	126x126+379+229	0.042674	eeeeeeedabbeeaedcadba87aeaefcbeebace	0.000000		0.000000	0.000052	0.000000	0.000000	0.000000	0.032018	0.000000
96	1786607010192	83.106	0.873	0.013932	126x126+379+229	0.042674	eeeeeeedabbeeaedcadba87aeaefcbeebace	0.000000		0.000000	0.000052	0.000000	0.000000	0.000000	0.032018	0.000000
97	1786607011069	83.984	0.866	0.013932	126x126+379+229	0.042674	eeeeeeedabbeeaedcadba87aeaefcbeebace	0.000000		0.000000	0.000052	0.000000	0.000000	0.000000	0.041619	0.000000
98	1786607011940	84.854	0.894	0.013932	126x126+379+229	0.042674	eeeeeeedabbeeaedcadba87aeaefcbeebace	0.000000		0.000000	0.000052	0.000000	0.000000	0.000000	0.046831	0.000000
99	1786607012839	85.753	0.919	0.013932	126x126+379+229	0.042674	eeeeeeedabbeeaedcadba87aeaefcbeebace	0.000000		0.000000	0.000052	0.000000	0.000000	0.000000	0.046831	0.000000
100	1786607013763	86.678	0.875	0.013932	126x126+379+229	0.042674	eeeeeeedabbeeaedcadba87aeaefcbeebace	0.000000		0.000000	0.000052	0.000000	0.000000	0.000000	0.043821	0.000000
101	1786607014643	87.558	0.870	0.013932	126x126+379+229	0.042674	eeeeeeedabbeeaedcadba87aeaefcbeebace	0.000000		0.000000	0.000052	0.000000	0.000000	0.000000	0.042728	0.000000
102	1786607015518	88.432	0.907	0.013932	126x126+379+229	0.042674	eeeeeeedabbeeaedcadba87aeaefcbeebace	0.000000		0.000000	0.000052	0.000000	0.000000	0.000000	0.042918	0.000000
103	1786607016430	89.345	0.859	0.013932	126x126+379+229	0.042674	eeeeeeedabbeeaedcadba87aeaefcbeebace	0.000000		0.000000	0.000052	0.000000	0.000000	0.000000	0.035409	0.000000
104	1786607017294	90.208	0.842	0.013932	126x126+379+229	0.042674	eeeeeeedabbeeaedcadba87aeaefcbeebace	0.000000		0.000000	0.000052	0.000000	0.000000	0.000000	0.035409	0.000000
105	1786607018141	91.055	0.891	0.013932	126x126+379+229	0.042674	eeeeeeedabbeeaedcadba87aeaefcbeebace	0.000000		0.000000	0.000052	0.000000	0.000000	0.000000	0.033365	0.000000
106	1786607019036	91.951	0.906	0.013932	126x126+379+229	0.042674	eeeeeeedabbeeaedcadba87aeaefcbeebace	0.000000		0.000000	0.000052	0.000000	0.000000	0.000000	0.033555	0.000000
107	1786607019948	92.862	0.891	0.013932	126x126+379+229	0.042674	eeeeeeedabbeeaedcadba87aeaefcbeebace	0.000000		0.000000	0.000052	0.000000	0.000000	0.000000	0.035646	0.000000
108	1786607020843	93.758	0.923	0.013932	126x126+379+229	0.042674	eeeeeeedabbeeaedcadba87aeaefcbeebace	0.000000		0.000000	0.000052	0.000000	0.000000	0.000000	0.040431	0.000000
109	1786607021771	94.686	0.902	0.013932	126x126+379+229	0.042674	eeeeeeedabbeeaedcadba87aeaefcbeebace	0.000000		0.000000	0.000052	0.000000	0.000000	0.000000	0.040811	0.000000
110	1786607022677	95.592	0.868	0.013932	126x126+379+229	0.042674	eeeeeeedabbeeaedcadba87aeaefcbeebace	0.000000		0.000000	0.000052	0.000000	0.000000	0.000000	0.039908	0.000000
111	1786607023550	96.464	0.914	0.013932	126x126+379+229	0.042674	eeeeeeedabbeeaedcadba87aeaefcbeebace	0.000000		0.000000	0.000052	0.000000	0.000000	0.000000	0.041999	0.000000
112	1786607024468	97.383	0.893	0.013932	126x126+379+229	0.042674	eeeeeeedabbeeaedcadba87aeaefcbeebace	0.000000		0.000000	0.000052	0.000000	0.000000	0.000000	0.038625	0.000000
113	1786607025366	98.281	0.873	0.013932	126x126+379+229	0.042674	eeeeeeedabbeeaedcadba87aeaefcbeebace	0.000000		0.000000	0.000052	0.000000	0.000000	0.000000	0.038625	0.000000
114	1786607026243	99.158	0.851	0.013932	126x126+379+229	0.042674	eeeeeeedabbeeaedcadba87aeaefcbeebace	0.000000		0.000000	0.000052	0.000000	0.000000	0.000000	0.033555	0.000000
115	1786607027099	100.013	0.891	0.013932	126x126+379+229	0.042674	eeeeeeedabbeeaedcadba87aeaefcbeebace	0.000000		0.000000	0.000052	0.000000	0.000000	0.000000	0.033555	0.000000
116	1786607027994	100.909	0.890	0.013932	126x126+379+229	0.042674	eeeeeeedabbeeaedcadba87aeaefcbeebace	0.000000		0.000000	0.000052	0.000000	0.000000	0.000000	0.039005	0.000000
117	1786607028889	101.804	0.862	0.013932	126x126+379+229	0.042674	eeeeeeedabbeeaedcadba87aeaefcbeebace	0.000000		0.000000	0.000052	0.000000	0.000000	0.000000	0.039005	0.000000
118	1786607029756	102.671	0.881	0.013932	126x126+379+229	0.042674	eeeeeeedabbeeaedcadba87aeaefcbeebace	0.000000		0.000000	0.000052	0.000000	0.000000	0.000000	0.039005	0.000000
119	1786607030642	103.556	0.870	0.013932	126x126+379+229	0.042674	eeeeeeedabbeeaedcadba87aeaefcbeebace	0.000000		0.000000	0.000052	0.000000	0.000000	0.000000	0.038657	0.000000
120	1786607031516	104.431	0.900	0.013932	126x126+379+229	0.042674	eeeeeeedabbeeaedcadba87aeaefcbeebace	0.000000		0.000000	0.000052	0.000000	0.000000	0.000000	0.038720	0.000000
121	1786607032421	105.336	0.852	0.013932	126x126+379+229	0.042674	eeeeeeedabbeeaedcadba87aeaefcbeebace	0.000000		0.000000	0.000052	0.000000	0.000000	0.000000	0.038720	0.000000
122	1786607033278	106.193	0.949	0.013932	126x126+379+229	0.042674	eeeeeeedabbeeaedcadba87aeaefcbeebace	0.000000		0.000000	0.000052	0.000000	0.000000	0.000000	0.038720	0.000000
123	1786607034232	107.147	0.923	0.013932	126x126+379+229	0.042674	eeeeeeedabbeeaedcadba87aeaefcbeebace	0.000000		0.000000	0.000052	0.000000	0.000000	0.000000	0.039005	0.000000
124	1786607035159	108.074	0.855	0.013932	126x126+379+229	0.042674	eeeeeeedabbeeaedcadba87aeaefcbeebace	0.000000		0.000000	0.000052	0.000000	0.000000	0.000000	0.039005	0.000000
125	1786607036019	108.934	0.903	0.013932	126x126+379+229	0.042674	eeeeeeedabbeeaedcadba87aeaefcbeebace	0.000000		0.000000	0.000052	0.000000	0.000000	0.000000	0.039005	0.000000
126	1786607036927	109.842	0.855	0.013932	126x126+379+229	0.042674	eeeeeeedabbeeaedcadba87aeaefcbeebace	0.000000		0.000000	0.000052	0.000000	0.000000	0.000000	0.039005	0.000000
127	1786607037788	110.703	0.848	0.013932	126x126+379+229	0.042674	eeeeeeedabbeeaedcadba87aeaefcbeebace	0.000000		0.000000	0.000052	0.000000	0.000000	0.000000	0.038815	0.000000
128	1786607038641	111.556	0.873	0.013932	126x126+379+229	0.042674	eeeeeeedabbeeaedcadba87aeaefcbeebace	0.000000		0.000000	0.000052	0.000000	0.000000	0.000000	0.038815	0.000000
129	1786607039519	112.433	0.885	0.013932	126x126+379+229	0.042674	eeeeeeedabbeeaedcadba87aeaefcbeebace	0.000000		0.000000	0.000052	0.000000	0.000000	0.000000	0.038815	0.000000
130	1786607040409	113.323	0.895	0.013932	126x126+379+229	0.042674	eeeeeeedabbeeaedcadba87aeaefcbedbace	0.000000		0.000000	0.000052	0.000000	0.000000	0.000000	0.039908	0.000000
131	1786607041309	114.224	0.861	0.013932	126x126+379+229	0.042674	eeeeeeedabbeeaedcadba87aeaefcbeebace	0.000000		0.000000	0.000052	0.000000	0.000000	0.000000	0.039908	0.000000
132	1786607042175	115.089	0.871	0.013932	126x126+379+229	0.042674	eeeeeeedabbeeaedcadba87aeaefcbeebace	0.000000		0.000000	0.000052	0.000000	0.000000	0.000000	0.033555	0.000000
133	1786607043051	115.966	0.874	0.013932	126x126+379+229	0.042674	eeeeeeedabbeeaedcadba87aeaefcbeebace	0.000000		0.000000	0.000052	0.000000	0.000000	0.000000	0.042918	0.000000
134	1786607043930	116.845	0.889	0.013932	126x126+379+229	0.042674	eeeeeeedabbeeaedcadba87aeaefcbeebace	0.000000		0.000000	0.000052	0.000000	0.000000	0.000000	0.033555	0.000000
135	1786607044824	117.739	0.866	0.013932	126x126+379+229	0.042674	eeeeeeedabbeeaedcadba87aeaefcbeebace	0.000000		0.000000	0.000052	0.000000	0.000000	0.000000	0.033555	0.000000
136	1786607045695	118.610	0.879	0.013932	126x126+379+229	0.042674	eeeeeeedabbeeaedcadba87aeaefcbeebace	0.000000		0.000000	0.000052	0.000000	0.000000	0.000000	0.033555	0.000000
137	1786607046579	119.494	0.903	0.013932	126x126+379+229	0.042674	eeeeeeedabbeeaedcadba87aeaefcbeebace	0.000000		0.000000	0.000052	0.000000	0.000000	0.000000	0.033555	0.000000
138	1786607047487	120.402	0.881	0.013932	126x126+379+229	0.042674	eeeeeeedabbeeaedcadba87aeaefcbeebace	0.000000		0.000000	0.000052	0.000000	0.000000	0.000000	0.033555	0.000000
139	1786607048373	121.288	0.903	0.013932	126x126+379+229	0.042674	eeeeeeedabbeeaedcadba87aeaefcbeebace	0.000000		0.000000	0.000052	0.000000	0.000000	0.000000	0.042918	0.000000
140	1786607049281	122.196	0.883	0.013932	126x126+379+229	0.042674	eeeeeeedabbeeaedcadba87aeaefcbeebace	0.000000		0.000000	0.000052	0.000000	0.000000	0.000000	0.042918	0.000000
141	1786607050170	123.084	0.886	0.013932	126x126+379+229	0.042674	eeeeeeedabbeeaedcadba87aeaefcbeebace	0.000000		0.000000	0.000052	0.000000	0.000000	0.000000	0.042918	0.000000
142	1786607051060	123.974	0.835	0.013932	126x126+379+229	0.042674	eeeeeeedabbeeaedcadba87aeaefcbeebace	0.000000		0.000000	0.000052	0.000000	0.000000	0.000000	0.042918	0.000000
143	1786607051900	124.815	0.921	0.013932	126x126+379+229	0.042674	eeeeeeedabbeeaedcadba87aeaefcbeebace	0.000000		0.000000	0.000052	0.000000	0.000000	0.000000	0.042918	0.000000
144	1786607052825	125.740	0.871	0.013932	126x126+379+229	0.042674	eeeeeeedabbeeaedcadba87aeaefcbeebace	0.000000		0.000000	0.000052	0.000000	0.000000	0.000000	0.033555	0.000000
145	1786607053702	126.616	0.894	0.013932	126x126+379+229	0.042674	eeeeeeedabbeeaedcadba87aeaefcbeebace	0.000000		0.000000	0.000052	0.000000	0.000000	0.000000	0.033555	0.000000
146	1786607054600	127.514	0.858	0.013932	126x126+379+229	0.042674	eeeeeeedabbeeaedcadba87aeaefcbeebace	0.000000		0.000000	0.000052	0.000000	0.000000	0.000000	0.042918	0.000000
147	1786607055463	128.378	0.893	0.013932	126x126+379+229	0.042674	eeeeeeedabbeeaedcadba87aeaefcbeebace	0.000000		0.000000	0.000052	0.000000	0.000000	0.000000	0.039528	0.000000
148	1786607056360	129.275	0.886	0.013932	126x126+379+229	0.042674	eeeeeeedabbeeaedcadba87aeaefcbeebace	0.000000		0.000000	0.000052	0.000000	0.000000	0.000000	0.040906	0.000000
149	1786607057251	130.166	0.859	0.013932	126x126+379+229	0.042674	eeeeeeedabbeeaedcadba87aeaefcbeebace	0.000000		0.000000	0.000052	0.000000	0.000000	0.000000	0.040906	0.000000
150	1786607058115	131.029	0.857	0.013932	126x126+379+229	0.042674	eeeeeeedabbeeaedcadba87aeaefcbeebace	0.000000		0.000000	0.000052	0.000000	0.000000	0.000000	0.040906	0.000000
151	1786607058977	131.891	0.901	0.013932	126x126+379+229	0.042674	eeeeeeedabbeeaedcadba87aeaefcbeebace	0.000000		0.000000	0.000052	0.000000	0.000000	0.000000	0.039528	0.000000
152	1786607059883	132.797	0.899	0.013932	126x126+379+229	0.042674	eeeeeeedabbeeaedcadba87aeaefcbeebace	0.000000		0.000000	0.000052	0.000000	0.000000	0.000000	0.039528	0.000000
153	1786607060787	133.701	0.861	0.013932	126x126+379+229	0.042674	eeeeeeedabbeeaedcadba87aeaefcbeebace	0.000000		0.000000	0.000052	0.000000	0.000000	0.000000	0.038657	0.000000
154	1786607061652	134.567	0.914	0.013932	126x126+379+229	0.042674	eeeeeeedabbeeaedcadba87aeaefcbeebace	0.000000		0.000000	0.000052	0.000000	0.000000	0.000000	0.038657	0.000000
155	1786607062572	135.486	0.872	0.013932	126x126+379+229	0.042674	eeeeeeedabbeeaedcadba87aeaefcbeebace	0.000000		0.000000	0.000052	0.000000	0.000000	0.000000	0.038657	0.000000
156	1786607063449	136.363	0.868	0.013932	126x126+379+229	0.042674	eeeeeeedabbeeaedcadba87aeaefcbeebace	0.000000		0.000000	0.000052	0.000000	0.000000	0.000000	0.041096	0.000000
157	1786607064322	137.236	0.877	0.013932	126x126+379+229	0.042674	eeeeeeedabbeeaedcadba87aeaefcbeebace	0.000000		0.000000	0.000052	0.000000	0.000000	0.000000	0.042570	0.000000
158	1786607065203	138.118	0.843	0.013932	126x126+379+229	0.042674	eeeeeeedabbeeaedcadba87aeaefcbeebace	0.000000		0.000000	0.000052	0.000000	0.000000	0.000000	0.042570	0.000000
159	1786607066052	138.966	0.889	0.013932	126x126+379+229	0.042674	eeeeeeedabbeeaedcadba87aeaefcbeebace	0.000000		0.000000	0.000052	0.000000	0.000000	0.000000	0.042570	0.000000
160	1786607066946	139.860	0.909	0.013932	126x126+379+229	0.042674	eeeeeeedabbeeaedcadba87aeaefcbeebace	0.000000		0.000000	0.000052	0.000000	0.000000	0.000000	0.039560	0.000000
161	1786607067860	140.774	0.885	0.013932	126x126+379+229	0.042674	eeeeeeedabbeeaedcadba87aeaefcbeebace	0.000000		0.000000	0.000052	0.000000	0.000000	0.000000	0.039560	0.000000
162	1786607068749	141.664	0.927	0.013932	126x126+379+229	0.042674	eeeeeeedabbeeaedcadba87aeaefcbeebace	0.000000		0.000000	0.000052	0.000000	0.000000	0.000000	0.039560	0.000000
163	1786607069681	142.596	0.869	0.013932	126x126+379+229	0.042674	eeeeeeedabbeeaedcadba87aeaefcbeebace	0.000000		0.000000	0.000052	0.000000	0.000000	0.000000	0.042570	0.000000
164	1786607070555	143.469	0.868	0.013932	126x126+379+229	0.042674	eeeeeeedabbeeaedcadba87aeaefcbeebace	0.000000		0.000000	0.000052	0.000000	0.000000	0.000000	0.042570	0.000000
165	1786607071428	144.342	0.877	0.013932	126x126+379+229	0.042674	eeeeeeedabbeeaedcadba87aeaefcbeebace	0.000000		0.000000	0.000052	0.000000	0.000000	0.000000	0.042570	0.000000
166	1786607072309	145.224	0.868	0.013932	126x126+379+229	0.042674	eeeeeeedabbeeaedcadba87aeaefcbeebace	0.000000		0.000000	0.000052	0.000000	0.000000	0.000000	0.042570	0.000000
167	1786607073183	146.098	0.890	0.013932	126x126+379+229	0.042674	eeeeeeedabbeeaedcadba87aeaefcbeebace	0.000000		0.000000	0.000052	0.000000	0.000000	0.000000	0.041096	0.000000
168	1786607074078	146.993	0.905	0.013932	126x126+379+229	0.042674	eeeeeeedabbeeaedcadba87aeaefcbeebace	0.000000		0.000000	0.000052	0.000000	0.000000	0.000000	0.041096	0.000000
169	1786607074989	147.903	0.872	0.013932	126x126+379+229	0.042674	eeeeeeedabbeeaedcadba87aeaefcbeebace	0.000000		0.000000	0.000052	0.000000	0.000000	0.000000	0.041096	0.000000
170	1786607075865	148.780	0.853	0.013932	126x126+379+229	0.042674	eeeeeeedabbeeaedcadba87aeaefcbeebace	0.000000		0.000000	0.000052	0.000000	0.000000	0.000000	0.033207	0.000000
171	1786607076724	149.638	0.827	0.013932	126x126+379+229	0.042674	eeeeeeedabbeeaedcadba87aeaefcbeebace	0.000000		0.000000	0.000052	0.000000	0.000000	0.000000	0.039560	0.000000
172	1786607077555	150.470	0.893	0.013932	126x126+379+229	0.042674	eeeeeeedabbeeaedcadba87aeaefcbeebace	0.000000		0.000000	0.000052	0.000000	0.000000	0.000000	0.039560	0.000000
173	1786607078454	151.369	0.875	0.013932	126x126+379+229	0.042674	eeeeeeedabbeeaedcadba87aeaefcbeebace	0.000000		0.000000	0.000052	0.000000	0.000000	0.000000	0.039560	0.000000
174	1786607079334	152.249	0.922	0.013932	126x126+379+229	0.042674	eeeeeeedabbeeaedcadba87aeaefcbeebace	0.000000		0.000000	0.000052	0.000000	0.000000	0.000000	0.039560	0.000000
175	1786607080261	153.176	0.893	0.013932	126x126+379+229	0.042674	eeeeeeedabbeeaedcadba87aeaefcbeebace	0.000000		0.000000	0.000052	0.000000	0.000000	0.000000	0.039560	0.000000
176	1786607081159	154.073	0.864	0.013932	126x126+379+229	0.042674	eeeeeeedabbeeaedcadba87aeaefcbeebace	0.000000		0.000000	0.000052	0.000000	0.000000	0.000000	0.039560	0.000000
177	1786607082028	154.943	0.902	0.013932	126x126+379+229	0.042674	eeeeeeedabbeeaedcadba87aeaefcbeebace	0.000000		0.000000	0.000052	0.000000	0.000000	0.000000	0.038308	0.000000
178	1786607082935	155.849	0.915	0.013932	126x126+379+229	0.042674	eeeeeeedabbeeaedcadba87aeaefcbeebace	0.000000		0.000000	0.000052	0.000000	0.000000	0.000000	0.038308	0.000000
179	1786607083855	156.770	0.891	0.013932	126x126+379+229	0.042674	eeeeeeedabbeeaedcadba87aeaefcbeebace	0.000000		0.000000	0.000052	0.000000	0.000000	0.000000	0.038308	0.000000
180	1786607084751	157.665	0.866	0.013932	126x126+379+229	0.042674	eeeeeeedabbeeaedcadba87aeaefcbeebace	0.000000		0.000000	0.000052	0.000000	0.000000	0.000000	0.031147	0.000000
181	1786607085623	158.538	0.868	0.013932	126x126+379+229	0.042674	eeeeeeedabbeeaedcadba87aeaefcbeebace	0.000000		0.000000	0.000052	0.000000	0.000000	0.000000	0.039243	0.000000
182	1786607086496	159.410	0.903	0.013932	126x126+379+229	0.042674	eeeeeeedabbeeaedcadba87aeaefcbeebace	0.000000		0.000000	0.000052	0.000000	0.000000	0.000000	0.039243	0.000000
183	1786607087404	160.319	0.882	0.013932	126x126+379+229	0.042674	ddeeeeddabbeeaedcadba87aeaefcbedbace	0.000000		0.000000	0.000052	0.000000	0.000000	0.000000	0.039243	0.000000
184	1786607088291	161.205	0.886	0.013932	126x126+379+229	0.042674	dddeeeddabbedaedcadba87aeaefcbeebace	0.000000		0.000000	0.000052	0.000000	0.000000	0.000000	0.039243	0.000000
185	1786607089182	162.096	0.863	0.013932	126x126+379+229	0.042674	dddeeeddabbedaedcadba87aeaefcbeebace	0.000000		0.000000	0.000052	0.000000	0.000000	0.000000	0.026046	0.000000
186	1786607090049	162.964	0.872	0.013932	126x126+379+229	0.042674	dddeeedcabbedaedcadba87aeaefcbeebace	0.000000		0.000000	0.000052	0.000000	0.000000	0.000000	0.032399	0.000000
187	1786607090927	163.841	0.837	0.013932	126x126+379+229	0.042674	dddeeedcabbedaedcadba87aeaefcbeebace	0.000000		0.000000	0.000052	0.000000	0.000000	0.000000	0.032399	0.000000
188	1786607091768	164.683	0.895	0.013932	126x126+379+229	0.042674	dddeeeddabbedaedcadba87aeaefcbeebace	0.000000		0.000000	0.000052	0.000000	0.000000	0.000000	0.032399	0.000000
189	1786607092669	165.583	0.853	0.013932	126x126+379+229	0.042674	dddeeeddabbedaedcadba87aeaefcbeebace	0.000000		0.000000	0.000052	0.000000	0.000000	0.000000	0.032399	0.000000
190	1786607093526	166.441	0.914	0.013932	126x126+379+229	0.042674	dddeeedcabbedaedcadba87aeaefcbeebace	0.000000		0.000000	0.000052	0.000000	0.000000	0.000000	0.032399	0.000000
191	1786607094445	167.360	0.889	0.013932	126x126+379+229	0.042674	dddeeedcabbedaedcadba87aeaefcbeebace	0.000000		0.000000	0.000052	0.000000	0.000000	0.000000	0.032399	0.000000
192	1786607095339	168.253	0.872	0.013932	126x126+379+229	0.042674	dddeeedcabbedaedcadba87aeaefcbeebace	0.000000		0.000000	0.000052	0.000000	0.000000	0.000000	0.031210	0.000000
193	1786607096216	169.131	0.833	0.013932	126x126+379+229	0.042674	dddeeedcabbedaedcadba87aeaefcbeebace	0.000000		0.000000	0.000052	0.000000	0.000000	0.000000	0.031210	0.000000
194	1786607097054	169.968	0.857	0.013932	126x126+379+229	0.042674	dddeeedcabbedaedcadba87aeaefcbeebace	0.000000		0.000000	0.000052	0.000000	0.000000	0.000000	0.031210	0.000000
195	1786607097916	170.831	0.878	0.013932	126x126+379+229	0.042674	dddeeedcabbedaedcadba87aeaefcbeebace	0.000000		0.000000	0.000052	0.000000	0.000000	0.000000	0.031210	0.000000
196	1786607098799	171.714	0.847	0.013932	126x126+379+229	0.042674	dddeeeddabbedaedcadba87aeaefcbeebace	0.000000		0.000000	0.000052	0.000000	0.000000	0.000000	0.031210	0.000000
197	1786607099652	172.566	0.884	0.013932	126x126+379+229	0.042674	ddeeeedcabbedaedcadba87aeaefcbeebace	0.000000		0.000000	0.000052	0.000000	0.000000	0.000000	0.031210	0.000000
198	1786607100541	173.455	0.899	0.013932	126x126+379+229	0.042674	ddeeeedcabbedaedcadba87aeaefcbeebace	0.000000		0.000000	0.000052	0.000000	0.000000	0.000000	0.031210	0.000000
199	1786607101445	174.360	0.857	0.013932	126x126+379+229	0.042674	ddeeeedcabbedaedcadba87aeaefcbeebace	0.000000		0.000000	0.000052	0.000000	0.000000	0.000000	0.031210	0.000000
200	1786607102307	175.221	0.870	0.013932	126x126+379+229	0.042674	deeeeedcabbedaedcadba87aeaefcbeebace	0.000000		0.000000	0.000052	0.000000	0.000000	0.000000	0.031210	0.000000
201	1786607103182	176.096	0.903	0.013932	126x126+379+229	0.042674	dddeeedcabbed9edcadba87adaefcbddbace	0.000000		0.000000	0.000052	0.000000	0.000000	0.000000	0.023986	0.000000
202	1786607104089	177.004	0.871	0.013932	126x126+379+229	0.042674	ddddeedcaaaed9edcadba87adaefcaddaabd	0.000000		0.000000	0.000052	0.000000	0.000000	0.000000	0.023986	0.000000
203	1786607104966	177.880	0.888	0.013932	126x126+379+229	0.042674	dddeeedcaabed9edcadba87adaefcaddaabd	0.000000		0.000000	0.000052	0.000000	0.000000	0.000000	0.023986	0.000000
204	1786607105858	178.773	0.894	0.013932	126x126+379+229	0.042674	ddddeedcaaaed9edcadba87adaefcaddaabd	0.000000		0.000000	0.000052	0.000000	0.000000	0.000000	0.023986	0.000000
205	1786607106758	179.673	0.892	0.013932	126x126+379+229	0.042674	dddeeedcaabed9edcadba87adaefcaddaabd	0.000000		0.000000	0.000052	0.000000	0.000000	0.000000	0.023986	0.000000
206	1786607107654	180.569	0.898	0.013932	126x126+379+229	0.042674	deeeeedcabbed9edcadba87adaefcaddaabd	0.000000		0.000000	0.000052	0.000000	0.000000	0.000000	0.023986	0.000000
207	1786607108557	181.471	0.891	0.013932	126x126+379+229	0.042674	deeeeedcabbed9edcadba87adaefcaddaabd	0.000000		0.000000	0.000052	0.000000	0.000000	0.000000	0.023986	0.000000
208	1786607109452	182.367	0.889	0.013932	126x126+379+229	0.042674	eeeeeeddabbed9edcadba87adaefcbddaabd	0.000000		0.000000	0.000052	0.000000	0.000000	0.000000	0.023986	0.000000
209	1786607110346	183.261	0.877	0.013932	126x126+379+229	0.042674	eeeeeeddabbed9edcadba87adaefcbddaabd	0.000000		0.000000	0.000052	0.000000	0.000000	0.000000	0.023986	0.000000
210	1786607111227	184.142	0.885	0.013932	126x126+379+229	0.042674	eeeeeeedabbedaedcadba87adaefcbddaabe	0.000000		0.000000	0.000052	0.000000	0.000000	0.000000	0.023986	0.000000
211	1786607112117	185.031	0.887	0.013932	126x126+379+229	0.042674	eeeeeeedabbeeaedcadba87adaefcbddaace	0.000000		0.000000	0.000052	0.000000	0.000000	0.000000	0.023986	0.000000
212	1786607113008	185.923	0.856	0.013932	126x126+379+229	0.042674	eeeeeeedabbeeaedcaeba87aeaefcbdebace	0.000000		0.000000	0.000052	0.000000	0.000000	0.000000	0.031305	0.000000
213	1786607113869	186.784	0.897	0.013932	126x126+379+229	0.042674	eeeeeeedabbeeaedcaeba87aeaefcbeebace	0.000000		0.000000	0.000052	0.000000	0.000000	0.000000	0.031305	0.000000
214	1786607114770	187.685	0.909	0.013932	126x126+379+229	0.042674	eeeeeeedabbeeaedcaeba87aeaefcbeebace	0.000000		0.000000	0.000052	0.000000	0.000000	0.000000	0.031496	0.000000
215	1786607115685	188.599	0.924	0.013932	126x126+379+229	0.042674	eeeeeeedabbeeaedcaeba87aeaefcbeebace	0.000000		0.000000	0.000052	0.000000	0.000000	0.000000	0.031305	0.000000
216	1786607116613	189.528	0.863	0.013932	126x126+379+229	0.042674	eeeeeeedabbeeaedcaeba87aeaefcbeebace	0.000000		0.000000	0.000052	0.000000	0.000000	0.000000	0.031496	0.000000
217	1786607117482	190.396	0.862	0.013932	126x126+379+229	0.042674	eeeeeeedabbeeaedcadba87aeaefcbeebace	0.000000		0.000000	0.000052	0.000000	0.000000	0.000000	0.031305	0.000000
218	1786607118348	191.262	0.870	0.013932	126x126+379+229	0.042674	eeeeeeedabbeeaedcadba87aeaefcbeebace	0.000000		0.000000	0.000052	0.000000	0.000000	0.000000	0.031496	0.000000
219	1786607119223	192.138	0.882	0.013932	126x126+379+229	0.042674	eeeeeeedabbeeaedcadba87aeaefcbeebace	0.000000		0.000000	0.000052	0.000000	0.000000	0.000000	0.031496	0.000000
220	1786607120109	193.024	0.834	0.013932	126x126+379+229	0.042674	eeeeeeedabbeeaedcaeba87aeaefcbeebace	0.000000		0.000000	0.000052	0.000000	0.000000	0.000000	0.031496	0.000000
221	1786607120949	193.863	0.887	0.013932	126x126+379+229	0.042674	eeeeeeedabbeeaedcadba87aeaefcbeebace	0.000000		0.000000	0.000052	0.000000	0.000000	0.000000	0.031496	0.000000
222	1786607121841	194.755	0.895	0.013932	126x126+379+229	0.042674	eeeeeeedabbeeaedcadba87aeaefcbeebace	0.000000		0.000000	0.000052	0.000000	0.000000	0.000000	0.031496	0.000000
223	1786607122741	195.655	0.883	0.013932	126x126+379+229	0.042674	eeeeeeedabbeeaedcadba87aeaefcbeebace	0.000000		0.000000	0.000052	0.000000	0.000000	0.000000	0.031496	0.000000
224	1786607123628	196.543	0.881	0.013932	126x126+379+229	0.042674	eeeeeeedabbeeaedcadba87aeaefcbeebace	0.000000		0.000000	0.000052	0.000000	0.000000	0.000000	0.031496	0.000000
225	1786607124514	197.429	0.854	0.013932	126x126+379+229	0.042674	eeeeeeedabbeeaedcadba87aeaefcbeebace	0.000000		0.000000	0.000052	0.000000	0.000000	0.000000	0.031496	0.000000
226	1786607125373	198.288	0.910	0.013932	126x126+379+229	0.042674	eeeeeeedabbeeaedcadba87aeaefcbeebace	0.000000		0.000000	0.000052	0.000000	0.000000	0.000000	0.031496	0.000000
227	1786607126289	199.203	0.869	0.013932	126x126+379+229	0.042674	eeeeeeedabbeeaedcadba87aeaefcbeebace	0.000000		0.000000	0.000052	0.000000	0.000000	0.000000	0.031496	0.000000
228	1786607127162	200.077	0.895	0.013932	126x126+379+229	0.042674	eeeeeeedabbeeaedcaeba87aeaefcbeebace	0.000000		0.000000	0.000052	0.000000	0.000000	0.000000	0.023986	0.000000
229	1786607128063	200.977	0.852	0.013932	126x126+379+229	0.042674	eeeeeeedabbeeaedcadba87aeaefcbeebace	0.000000		0.000000	0.000052	0.000000	0.000000	0.000000	0.023986	0.000000
230	1786607128919	201.834	0.891	0.013932	126x126+379+229	0.042674	eeeeeeedabbeeaedcadba87aeaefcbeebace	0.000000		0.000000	0.000052	0.000000	0.000000	0.000000	0.023986	0.000000
231	1786607129816	202.730	0.860	0.013932	126x126+379+229	0.042674	eeeeeeedabbeeaedcadba87aeaefcbeebace	0.000000		0.000000	0.000052	0.000000	0.000000	0.000000	0.023986	0.000000
232	1786607130680	203.595	0.862	0.013932	126x126+379+229	0.042674	eeeeeeedabbeeaedcadba87aeaefcbeebace	0.000000		0.000000	0.000052	0.000000	0.000000	0.000000	0.023986	0.000000
233	1786607131548	204.462	0.899	0.013932	126x126+379+229	0.042674	eeeeeeedabbeeaedcadba87aeaefcbeebace	0.000000		0.000000	0.000052	0.000000	0.000000	0.000000	0.023986	0.000000
234	1786607132451	205.366	0.860	0.013932	126x126+379+229	0.042674	eeeeeeedabbeeaedcadba87aeaefcbeebace	0.000000		0.000000	0.000052	0.000000	0.000000	0.000000	0.023986	0.000000
235	1786607133316	206.231	0.867	0.013932	126x126+379+229	0.042674	eeeeeeedabbeeaedcaeba87aeaefcbeebace	0.000000		0.000000	0.000052	0.000000	0.000000	0.000000	0.023986	0.000000
236	1786607134188	207.102	0.861	0.013932	126x126+379+229	0.042674	eeeeeeedabbeeaedcadba87aeaefcbeebace	0.000000		0.000000	0.000052	0.000000	0.000000	0.000000	0.023986	0.000000
237	1786607135054	207.968	0.858	0.013932	126x126+379+229	0.042674	eeeeeeedabbeeaedcadba87aeaefcbeebace	0.000000		0.000000	0.000052	0.000000	0.000000	0.000000	0.023986	0.000000
238	1786607135916	208.831	0.865	0.013932	126x126+379+229	0.042674	eeeeeeedabbeeaedcadba87aeaefcbeebace	0.000000		0.000000	0.000052	0.000000	0.000000	0.000000	0.032399	0.000000
239	1786607136787	209.701	0.864	0.013932	126x126+379+229	0.042674	eeeeeeedabbeeaedcadba87aeaefcbeebace	0.000000		0.000000	0.000052	0.000000	0.000000	0.000000	0.035409	0.000000
240	1786607137655	210.569	0.892	0.013932	126x126+379+229	0.042674	eeeeeeedabbeeaedcadba87aeaefcbeebace	0.000000		0.000000	0.000052	0.000000	0.000000	0.000000	0.035409	0.000000
241	1786607138552	211.466	0.873	0.013932	126x126+379+229	0.042674	eeeeeeedabbeeaedcadba87aeaefcbeebace	0.000000		0.000000	0.000052	0.000000	0.000000	0.000000	0.035409	0.000000
242	1786607139429	212.344	0.899	0.013932	126x126+379+229	0.042674	eeeeeeedabbeeaedcaeba87aeaefcbeebace	0.000000		0.000000	0.000052	0.000000	0.000000	0.000000	0.035409	0.000000
243	1786607140334	213.248	0.900	0.013932	126x126+379+229	0.042674	eeeeeeedabbeeaedcadba87aeaefcbeebace	0.000000		0.000000	0.000052	0.000000	0.000000	0.000000	0.035409	0.000000
244	1786607141238	214.153	0.891	0.013932	126x126+379+229	0.042674	eeeeeeedabbeeaedcadba87aeaefcbeebace	0.000000		0.000000	0.000052	0.000000	0.000000	0.000000	0.035409	0.000000
245	1786607142134	215.049	0.874	0.013932	126x126+379+229	0.042674	eeeeeeedabbeeaedcadba87aeaefcbeebace	0.000000		0.000000	0.000052	0.000000	0.000000	0.000000	0.040811	0.000000
246	1786607143012	215.927	0.856	0.013932	126x126+379+229	0.042674	eeeeeeedabbeeaedcadba87aeaefcbeebace	0.000000		0.000000	0.000052	0.000000	0.000000	0.000000	0.040811	0.000000
247	1786607143874	216.788	0.862	0.013932	126x126+379+229	0.042674	eeeeeeedabbeeaedcadba87aeaefcbeebace	0.000000		0.000000	0.000052	0.000000	0.000000	0.000000	0.040811	0.000000
248	1786607144740	217.655	0.890	0.013932	126x126+379+229	0.042674	eeeeeeedabbeeaedcadba87aeaefcbeebace	0.000000		0.000000	0.000052	0.000000	0.000000	0.000000	0.040811	0.000000
249	1786607145636	218.550	0.885	0.013932	126x126+379+229	0.042674	eeeeeeedabbeeaedcadba87aeaefcbeebace	0.000000		0.000000	0.000052	0.000000	0.000000	0.000000	0.040811	0.000000
250	1786607146525	219.440	0.882	0.013932	126x126+379+229	0.042674	eeeeeeedabbeeaedcadba87aeaefcbeebace	0.000000		0.000000	0.000052	0.000000	0.000000	0.000000	0.040811	0.000000
251	1786607147412	220.327	0.872	0.013932	126x126+379+229	0.042674	eeeeeeedabbeeaedcadba87aeaefcbeebace	0.000000		0.000000	0.000052	0.000000	0.000000	0.000000	0.031305	0.000000
252	1786607148289	221.204	0.882	0.013932	126x126+379+229	0.042674	eeeeeeedabbeeaedcadba87aeaefcbeebace	0.000000		0.000000	0.000052	0.000000	0.000000	0.000000	0.031305	0.000000
253	1786607149177	222.092	0.872	0.013932	126x126+379+229	0.042674	eeeeeeedabbeeaedcadba87aeaefcbeebace	0.000000		0.000000	0.000052	0.000000	0.000000	0.000000	0.031305	0.000000
254	1786607150054	222.968	0.867	0.013932	126x126+379+229	0.042674	eeeeeeedabbeeaedcadba87aeaefcbeebace	0.000000		0.000000	0.000052	0.000000	0.000000	0.000000	0.031305	0.000000
255	1786607150926	223.840	0.883	0.013932	126x126+379+229	0.042674	eeeeeeedabbeeaedcadba87aeaefcbeebace	0.000000		0.000000	0.000052	0.000000	0.000000	0.000000	0.031305	0.000000
256	1786607151814	224.728	0.875	0.013932	126x126+379+229	0.042674	eeeeeeedabbeeaedcadba87aeaefcbeebace	0.000000		0.000000	0.000052	0.000000	0.000000	0.000000	0.031305	0.000000
257	1786607152694	225.609	0.875	0.013932	126x126+379+229	0.042674	eeeeeeedabbeeaedcaeba87aeaefcbeebace	0.000000		0.000000	0.000052	0.000000	0.000000	0.000000	0.031305	0.000000
258	1786607153574	226.488	0.883	0.013932	126x126+379+229	0.042674	eeeeeeedabbeeaedcadba87aeaefcbeebace	0.000000		0.000000	0.000052	0.000000	0.000000	0.000000	0.031305	0.000000
259	1786607154462	227.377	0.866	0.013932	126x126+379+229	0.042674	eeeeeeedabbeeaedcadba87aeaefcbeebace	0.000000		0.000000	0.000052	0.000000	0.000000	0.000000	0.032399	0.000000
260	1786607155333	228.247	0.917	0.013932	126x126+379+229	0.042674	eeeeeeedabbeeaedcadba87aeaefcbeebace	0.000000		0.000000	0.000052	0.000000	0.000000	0.000000	0.032399	0.000000
261	1786607156256	229.170	0.863	0.013932	126x126+379+229	0.042674	eeeeeeedabbeeaedcadba87aeaefcbeebace	0.000000		0.000000	0.000052	0.000000	0.000000	0.000000	0.032399	0.000000
262	1786607157124	230.038	0.849	0.013932	126x126+379+229	0.042674	eedeeeedabbeeaedcadba87aeaefcbeebace	0.000000		0.000000	0.000052	0.000000	0.000000	0.000000	0.032399	0.000000
263	1786607157978	230.892	0.894	0.013932	126x126+379+229	0.042674	ccddededabbeeaedcadba87aeaefcbeebace	0.000000		0.000000	0.000052	0.000000	0.000000	0.000000	0.032399	0.000000
264	1786607158876	231.791	0.884	0.013932	126x126+379+229	0.042674	ccddededabbeeaedcadba87aeaefcbeebace	0.000000		0.000000	0.000052	0.000000	0.000000	0.000000	0.032399	0.000000
265	1786607159765	232.680	0.898	0.013932	126x126+379+229	0.042674	eeeeeecbabbdeaedcaeba87aeaefcbeebace	0.000000		0.000000	0.000052	0.000000	0.000000	0.000000	0.032399	0.000000
266	1786607160668	233.583	0.930	0.013932	126x126+379+229	0.042674	eeeeeecbabbeeaedcadba87aeaefcbeebace	0.000000		0.000000	0.000052	0.000000	0.000000	0.000000	0.031305	0.000000
267	1786607161604	234.518	0.886	0.013932	126x126+379+229	0.042674	eeeeeeccabbeeaedcadba87aeaefcbeebace	0.000000		0.000000	0.000052	0.000000	0.000000	0.000000	0.031305	0.000000
268	1786607162494	235.409	0.882	0.013932	126x126+379+229	0.042674	eeeeeeedabbec9edcadba87aeaefcbeebace	0.000000		0.000000	0.000052	0.000000	0.000000	0.000000	0.032399	0.000000
269	1786607163381	236.296	0.834	0.013932	126x126+379+229	0.042674	eeeeeeedabbedaedcadba87aeaefcbeebace	0.000000		0.000000	0.000052	0.000000	0.000000	0.000000	0.031305	0.000000
270	1786607164219	237.134	0.859	0.013932	126x126+379+229	0.042674	eeeeeeedabbeeaedcadba87aeaefcbeebace	0.000000		0.000000	0.000052	0.000000	0.000000	0.000000	0.031305	0.000000
271	1786607165083	237.998	0.828	0.013932	126x126+379+229	0.042674	eeeeeeedabbeeaedcadba87aeaefcbeebace	0.000000		0.000000	0.000052	0.000000	0.000000	0.000000	0.031305	0.000000
272	1786607165916	238.830	0.877	0.013932	126x126+379+229	0.042674	eeeeeeedabbeeaedcaeba87adaefcbeebace	0.000000		0.000000	0.000052	0.000000	0.000000	0.000000	0.031305	0.000000
273	1786607166798	239.713	0.886	0.013932	126x126+379+229	0.042674	eeeeeeedabbeeaedcadba87aeaefcbeebace	0.000000		0.000000	0.000052	0.000000	0.000000	0.000000	0.032018	0.000000
274	1786607167689	240.603	0.886	0.013932	126x126+379+229	0.042674	eeeeeeedabbeeaedcadba87aeaefcbeebace	0.000000		0.000000	0.000052	0.000000	0.000000	0.000000	0.032018	0.000000
275	1786607168580	241.495	0.855	0.013932	126x126+379+229	0.042674	eeeeeeedabbeeaedcadba87aeaefcbeebace	0.000000		0.000000	0.000052	0.000000	0.000000	0.000000	0.032018	0.000000
276	1786607169440	242.354	0.856	0.013932	126x126+379+229	0.042674	eeeeeeedabbeeaedcadba87aeaefcbeebace	0.000000		0.000000	0.000052	0.000000	0.000000	0.000000	0.032018	0.000000
277	1786607170301	243.215	0.884	0.013932	126x126+379+229	0.042674	eeeeeeedabbeeaedcadba87aeaefcbeebace	0.000000		0.000000	0.000052	0.000000	0.000000	0.000000	0.032018	0.000000
278	1786607171189	244.104	0.874	0.013932	126x126+379+229	0.042674	eeeeeeedabbeeaedcadba87aeaefcbeebace	0.000000		0.000000	0.000052	0.000000	0.000000	0.000000	0.040811	0.000000
279	1786607172069	244.983	0.873	0.013932	126x126+379+229	0.042674	eeeeeeedabbeeaedcadba87aeaefcbeebace	0.000000		0.000000	0.000052	0.000000	0.000000	0.000000	0.038371	0.000000
280	1786607172947	245.861	0.900	0.013932	126x126+379+229	0.042674	eeeeeeedabbeeaedcadba87aeaefcbeebace	0.000000		0.000000	0.000052	0.000000	0.000000	0.000000	0.038371	0.000000
281	1786607173852	246.767	0.870	0.013932	126x126+379+229	0.042674	eeeeeeedabbeeaedcadba87aeaefcbeebace	0.000000		0.000000	0.000052	0.000000	0.000000	0.000000	0.038371	0.000000
282	1786607174726	247.641	0.896	0.013932	126x126+379+229	0.042674	eeeeeeedabbeeaedcadba87aeaefcbeebace	0.000000		0.000000	0.000052	0.000000	0.000000	0.000000	0.038371	0.000000
283	1786607175627	248.542	0.910	0.013932	126x126+379+229	0.042674	eeeeeeedabbeeaedcadba87aeaefcbeebace	0.000000		0.000000	0.000052	0.000000	0.000000	0.000000	0.026046	0.000000
284	1786607176541	249.456	0.877	0.013932	126x126+379+229	0.042674	eeeeeeedabbeeaedcadba87aeaefcbeebace	0.000000		0.000000	0.000052	0.000000	0.000000	0.000000	0.032399	0.000000
285	1786607177424	250.338	0.890	0.013932	126x126+379+229	0.042674	eeeeeeedabbeeaedcadba87aeaefcbeebace	0.000000		0.000000	0.000052	0.000000	0.000000	0.000000	0.032399	0.000000
286	1786607178318	251.233	0.911	0.013932	126x126+379+229	0.042674	eeeeeeedabbeeaedcadba87aeaefcbeebace	0.000000		0.000000	0.000052	0.000000	0.000000	0.000000	0.032399	0.000000
287	1786607179235	252.149	0.850	0.013932	126x126+379+229	0.042674	eeeeeeedabbeeaedcaeba87aeaefcbeebace	0.000000		0.000000	0.000052	0.000000	0.000000	0.000000	0.031305	0.000000
288	1786607180090	253.004	0.866	0.013932	126x126+379+229	0.042674	eeeeeeedabbeeaedcadba87aeaefcbeebace	0.000000		0.000000	0.000052	0.000000	0.000000	0.000000	0.032399	0.000000
289	1786607180960	253.875	0.887	0.013932	126x126+379+229	0.042674	eeeeeeedabbeeaedcadba87aeaefcbeebace	0.000000		0.000000	0.000052	0.000000	0.000000	0.000000	0.032399	0.000000
290	1786607181852	254.766	0.885	0.013932	126x126+379+229	0.042674	eeeeeeedabbeeaedcadba87aeaefcbeebace	0.000000		0.000173	0.000052	0.000000	0.000000	0.000000	0.035409	0.000000
291	1786607182742	255.656	0.847	0.013932	126x126+379+229	0.042674	eeeeeeedabbeeaedcadba87aeaefcbeebace	0.000000		0.000218	0.000052	0.000000	0.000000	0.000000	0.035409	0.000000
292	1786607183593	256.508	0.869	0.013932	126x126+379+229	0.042674	eeeeeeedabbeeaedcadba87aeaefcbeebace	0.000000		0.000208	0.000052	0.000000	0.000000	0.000000	0.035409	0.000000
293	1786607184468	257.382	0.870	0.013932	126x126+379+229	0.042674	eeeeeeedabbeeaedcadba87aeaefcbeebace	0.000000		0.000313	0.000052	0.000000	0.000000	0.000000	0.035409	0.000000
294	1786607185342	258.256	0.876	0.013932	126x126+379+229	0.042674	eeeeeeedabbeeaedcaeba87aeaefcbeebace	0.000000		0.000433	0.000052	0.000000	0.000000	0.000000	0.035409	0.000000
295	1786607186223	259.138	0.880	0.013932	126x126+379+229	0.042674	eeeeeeedabbeeaedcadba87aeaefcbeebace	0.000000		0.000140	0.000052	0.000000	0.000000	0.000000	0.035409	0.000000
296	1786607187109	260.023	0.932	0.013932	126x126+379+229	0.042674	eeeeeeedabbeeaedcadba87aeaefcbeebace	0.000000		0.000339	0.000052	0.000000	0.000000	0.000000	0.031496	0.000000
297	1786607188046	260.960	0.897	0.013932	126x126+379+229	0.042674	eeeeeeedabbeeaedcadba87aeaefcbeebace	0.000000		0.000303	0.000052	0.000000	0.000000	0.000000	0.031496	0.000000
298	1786607188947	261.862	0.868	0.013932	126x126+379+229	0.042674	eeeeeeedabbeeaedcadba87aeaefcbeebace	0.000000		0.000355	0.000052	0.000000	0.000000	0.000000	0.031147	0.000000
299	1786607189820	262.735	0.834	0.013932	126x126+379+229	0.042674	eeeeeeedabbeeaedcadba87aeaefcbeebace	0.000000		0.000267	0.000052	0.000000	0.000267	0.000000	0.031147	0.000000
300	1786607190659	263.573	0.895	0.013932	126x126+379+229	0.042674	eeeeeeedabbeeaedcadba87aeaefcbeebace	0.000000		0.000293	0.000052	0.000000	0.000343	0.000000	0.031147	0.000000
301	1786607191559	264.474	0.858	0.013932	126x126+379+229	0.042674	eeeeeeedabbeeaedcadba87aeaefcbeebace	0.000000		0.000286	0.000052	0.000000	0.000629	0.000000	0.031147	0.000000
302	1786607192422	265.336	0.853	0.013932	126x126+379+229	0.042674	eeeeeeedabbeeaedcaeba87aeaefcbeebace	0.000000		0.000277	0.000052	0.000000	0.000686	0.000000	0.031496	0.000000
303	1786607193280	266.195	0.889	0.013932	126x126+379+229	0.042674	eeeeeeeebbbeeaedcadba87aeaefcbeebace	0.000000		0.000296	0.000052	0.000000	0.000648	0.000000	0.031147	0.000000
304	1786607194174	267.089	0.896	0.013932	126x126+379+229	0.042674	eeeeeeedabbeeaedcadba87aeaefcbeebace	0.000000		0.000212	0.000052	0.000000	0.000552	0.000000	0.038720	0.000000
305	1786607195076	267.990	0.883	0.013932	126x126+379+229	0.042674	eeeeeeedabbeeaedcaeba87aeaefcbeebace	0.000000		0.000114	0.000052	0.000000	0.000533	0.000000	0.038546	0.000000
306	1786607195963	268.878	0.883	0.013932	126x126+379+229	0.042674	eeeeeeedabbeeaedcadba87aeaefcbeebace	0.000000		0.000326	0.000052	0.000000	0.000705	0.000000	0.038530	0.000000
307	1786607196851	269.766	0.862	0.013932	126x126+379+229	0.042674	eeeeeeedabbeeaedcadba87aeaefcbeebace	0.000000		0.000322	0.000052	0.000000	0.001848	0.000000	0.038530	0.000000
308	1786607197717	270.632	0.864	0.013932	126x126+379+229	0.042674	eeeeeeedabbeeaedcadba87aeaefcbeebace	0.000000		0.000352	0.000052	0.000000	0.001371	0.000000	0.038530	0.000000
309	1786607198586	271.501	0.864	0.013932	126x126+379+229	0.042674	eeeeeeedabbeeaedcadba87aeaefcbeebace	0.000000		0.000120	0.000052	0.000000	0.000152	0.000000	0.042633	0.000000
310	1786607199455	272.370	0.848	0.013932	126x126+379+229	0.042674	eeeeeeedabbeeaedcadba87aeaefcbeebace	0.000000		0.000000	0.000052	0.000000	0.000000	0.000000	0.042633	0.000000
311	1786607200308	273.223	0.872	0.013932	126x126+379+229	0.042674	eeeeeeedabbeeaedcadba87aeaefcbeebace	0.000000		0.000000	0.000052	0.000000	0.000000	0.000000	0.042633	0.000000
312	1786607201185	274.100	0.884	0.013932	126x126+379+229	0.042674	eeeeeeedabbeeaedcadba87aeaefcbeebace	0.000000		0.000000	0.000052	0.000000	0.000000	0.000000	0.042633	0.000000
313	1786607202075	274.989	0.860	0.013932	126x126+379+229	0.042674	eeeeeeedabbeeaedcadba87aeaefcbeebace	0.000000		0.000000	0.000052	0.000000	0.000000	0.000000	0.038530	0.000000
314	1786607202939	275.854	0.895	0.013932	126x126+379+229	0.042674	eeeeeeedabbeeaedcadba87aeaefcbeebace	0.000000		0.000000	0.000052	0.000000	0.000000	0.000000	0.038720	0.000000
315	1786607203840	276.754	0.874	0.013932	126x126+379+229	0.042674	eeeeeeedabbeeaedcadba87aeaefcbeebace	0.000000		0.000000	0.000052	0.000000	0.000000	0.000000	0.038720	0.000000
316	1786607204718	277.632	0.858	0.013932	126x126+379+229	0.042674	eeeeeeedabbeeaedcadba87aeaefcbeebace	0.000000		0.000000	0.000052	0.000000	0.000000	0.000000	0.038720	0.000000
317	1786607205582	278.496	0.883	0.013932	126x126+379+229	0.042674	eeeeeeedabbeeaedcadba87aeaefcbeebace	0.000000		0.000000	0.000052	0.000000	0.000000	0.000000	0.038720	0.000000
318	1786607206469	279.384	0.850	0.013932	126x126+379+229	0.042674	eeeeeeedabbeeaedcadba87aeaefcbeebace	0.000000		0.000000	0.000052	0.000000	0.000000	0.000000	0.038371	0.000000
319	1786607207324	280.239	0.915	0.013932	126x126+379+229	0.042674	eeeeeeedabbeeaedcadba87aeaefcbeebace	0.000000		0.000000	0.000052	0.000000	0.000000	0.000000	0.038371	0.000000
320	1786607208244	281.158	0.864	0.013932	126x126+379+229	0.042674	eeeeeeedabbeeaedcadba87aeaefcbeebace	0.000000		0.000000	0.000052	0.000000	0.000000	0.000000	0.038371	0.000000
321	1786607209113	282.028	0.848	0.013932	126x126+379+229	0.042674	eeeeeeedabbeeaedcadba87aeaefcbeebace	0.000000		0.000000	0.000052	0.000000	0.000000	0.000000	0.038371	0.000000
322	1786607209966	282.880	0.900	0.013932	126x126+379+229	0.042674	eeeeeeedabbeeaedcadba87aeaefcbeebace	0.000000		0.000000	0.000052	0.000000	0.000000	0.000000	0.038720	0.000000
323	1786607210870	283.785	0.889	0.013932	126x126+379+229	0.042674	eeeeeeedabbeeaedcadba87aeaefcbeebace	0.000000		0.000000	0.000052	0.000000	0.000000	0.000000	0.038530	0.000000
324	1786607211764	284.679	0.878	0.013932	126x126+379+229	0.042674	eeeeeeedabbeeaedcadba87aeaefcbeebace	0.000000		0.000000	0.000052	0.000000	0.000000	0.000000	0.038530	0.000000
325	1786607212648	285.562	0.897	0.013932	126x126+379+229	0.042674	eeeeeeedabbeeaedcadba87aeaefcbeebace	0.000000		0.000000	0.000052	0.000000	0.000000	0.000000	0.038530	0.000000
326	1786607213549	286.464	0.868	0.013932	126x126+379+229	0.042674	eeeeeeedabbeeaedcadba87aeaefcbeebace	0.000000		0.000000	0.000052	0.000000	0.000000	0.000000	0.038530	0.000000
327	1786607214423	287.338	0.872	0.013932	126x126+379+229	0.042674	eeeeeeedabbeeaedcadba87aeaefcbeebace	0.000000		0.000000	0.000052	0.000000	0.000000	0.000000	0.038371	0.000000
328	1786607215300	288.215	0.912	0.013932	126x126+379+229	0.042674	eeeeeeedabbeeaedcadba87aeaefcbeebace	0.000000		0.000000	0.000052	0.000000	0.000000	0.000000	0.038371	0.000000
329	1786607216217	289.132	0.868	0.013932	126x126+379+229	0.042674	eeeeeeedabbeeaedcadba87aeaefcbeebace	0.000000		0.000000	0.000052	0.000000	0.000000	0.000000	0.038371	0.000000
330	1786607217091	290.005	0.839	0.013932	126x126+379+229	0.042674	eeeeeeedabbeeaedcadba87aeaefcbeebace	0.000000		0.000000	0.000052	0.000000	0.000000	0.000000	0.038371	0.000000
331	1786607217935	290.850	0.896	0.013932	126x126+379+229	0.042674	eeeeeeedabbeeaedcadba87aeaefcbeebace	0.000000		0.000000	0.000052	0.000000	0.000000	0.000000	0.038371	0.000000
332	1786607218836	291.750	0.914	0.013932	126x126+379+229	0.042674	eeeeeeedabbeeaedcadba87aeaefcbeebace	0.000000		0.000000	0.000052	0.000000	0.000000	0.000000	0.038371	0.000000
333	1786607219755	292.670	0.871	0.013932	126x126+379+229	0.042674	eeeeeeedabbeeaedcadba87aeaefcbeebace	0.000000		0.000000	0.000052	0.000000	0.000000	0.000000	0.033270	0.000000
334	1786607220631	293.545	0.879	0.013932	126x126+379+229	0.042674	eeeeeeedabbeeaedcadba87aeaefcbeebace	0.000000		0.000000	0.000052	0.000000	0.000000	0.000000	0.042633	0.000000
335	1786607221515	294.429	0.858	0.013932	126x126+379+229	0.042674	eeeeeeedabbeeaedcadba87aeaefcbeebace	0.000000		0.000000	0.000052	0.000000	0.000000	0.000000	0.033270	0.000000
336	1786607222377	295.292	0.833	0.013932	126x126+379+229	0.042674	eeeeeeedabbeeaedcadba87aeaefcbeebace	0.000000		0.000000	0.000052	0.000000	0.000000	0.000000	0.042633	0.000000
337	1786607223215	296.130	0.886	0.013932	126x126+379+229	0.042674	eeeeeeedabbeeaedcadba87aeaefcbeebace	0.000000		0.000000	0.000052	0.000000	0.000000	0.000000	0.039243	0.000000
338	1786607224106	297.020	0.898	0.013932	126x126+379+229	0.042674	eeeeeeedabbeeaedcadba87aeaefcbeebace	0.000000		0.000000	0.000052	0.000000	0.000000	0.000000	0.031147	0.000000
339	1786607225009	297.923	0.899	0.013932	126x126+379+229	0.042674	eeeeeeedabbeeaedcadba87aeaefcbeebace	0.000000		0.000000	0.000052	0.000000	0.000000	0.000000	0.031147	0.000000
340	1786607225912	298.827	0.906	0.013932	126x126+379+229	0.042674	eeeeeeedabbeeaedcadba87aeaefcbeebace	0.000000		0.000000	0.000052	0.000000	0.000000	0.000000	0.031147	0.000000
341	1786607226823	299.738	0.908	0.013932	126x126+379+229	0.042674	eeeeeeedabbeeaedcadba87aeaefcbeebace	0.000000		0.000000	0.000052	0.000000	0.000000	0.000000	0.038371	0.000000
342	1786607227735	300.650	0.872	0.013932	126x126+379+229	0.042674	eeeeeeedabbeeaedcadba87aeaefcbeebace	0.000000		0.000000	0.000052	0.000000	0.000000	0.000000	0.038371	0.000000
343	1786607228612	301.527	0.857	0.013932	126x126+379+229	0.042674	eeeeeeedabbeeaedcadba87aeaefcbeebace	0.000000		0.000000	0.000052	0.000000	0.000000	0.000000	0.038371	0.000000
344	1786607229474	302.388	0.909	0.013932	126x126+379+229	0.042674	eeeeeeedabbeeaedcadba87aeaefcbeebace	0.000000		0.000000	0.000052	0.000000	0.000000	0.000000	0.039243	0.000000
345	1786607230388	303.302	0.925	0.013932	126x126+379+229	0.042674	eeeeeeedabbeeaedcadba87aeaefcbeebace	0.000000		0.000000	0.000052	0.000000	0.000000	0.000000	0.033270	0.000000
346	1786607231317	304.232	0.907	0.013932	126x126+379+229	0.042674	eeeeeeedabbeeaedcadba87aeaefcbeebace	0.000000		0.000000	0.000052	0.000000	0.000000	0.000000	0.033270	0.000000
347	1786607232229	305.144	0.852	0.013932	126x126+379+229	0.042674	eeeeeeedabbeeaedcadba87aeaefcbeebace	0.000000		0.000000	0.000052	0.000000	0.000000	0.000000	0.033270	0.000000
348	1786607233086	306.000	0.925	0.013932	126x126+379+229	0.042674	eeeeeeedabbeeaedcadba87aeaefcbeebace	0.000000		0.000000	0.000052	0.000000	0.000000	0.000000	0.033270	0.000000
349	1786607234015	306.930	0.882	0.013932	126x126+379+229	0.042674	eeeeeeedabbeeaedcadba87aeaefcbeebace	0.000000		0.000000	0.000052	0.000000	0.000000	0.000000	0.038435	0.000000
350	1786607234901	307.816	0.889	0.013932	126x126+379+229	0.042674	eeeeeeedabbeeaedcadba87aeaefcbeebace	0.000000		0.000000	0.000052	0.000000	0.000000	0.000000	0.038435	0.000000
351	1786607235795	308.710	0.885	0.013932	126x126+379+229	0.042674	eeeeeeedabbeeaedcadba87aeaefcbeebace	0.000000		0.000000	0.000052	0.000000	0.000000	0.000000	0.038435	0.000000
352	1786607236685	309.599	0.885	0.013932	126x126+379+229	0.042674	eeeeeeedabbeeaedcadba87aeaefcbeebace	0.000000		0.000000	0.000052	0.000000	0.000000	0.000000	0.038435	0.000000
353	1786607237575	310.489	0.863	0.013932	126x126+379+229	0.042674	eeeeeeedabbeeaedcadba87aeaefcbeebace	0.000000		0.000000	0.000052	0.000000	0.000000	0.000000	0.038435	0.000000
354	1786607238443	311.357	0.870	0.013932	126x126+379+229	0.042674	eeeeeeedabbeeaedcadba87aeaefcbeebace	0.000000		0.000000	0.000052	0.000000	0.000000	0.000000	0.038435	0.000000
355	1786607239318	312.233	0.927	0.013932	126x126+379+229	0.042674	eeeeeeedabbeeaedcadba87aeaefcbeebace	0.000000		0.000000	0.000052	0.000000	0.000000	0.000000	0.040811	0.000000
356	1786607240249	313.164	0.883	0.013932	126x126+379+229	0.042674	eeeeeeedabbeeaedcadba87aeaefcbeebace	0.000000		0.000000	0.000052	0.000000	0.000000	0.000000	0.040811	0.000000
357	1786607241138	314.053	0.877	0.013932	126x126+379+229	0.042674	eeeeeeedabbeeaedcadba87aeaefcbeebace	0.000000		0.000000	0.000052	0.000000	0.000000	0.000000	0.040811	0.000000
358	1786607242020	314.934	0.848	0.013932	126x126+379+229	0.042674	eeeeeeedabbeeaedcadba87aeaefcbeebace	0.000000		0.000000	0.000052	0.000000	0.000000	0.000000	0.040811	0.000000
359	1786607242873	315.787	0.870	0.013932	126x126+379+229	0.042674	eeeeeeedabbeeaedcadba87aeaefcbeebace	0.000000		0.000000	0.000052	0.000000	0.000000	0.000000	0.031210	0.000000
360	1786607243748	316.662	0.894	0.013932	126x126+379+229	0.042674	eeeeeeedabbeeaedcadba87aeaefcbeebace	0.000000		0.000000	0.000052	0.000000	0.000000	0.000000	0.032018	0.000000
361	1786607244647	317.561	0.874	0.013932	126x126+379+229	0.042674	eeeeeeedabbeeaedcadba87aeaefcbeebace	0.000000		0.000000	0.000052	0.000000	0.000000	0.000000	0.032018	0.000000
362	1786607245526	318.440	0.853	0.013932	126x126+379+229	0.042674	eeeeeeedabbeeaedcadba87aeaefcbeebace	0.000000		0.000000	0.000052	0.000000	0.000000	0.000000	0.032018	0.000000
363	1786607246384	319.298	0.875	0.013932	126x126+379+229	0.042674	eeeeeeedabbeeaedcadba87aeaefcbeebace	0.000000		0.000000	0.000052	0.000000	0.000000	0.000000	0.032018	0.000000
364	1786607247263	320.178	0.867	0.013932	126x126+379+229	0.042674	eeeeeeedabbeeaedcadba87aeaefcbeebace	0.000000		0.000000	0.000052	0.000000	0.000000	0.000000	0.032018	0.000000
365	1786607248135	321.049	0.888	0.013932	126x126+379+229	0.042674	eeeeeeedabbeeaedcadba87aeaefcbeebace	0.000000		0.000000	0.000052	0.000000	0.000000	0.000000	0.032018	0.000000
366	1786607249028	321.942	0.864	0.013932	126x126+379+229	0.042674	eeeeeeedabbeeaedcadba87aeaefcbeebace	0.000000		0.000000	0.000052	0.000000	0.000000	0.000000	0.031210	0.000000
367	1786607249897	322.811	0.854	0.013932	126x126+379+229	0.042674	eeeeeeedabbeeaedcadba87aeaefcbeebace	0.000000		0.000000	0.000052	0.000000	0.000000	0.000000	0.031210	0.000000
368	1786607250756	323.670	0.908	0.013932	126x126+379+229	0.042674	eeeeeeedabbeeaedcadba87aeaefcbeebace	0.000000		0.000000	0.000052	0.000000	0.000000	0.000000	0.031210	0.000000
369	1786607251669	324.584	0.876	0.013932	126x126+379+229	0.042674	eeeeeeedabbeeaedcadba87aeaefcbeebace	0.000000		0.000000	0.000052	0.000000	0.000000	0.000000	0.031210	0.000000
370	1786607252550	325.465	0.877	0.013932	126x126+379+229	0.042674	eeeeeeedabbeeaedcadba87aeaefcbeebace	0.000000		0.000000	0.000052	0.000000	0.000000	0.000000	0.031210	0.000000
371	1786607253432	326.347	0.896	0.013932	126x126+379+229	0.042674	eeeeeeedabbeeaedcadba87aeaefcbeebace	0.000000		0.000000	0.000052	0.000000	0.000000	0.000000	0.031210	0.000000
372	1786607254332	327.247	0.897	0.013932	126x126+379+229	0.042674	eeeeeeedabbeeaedcadba87aeaefcbeebace	0.000000		0.000000	0.000052	0.000000	0.000000	0.000000	0.039623	0.000000
373	1786607255234	328.149	0.869	0.013932	126x126+379+229	0.042674	eeeeeeedabbeeaedcadba87aeaefcbeebace	0.000000		0.000000	0.000052	0.000000	0.000000	0.000000	0.039623	0.000000
374	1786607256108	329.022	0.875	0.013932	126x126+379+229	0.042674	eeeeeeedabbeeaedcadba87aeaefcbeebace	0.000000		0.000000	0.000052	0.000000	0.000000	0.000000	0.039623	0.000000
375	1786607256987	329.902	0.900	0.013932	126x126+379+229	0.042674	eeeeeeedabbeeaedcadba87aeaefcbeebace	0.000000		0.000000	0.000052	0.000000	0.000000	0.000000	0.039623	0.000000
376	1786607257892	330.806	0.902	0.013932	126x126+379+229	0.042674	eeeeeeedabbeeaedcadba87aeaefcbeebace	0.000000		0.000000	0.000052	0.000000	0.000000	0.000000	0.042633	0.000000
377	1786607258799	331.713	0.891	0.013932	126x126+379+229	0.042674	eeeeeeedabbeeaedcadba87aeaefcbeebace	0.000000		0.000000	0.000052	0.000000	0.000000	0.000000	0.031147	0.000000
378	1786607259695	332.609	0.900	0.013932	126x126+379+229	0.042674	eeeeeeedabbeeaedcadba87aeaefcbeebace	0.000000		0.000000	0.000052	0.000000	0.000000	0.000000	0.031147	0.000000
379	1786607260600	333.514	0.897	0.013932	126x126+379+229	0.042674	eeeeeeedabbeeaedcadba87aeaefcbeebace	0.000000		0.000000	0.000052	0.000000	0.000000	0.000000	0.031147	0.000000
380	1786607261502	334.416	0.883	0.013932	126x126+379+229	0.042674	eeeeeeedabbeeaedcadba87aeaefcbeebace	0.000000		0.000000	0.000052	0.000000	0.000000	0.000000	0.038308	0.000000
381	1786607262390	335.305	0.982	0.013932	126x126+379+229	0.042674	eeeeeeedabbeeaedcadba87aeaefcbeebace	0.000000		0.000000	0.000052	0.000000	0.000000	0.000000	0.038308	0.000000
382	1786607263377	336.292	0.911	0.013932	126x126+379+229	0.042674	eeeeeeedabbeeaedcadba87aeaefcbeebace	0.000000		0.000000	0.000052	0.000000	0.000000	0.000000	0.038308	0.000000
383	1786607264293	337.208	0.931	0.013932	126x126+379+229	0.042674	eeeeeeedabbeeaedcadba87aeaefcbeebace	0.000000		0.000000	0.000052	0.000000	0.000000	0.000000	0.031147	0.000000
384	1786607265229	338.144	0.938	0.013932	126x126+379+229	0.042674	eeeeeeedabbeeaedcadba87aeaefcbeebace	0.000000		0.000000	0.000052	0.000000	0.000000	0.000000	0.031147	0.000000
385	1786607266172	339.087	0.983	0.013932	126x126+379+229	0.042674	eeeeeeedabbeeaedcadba87aeaefcbeebace	0.000000		0.000000	0.000052	0.000000	0.000000	0.000000	0.031147	0.000000
386	1786607267159	340.074	0.900	0.013932	126x126+379+229	0.042674	eeeeeeedabbeeaedcadba87aeaefcbeebace	0.000000		0.000000	0.000052	0.000000	0.000000	0.000000	0.040748	0.000000
387	1786607268065	340.979	0.864	0.013932	126x126+379+229	0.042674	eeeeeeedabbeeaedcadba87aeaefcbeebace	0.000000		0.000000	0.000052	0.000000	0.000000	0.000000	0.039243	0.000000
388	1786607268933	341.847	0.964	0.013932	126x126+379+229	0.042674	eeeeeeedabbeeaedcadba87aeaefcbeebace	0.000000		0.000000	0.000052	0.000000	0.000000	0.000000	0.039243	0.000000
389	1786607269903	342.817	0.931	0.013932	126x126+379+229	0.042674	eeeeeeedabbeeaedcadba87aeaefcbeebace	0.000000		0.000000	0.000052	0.000000	0.000000	0.000000	0.039243	0.000000
390	1786607270838	343.753	0.956	0.013932	126x126+379+229	0.042674	eeeeeeedabbeeaedcadba87aeaefcbeebace	0.000000		0.000000	0.000052	0.000000	0.000000	0.000000	0.039243	0.000000
391	1786607271800	344.714	0.814	0.013932	126x126+379+229	0.042674	eeeeeeedabbeeaedcadba87aeaefcbeebace	0.000000		0.000000	0.000052	0.000000	0.000000	0.000000	0.040748	0.000000
392	1786607272618	345.533	1.080	0.013932	126x126+379+229	0.042674	eeeeeeedabbeeaedcadba87aeaefcbeebace	0.000000		0.000000	0.000052	0.000000	0.000000	0.000000	0.039243	0.000000
393	1786607273703	346.617	0.893	0.013932	126x126+379+229	0.042674	eeeeeeedabbeeaedcadba87aeaefcbeebace	0.000000		0.000000	0.000052	0.000000	0.000000	0.000000	0.040748	0.000000
394	1786607274600	347.514	0.840	0.013932	126x126+379+229	0.042674	eeeeeeedabbeeaedcadba87aeaefcbeebace	0.000000		0.000000	0.000052	0.000000	0.000000	0.000000	0.039243	0.000000
395	1786607275446	348.360	0.873	0.013932	126x126+379+229	0.042674	eeeeeeedabbeeaedcadba87aeaefcbeebace	0.000000		0.000000	0.000052	0.000000	0.000000	0.000000	0.038371	0.000000
396	1786607276323	349.238	0.790	0.013932	126x126+379+229	0.042674	eeeeeeedabbeeaedcadba87aeaefcbeebace	0.000000		0.000000	0.000052	0.000000	0.000000	0.000000	0.038371	0.000000
397	1786607277118	350.033	0.796	0.013932	126x126+379+229	0.042674	eeeeeeedabbeeaedcadba87aeaefcbeebace	0.000000		0.000000	0.000052	0.000000	0.000000	0.000000	0.038371	0.000000
398	1786607277919	350.833	0.812	0.013932	126x126+379+229	0.042674	eeeeeeedabbeeaedcadba87aeaefcbeebace	0.000000		0.000000	0.000052	0.000000	0.000000	0.000000	0.038371	0.000000
399	1786607278736	351.651	0.774	0.013932	126x126+379+229	0.042674	eeeeeeedabbeeaedcadba87aeaefcbeebace	0.000000		0.000000	0.000052	0.000000	0.000000	0.000000	0.038371	0.000000
400	1786607279515	352.429	0.848	0.013932	126x126+379+229	0.042674	eeeeeeedabbeeaedcadba87aeaefcbeebace	0.000000		0.000000	0.000052	0.000000	0.000000	0.000000	0.038371	0.000000
401	1786607280369	353.283	0.757	0.013932	126x126+379+229	0.042674	eeeeeeedabbeeaedcadba87aeaefcbeebace	0.000000		0.000000	0.000052	0.000000	0.000000	0.000000	0.038371	0.000000
402	1786607281130	354.045	0.951	0.013932	126x126+379+229	0.042674	eeeeeeedabbeeaedcadba87aeaefcbeebace	0.000000		0.000000	0.000052	0.000000	0.000000	0.000000	0.031147	0.000000
403	1786607282086	355.000	0.941	0.013932	126x126+379+229	0.042674	eeeeeeedabbeeaedcadba87aeaefcbeebace	0.000000		0.000000	0.000052	0.000000	0.000000	0.000000	0.033270	0.000000
404	1786607283032	355.946	0.853	0.013932	126x126+379+229	0.042674	eeeeeeedabbeeaedcadba87aeaefcbeebace	0.000000		0.000000	0.000052	0.000000	0.000000	0.000000	0.033270	0.000000
405	1786607283890	356.805	0.902	0.013932	126x126+379+229	0.042674	eeeeeeedabbeeaedcadba87aeaefcbeebace	0.000000		0.000000	0.000052	0.000000	0.000000	0.000000	0.033270	0.000000
406	1786607284797	357.711	0.905	0.013932	126x126+379+229	0.042674	eeeeeeedabbeeaedcadba87aeaefcbeebace	0.000000		0.000000	0.000052	0.000000	0.000000	0.000000	0.039623	0.000000
407	1786607285707	358.621	0.901	0.013932	126x126+379+229	0.042674	eeeeeeedabbeeaedcadba87aeaefcbeebace	0.000000		0.000000	0.000052	0.000000	0.000000	0.000000	0.040811	0.000000
408	1786607286612	359.527	0.871	0.013932	126x126+379+229	0.042674	dddeeeedabbeeaedcadba87aeaefcbeebace	0.000000		0.000000	0.000052	0.000000	0.000000	0.000000	0.032018	0.000000
409	1786607287489	360.403	0.854	0.013932	126x126+379+229	0.042674	dddeeeddabbeeaedcadba87aeaefcbeebace	0.000000		0.000000	0.000052	0.000000	0.000000	0.000000	0.032018	0.000000
410	1786607288347	361.262	0.891	0.013932	126x126+379+229	0.042674	ddddddddabbedaedcadba87aeaefcbeebace	0.000000		0.000000	0.000052	0.000000	0.000000	0.000000	0.032018	0.000000
411	1786607289244	362.158	0.863	0.013932	126x126+379+229	0.042674	ddddedddaaaddaedcadba87aeaefcbeebace	0.000000		0.000000	0.000052	0.000000	0.000000	0.000000	0.032018	0.000000
412	1786607290111	363.026	0.911	0.013932	126x126+379+229	0.042674	dddeeedcaaaddaedcadba87aeaefcbeebace	0.000000		0.000000	0.000052	0.000000	0.000000	0.000000	0.032018	0.000000
413	1786607291028	363.943	0.881	0.013932	126x126+379+229	0.042674	ddeeeedcaaadd9edcadba87adaefcbddaace	0.000000		0.000000	0.000052	0.000000	0.000000	0.000000	0.033587	0.000000
414	1786607291913	364.828	0.908	0.013932	126x126+379+229	0.042674	eeeeeeedabbedaedcadba87adaefcaddaabd	0.000000		0.000000	0.000052	0.000000	0.000000	0.000000	0.020025	0.000000
415	1786607292827	365.741	0.903	0.013932	126x126+379+229	0.042674	eeeeeeedabbeeaedcadba87adaefcaddaabd	0.000000		0.000000	0.000052	0.000000	0.000000	0.000000	0.020025	0.000000
416	1786607293734	366.648	0.886	0.013932	126x126+379+229	0.042674	eeeeeeedabbeeaedcaeba87adaefcbddaabd	0.000000		0.000000	0.000052	0.000000	0.000000	0.000000	0.020025	0.000000
417	1786607294625	367.540	0.809	0.013932	126x126+379+229	0.042674	eeeeeeedabbeeaedcadba87aeaefcbddaabd	0.000000		0.000000	0.000052	0.000000	0.000000	0.000000	0.020025	0.000000
418	1786607295439	368.353	0.886	0.013932	126x126+379+229	0.042674	eeeeeeedabbeeaedcadba87aeaefcbddbace	0.000000		0.000000	0.000052	0.000000	0.000000	0.000000	0.020025	0.000000
419	1786607296330	369.244	0.879	0.013932	126x126+379+229	0.042674	eeeeeeedabbeeaedcaeba87aeaefcbeebace	0.000000		0.000000	0.000052	0.000000	0.000000	0.000000	0.033587	0.000000
420	1786607297213	370.128	0.883	0.013932	126x126+379+229	0.042674	eeeeeeedabbeeaedcaeba87aeaefcbeebace	0.000000		0.000000	0.000052	0.000000	0.000000	0.000000	0.020025	0.000000
421	1786607298101	371.016	0.879	0.013932	126x126+379+229	0.042674	eeeeeeedabbeeaedcaeba87aeaefcbedbace	0.000000		0.000000	0.000052	0.000000	0.000000	0.000000	0.020025	0.000000
422	1786607298985	371.900	0.877	0.013932	126x126+379+229	0.042674	eeeeeeedabbeeaedcaeba87aeaefcbeebace	0.000000		0.000000	0.000052	0.000000	0.000000	0.000000	0.020025	0.000000
423	1786607299867	372.781	0.886	0.013932	126x126+379+229	0.042674	eeeeeeedabbeeaedcaeba87aeaefcbeebace	0.000000		0.000000	0.000052	0.000000	0.000000	0.000000	0.033587	0.000000
424	1786607300758	373.672	0.838	0.013932	126x126+379+229	0.042674	eeeeeeedabbeeaedcaeba87aeaefcbeebace	0.000000		0.000000	0.000052	0.000000	0.000000	0.000000	0.033587	0.000000
425	1786607301601	374.515	0.856	0.013932	126x126+379+229	0.042674	eeeeeeedabbeeaedcaeba87aeaefcbeebace	0.000000		0.000000	0.000052	0.000000	0.000000	0.000000	0.023986	0.000000
426	1786607302462	375.376	0.851	0.013932	126x126+379+229	0.042674	eeeeeeedabbeeaedcaeba87aeaefcbeebace	0.000000		0.000000	0.000052	0.000000	0.000000	0.000000	0.023986	0.000000
427	1786607303317	376.232	0.892	0.013932	126x126+379+229	0.042674	eeeeeeedabbeeaedcaeba87aeaefcbeebace	0.000000		0.000000	0.000052	0.000000	0.000000	0.000000	0.023986	0.000000
428	1786607304213	377.128	0.904	0.013932	126x126+379+229	0.042674	eeeeeeedabbeeaedcaeba87aeaefcbeebace	0.000000		0.000000	0.000052	0.000000	0.000000	0.000000	0.023986	0.000000
429	1786607305122	378.037	0.899	0.013932	126x126+379+229	0.042674	eeeeeeedabbeeaedcaeba87aeaefcbeebace	0.000000		0.000000	0.000052	0.000000	0.000000	0.000000	0.023986	0.000000
430	1786607306026	378.940	0.880	0.013932	126x126+379+229	0.042674	eeeeeeedabbeeaedcaeba87aeaefcbeebace	0.000000		0.000000	0.000052	0.000000	0.000000	0.000000	0.023986	0.000000
431	1786607306911	379.826	0.886	0.013932	126x126+379+229	0.042674	eeeeeeedabbeeaedcaeba87aeaefcbeebace	0.000000		0.000000	0.000052	0.000000	0.000000	0.000000	0.023986	0.000000
432	1786607307802	380.716	0.857	0.013932	126x126+379+229	0.042674	eeeeeeedabbeeaedcaeba87aeaefcbeebace	0.000000		0.000000	0.000052	0.000000	0.000000	0.000000	0.023986	0.000000
433	1786607308664	381.578	0.928	0.013932	126x126+379+229	0.042674	eeeeeeedabbeeaedcaeba87aeaefcbeebace	0.000000		0.000000	0.000052	0.000000	0.000000	0.000000	0.023986	0.000000
434	1786607309596	382.511	0.899	0.013932	126x126+379+229	0.042674	eeeeeeedabbeeaedcaeba87aeaefcbeebace	0.000000		0.000000	0.000052	0.000000	0.000000	0.000000	0.023986	0.000000
435	1786607310501	383.415	0.901	0.013932	126x126+379+229	0.042674	eeeeeeedabbeeaedcaeba87aeaefcbeebace	0.000000		0.000000	0.000052	0.000000	0.000000	0.000000	0.023986	0.000000
436	1786607311406	384.320	0.923	0.013932	126x126+379+229	0.042674	eeeeeeedabbeeaedcaeba87aeaefcbeebace	0.000000		0.000000	0.000052	0.000000	0.000000	0.000000	0.023986	0.000000
437	1786607312334	385.249	0.902	0.013932	126x126+379+229	0.042674	eeeeeeedabbeeaedcaeba87aeaefcbeebace	0.000000		0.000000	0.000052	0.000000	0.000000	0.000000	0.023986	0.000000
438	1786607313241	386.155	0.846	0.013932	126x126+379+229	0.042674	eeeeeeedabbeeaedcaeba87aeaefcbeebace	0.000000		0.000000	0.000052	0.000000	0.000000	0.000000	0.023986	0.000000
439	1786607314092	387.007	0.893	0.013932	126x126+379+229	0.042674	eeeeeeedabbeeaedcaeba87aeaefcbeebace	0.000000		0.000000	0.000052	0.000000	0.000000	0.000000	0.023986	0.000000
440	1786607314990	387.905	0.850	0.013932	126x126+379+229	0.042674	eeeeeeedabbeeaedcadba87aeaefcbeebace	0.000000		0.000000	0.000052	0.000000	0.000000	0.000000	0.023986	0.000000
441	1786607315845	388.759	0.906	0.013932	126x126+379+229	0.042674	eeeeeeedabbeeaedcadba87aeaefcbeebace	0.000000		0.000000	0.000052	0.000000	0.000000	0.000000	0.023986	0.000000
442	1786607316755	389.669	0.870	0.013932	126x126+379+229	0.042674	eeeeeeedabbeeaedcadba87aeaefcbeebace	0.000000		0.000000	0.000052	0.000000	0.000000	0.000000	0.023986	0.000000
443	1786607317629	390.544	0.856	0.013932	126x126+379+229	0.042674	eeeeeeedabbeeaedcaeba87aeaefcbeebace	0.000000		0.000000	0.000052	0.000000	0.000000	0.000000	0.023986	0.000000
444	1786607318490	391.405	0.876	0.013932	126x126+379+229	0.042674	eeeeeeedabbeeaedcaeba87aeaefcbeebace	0.000000		0.000000	0.000052	0.000000	0.000000	0.000000	0.031210	0.000000
445	1786607319371	392.286	0.870	0.013932	126x126+379+229	0.042674	eeeeeeedabbeeaedcadba87aeaefcbeebace	0.000000		0.000000	0.000052	0.000000	0.000000	0.000000	0.035409	0.000000
446	1786607320246	393.161	0.916	0.013932	126x126+379+229	0.042674	eeeeeeedabbeeaedcadba87aeaefcbeebace	0.000000		0.000000	0.000052	0.000000	0.000000	0.000000	0.040811	0.000000
447	1786607321168	394.082	0.878	0.013932	126x126+379+229	0.042674	eeeeeeedabbeeaedcadba87aeaefcbeebace	0.000000		0.000000	0.000052	0.000000	0.000000	0.000000	0.040811	0.000000
448	1786607322051	394.965	0.875	0.013932	126x126+379+229	0.042674	eeeeeeedabbeeaedcadba87aeaefcbeebace	0.000000		0.000000	0.000052	0.000000	0.000000	0.000000	0.040811	0.000000
449	1786607322932	395.846	0.875	0.013932	126x126+379+229	0.042674	eeeeeeedabbeeaedcadba87aeaefcbeebace	0.000000		0.000000	0.000052	0.000000	0.000000	0.000000	0.032018	0.000000
450	1786607323811	396.725	0.928	0.013932	126x126+379+229	0.042674	eeeeeeedabbeeaedcadba87aeaefcbeebace	0.000000		0.000000	0.000052	0.000000	0.000000	0.000000	0.040811	0.000000
451	1786607324744	397.659	0.902	0.013932	126x126+379+229	0.042674	eeeeeeedabbeeaedcaeba87aeaefcbeebace	0.000000		0.000000	0.000052	0.000000	0.000000	0.000000	0.038371	0.000000
452	1786607325651	398.565	0.921	0.013932	126x126+379+229	0.042674	eeeeeeedabbeeaedcadba87aeaefcbeebace	0.000000		0.000000	0.000052	0.000000	0.000000	0.000000	0.038371	0.000000
453	1786607326577	399.491	0.857	0.013932	126x126+379+229	0.042674	eeeeeeedabbeeaedcadba87aeaefcbeebace	0.000000		0.000000	0.000052	0.000000	0.000000	0.000000	0.038371	0.000000
454	1786607327438	400.353	0.891	0.013932	126x126+379+229	0.042674	eeeeeeedabbeeaedcadba87aeaefcbeebace	0.000000		0.000000	0.000052	0.000000	0.000000	0.000000	0.038371	0.000000
455	1786607328335	401.249	0.897	0.013932	126x126+379+229	0.042674	eeeeeeedabbeeaedcadba87aeaefcbeebace	0.000000		0.000000	0.000052	0.000000	0.000000	0.000000	0.038371	0.000000
456	1786607329236	402.150	0.941	0.013932	126x126+379+229	0.042674	eeeeeeedabbeeaedcadba87aeaefcbeebace	0.000000		0.000000	0.000052	0.000000	0.000000	0.000000	0.038435	0.000000
457	1786607330182	403.096	0.876	0.013932	126x126+379+229	0.042674	eeeeeeedabbeeaedcadba87aeaefcbeebace	0.000000		0.000000	0.000052	0.000000	0.000000	0.000000	0.031210	0.000000
458	1786607331062	403.977	0.881	0.013932	126x126+379+229	0.042674	eeeeeeedabbeeaedcadba87aeaefcbeebace	0.000000		0.000000	0.000052	0.000000	0.000000	0.000000	0.031210	0.000000
459	1786607331949	404.863	0.898	0.013932	126x126+379+229	0.042674	eeeeeeedabbeeaedcadba87aeaefcbeebace	0.000000		0.000000	0.000052	0.000000	0.000000	0.000000	0.031210	0.000000
460	1786607332852	405.766	0.887	0.013932	126x126+379+229	0.042674	eeeeeeedabbeeaedcadba87aeaefcbeebace	0.000000		0.000000	0.000052	0.000000	0.000000	0.000000	0.031210	0.000000
461	1786607333743	406.658	0.898	0.013932	126x126+379+229	0.042674	eeeeeeedabbeeaedcadba87aeaefcbeebace	0.000000		0.000000	0.000052	0.000000	0.000000	0.000000	0.031210	0.000000
462	1786607334646	407.560	0.834	0.013932	126x126+379+229	0.042674	eeeeeeedabbeeaedcadba87aeaefcbeebace	0.000000		0.000000	0.000052	0.000000	0.000000	0.000000	0.031305	0.000000
463	1786607335484	408.399	0.865	0.013932	126x126+379+229	0.042674	eeeeeeedabbeeaedcadba87aeaefcbeebace	0.000000		0.000000	0.000052	0.000000	0.000000	0.000000	0.031496	0.000000
464	1786607336354	409.269	0.882	0.013932	126x126+379+229	0.042674	eeeeeeedabbeeaedcadba87aeaefcbeebace	0.000000		0.000000	0.000052	0.000000	0.000000	0.000000	0.031496	0.000000
465	1786607337242	410.156	0.879	0.013932	126x126+379+229	0.042674	eeeeeeedabbeeaedcadba87aeaefcbeebace	0.000000		0.000000	0.000052	0.000000	0.000000	0.000000	0.031496	0.000000
466	1786607338125	411.040	0.882	0.013932	126x126+379+229	0.042674	eeeeeeedabbeeaedcadba87aeaefcbeebace	0.000000		0.000000	0.000052	0.000000	0.000000	0.000000	0.031496	0.000000
467	1786607339012	411.927	0.925	0.013932	126x126+379+229	0.042674	eeeeeeedabbeeaedcaeba87aeaefcbeebace	0.000000		0.000000	0.000052	0.000000	0.000000	0.000000	0.031496	0.000000
468	1786607339942	412.857	0.937	0.013932	126x126+379+229	0.042674	eeeeeeedabbeeaedcadba87aeaefcbeebace	0.000000		0.000000	0.000052	0.000000	0.000000	0.000000	0.031496	0.000000
469	1786607340885	413.799	0.894	0.013932	126x126+379+229	0.042674	deeeeeedabbeeaedcadba87aeaefcbeebace	0.000000		0.000000	0.000052	0.000000	0.000000	0.000000	0.031496	0.000000
470	1786607341784	414.698	0.847	0.013932	126x126+379+229	0.042674	cdeeeeedabbeeaedcadba87aeaefcbeebace	0.000000		0.000000	0.000052	0.000000	0.000000	0.000000	0.031210	0.000000
471	1786607342636	415.551	0.864	0.013932	126x126+379+229	0.042674	ccdeeeddabbeeaedcadba87aeaefcbeebace	0.000000		0.000000	0.000052	0.000000	0.000000	0.000000	0.031210	0.000000
472	1786607343505	416.419	0.853	0.013932	126x126+379+229	0.042674	ecceeecdabbeeaedcadba87aeaefcbeebace	0.000000		0.000000	0.000052	0.000000	0.000000	0.000000	0.031210	0.000000
473	1786607344363	417.277	0.851	0.013932	126x126+379+229	0.042674	eeddeecbabbeeaedcadba87aeaefcbeebace	0.000000		0.000000	0.000052	0.000000	0.000000	0.000000	0.031210	0.000000
474	1786607345219	418.133	0.821	0.013932	126x126+379+229	0.042674	eeeddedcabbedaedcadba87aeaefcbeebace	0.000000		0.000000	0.000052	0.000000	0.000000	0.000000	0.031210	0.000000
475	1786607346045	418.960	0.930	0.013932	126x126+379+229	0.042674	eeeedeedabbec9edcadba87aeaefcbeebace	0.000000		0.000000	0.000052	0.000000	0.000000	0.000000	0.031210	0.000000
476	1786607346980	419.895	0.901	0.013932	126x126+379+229	0.042674	eeeeeeedabbeeaedcadba87aeaefcbeebace	0.000000		0.000000	0.000052	0.000000	0.000000	0.000000	0.023986	0.000000
477	1786607347887	420.801	0.921	0.013932	126x126+379+229	0.042674	eeeeeeedabbeeaedcadba87aeaefcbeebace	0.000000		0.000000	0.000052	0.000000	0.000000	0.000000	0.031210	0.000000
478	1786607348812	421.727	0.892	0.013932	126x126+379+229	0.042674	eeeeeeedabbeeaedcadba87aeaefcbeebace	0.000000		0.000000	0.000052	0.000000	0.000000	0.000000	0.031210	0.000000
479	1786607349709	422.624	0.889	0.013932	126x126+379+229	0.042674	eeeeeeedabbeeaedcadba87adaefcbeebace	0.000000		0.000000	0.000052	0.000000	0.000000	0.000000	0.031210	0.000000
480	1786607350603	423.518	0.880	0.013932	126x126+379+229	0.042674	eeeeeeedabbeeaedcadba87aeaefcbeebace	0.000000		0.000000	0.000052	0.000000	0.000000	0.000000	0.031210	0.000000
481	1786607351488	424.402	0.901	0.013932	126x126+379+229	0.042674	eeeeeeedabbeeaedcadba87aeaefcbddbace	0.000000		0.000000	0.000052	0.000000	0.000000	0.000000	0.031210	0.000000
482	1786607352394	425.308	0.866	0.013932	126x126+379+229	0.042674	eeeeeeedabbeeaedcadba87aeaefcbedbace	0.000000		0.000000	0.000052	0.000000	0.000000	0.000000	0.031210	0.000000
483	1786607353265	426.179	0.879	0.013932	126x126+379+229	0.042674	eeeeeeedabbeeaedcaeba87aeaefcbeebace	0.000000		0.000000	0.000052	0.000000	0.000000	0.000000	0.031210	0.000000
484	1786607354149	427.063	0.878	0.013932	126x126+379+229	0.042674	eeeeeeedabbeeaedcadba87aeaefcbeebace	0.000000		0.000000	0.000052	0.000000	0.000000	0.000000	0.031210	0.000000
485	1786607355032	427.947	0.919	0.013932	126x126+379+229	0.042674	eeeeeeedabbeeaedcadba87aeaefcbeebace	0.000000		0.000000	0.000052	0.000000	0.000000	0.000000	0.031210	0.000000
486	1786607355956	428.870	0.852	0.013932	126x126+379+229	0.042674	eeeeeeedabbeeaedcadba87aeaefcbeebace	0.000000		0.000000	0.000052	0.000000	0.000000	0.000000	0.031210	0.000000
487	1786607356813	429.727	0.884	0.013932	126x126+379+229	0.042674	eeeeeeedabbeeaedcadba87aeaefcbeebace	0.000000		0.000000	0.000052	0.000000	0.000000	0.000000	0.031210	0.000000
488	1786607357701	430.616	0.900	0.013932	126x126+379+229	0.042674	eeeeeeedabbeeaedcadba87aeaefcbeebace	0.000000		0.000000	0.000052	0.000000	0.000000	0.000000	0.031147	0.000000
489	1786607358607	431.521	0.870	0.013932	126x126+379+229	0.042674	eeeeeeedabbeeaedcadba87aeaefcbeebace	0.000000		0.000000	0.000052	0.000000	0.000000	0.000000	0.031147	0.000000
490	1786607359482	432.396	0.863	0.013932	126x126+379+229	0.042674	eeeeeeedabbeeaedcadba87aeaefcbeebace	0.000000		0.000000	0.000052	0.000000	0.000000	0.000000	0.031147	0.000000
491	1786607360350	433.265	0.849	0.013932	126x126+379+229	0.042674	eeeeeeedabbeeaedcadba87aeaefcbeebace	0.000000		0.000000	0.000052	0.000000	0.000000	0.000000	0.031147	0.000000
492	1786607361204	434.119	0.885	0.013932	126x126+379+229	0.042674	eeeeeeedabbeeaedcadba87aeaefcbeebace	0.000000		0.000000	0.000052	0.000000	0.000000	0.000000	0.031147	0.000000
493	1786607362094	435.009	0.866	0.013932	126x126+379+229	0.042674	eeeeeeedabbeeaedcadba87aeaefcbeebace	0.000000		0.000000	0.000052	0.000000	0.000000	0.000000	0.031147	0.000000
494	1786607362965	435.879	0.849	0.013932	126x126+379+229	0.042674	eeeeeeedabbeeaedcadba87aeaefcbeebace	0.000000		0.000000	0.000052	0.000000	0.000000	0.000000	0.031147	0.000000
495	1786607363819	436.733	0.838	0.013932	126x126+379+229	0.042674	eeeeeeedabbeeaedcadba87aeaefcbeebace	0.000000		0.000000	0.000052	0.000000	0.000000	0.000000	0.031147	0.000000
496	1786607364662	437.576	0.834	0.013932	126x126+379+229	0.042674	eeeeeeedabbeeaedcadba87aeaefcbeebace	0.000000		0.000000	0.000052	0.000000	0.000000	0.000000	0.031147	0.000000
497	1786607365500	438.415	0.909	0.013932	126x126+379+229	0.042674	eeeeeeedabbeeaedcaeba87aeaefcbeebace	0.000000		0.000000	0.000052	0.000000	0.000000	0.000000	0.031147	0.000000
498	1786607366414	439.328	0.876	0.013932	126x126+379+229	0.042674	eeeeeeedabbeeaedcaeba87aeaefcbeebace	0.000000		0.000000	0.000052	0.000000	0.000000	0.000000	0.031496	0.000000
499	1786607367295	440.209	0.867	0.013932	126x126+379+229	0.042674	eeeeeeedabbeeaedcadba87aeaefcbeebace	0.000000		0.000000	0.000052	0.000000	0.000000	0.000000	0.031496	0.000000
500	1786607368166	441.081	0.880	0.013932	126x126+379+229	0.042674	eeeeeeedabbeeaedcadba87aeaefcbeebace	0.000000		0.000000	0.000052	0.000000	0.000000	0.000000	0.031305	0.000000
501	1786607369051	441.966	0.908	0.013932	126x126+379+229	0.042674	eeeeeeedabbeeaedcadba87aeaefcbeebace	0.000000		0.000000	0.000052	0.000000	0.000000	0.000000	0.031496	0.000000
502	1786607369964	442.878	0.901	0.013932	126x126+379+229	0.042674	eeeeeeedabbeeaedcadba87aeaefcbeebace	0.000000		0.000000	0.000052	0.000000	0.000000	0.000000	0.031496	0.000000
503	1786607370870	443.784	0.884	0.013932	126x126+379+229	0.042674	eeeeeeedabbeeaedcadba87aeaefcbeebace	0.000000		0.000000	0.000052	0.000000	0.000000	0.000000	0.031305	0.000000
504	1786607371758	444.673	0.878	0.013932	126x126+379+229	0.042674	eeeeeeedabbeeaedcadba87aeaefcbeebace	0.000000		0.000000	0.000052	0.000000	0.000000	0.000000	0.031496	0.000000
505	1786607372641	445.556	0.919	0.013932	126x126+379+229	0.042674	eeeeeeedabbeeaedcaeba87aeaefcbeebace	0.000000		0.000000	0.000052	0.000000	0.000000	0.000000	0.031496	0.000000
506	1786607373564	446.479	0.899	0.013932	126x126+379+229	0.042674	eeeeeeedabbeeaedcadba87aeaefcbeebace	0.000000		0.000000	0.000052	0.000000	0.000000	0.000000	0.038435	0.000000
507	1786607374468	447.383	0.903	0.013932	126x126+379+229	0.042674	eeeeeeedabbeeaedcadba87aeaefcbeebace	0.000000		0.000000	0.000052	0.000000	0.000000	0.000000	0.038371	0.000000
508	1786607375376	448.290	0.876	0.013932	126x126+379+229	0.042674	eeeeeeedabbeeaedcadba87aeaefcbeebace	0.000000		0.000000	0.000052	0.000000	0.000000	0.000000	0.038371	0.000000
509	1786607376257	449.172	0.896	0.013932	126x126+379+229	0.042674	eeeeeeedabbeeaedcadba87aeaefcbeebace	0.000000		0.000000	0.000052	0.000000	0.000000	0.000000	0.038371	0.000000
510	1786607377158	450.073	0.940	0.013932	126x126+379+229	0.042674	eeeeeeedabbeeaedcadba87aeaefcbeebace	0.000000		0.000000	0.000052	0.000000	0.000000	0.000000	0.039623	0.000000
511	1786607378103	451.018	0.942	0.013932	126x126+379+229	0.042674	eeeeeeedabbeeaedcadba87aeaefcbeebace	0.000000		0.000000	0.000052	0.000000	0.000000	0.000000	0.042633	0.000000
512	1786607379049	451.964	0.872	0.013932	126x126+379+229	0.042674	eeeeeeedabbeeaedcadba87aeaefcbeebace	0.000000		0.000000	0.000052	0.000000	0.000000	0.000000	0.042633	0.000000
513	1786607379926	452.841	0.905	0.013932	126x126+379+229	0.042674	eeeeeeedabbeeaedcadba87aeaefcbeebace	0.000000		0.000000	0.000052	0.000000	0.000000	0.000000	0.042633	0.000000
514	1786607380836	453.750	0.910	0.013932	126x126+379+229	0.042674	eeeeeeedabbeeaedcadba87aeaefcbeebace	0.000000		0.000000	0.000052	0.000000	0.000000	0.000000	0.042633	0.000000
515	1786607381751	454.666	0.898	0.013932	126x126+379+229	0.042674	eeeeeeedabbeeaedcadba87aeaefcbeebace	0.000000		0.000000	0.000052	0.000000	0.000000	0.000000	0.040748	0.000000
516	1786607382654	455.568	0.930	0.013932	126x126+379+229	0.042674	eeeeeeedabbeeaedcadba87aeaefcbeebace	0.000000		0.000000	0.000052	0.000000	0.000000	0.000000	0.040748	0.000000
517	1786607383589	456.503	0.879	0.013932	126x126+379+229	0.042674	eeeeeeedabbeeaedcadba87aeaefcbeebace	0.000000		0.000000	0.000052	0.000000	0.000000	0.000000	0.040748	0.000000
518	1786607384473	457.387	0.884	0.013932	126x126+379+229	0.042674	eeeeeeedabbeeaedcadba87aeaefcbeebace	0.000000		0.000000	0.000052	0.000000	0.000000	0.000000	0.039623	0.000000
519	1786607385362	458.276	0.876	0.013932	126x126+379+229	0.042674	eeeeeeedabbeeaedcadba87aeaefcbeebace	0.000000		0.000000	0.000052	0.000000	0.000000	0.000000	0.039623	0.000000
520	1786607386243	459.157	0.845	0.013932	126x126+379+229	0.042674	eeeeeeedabbeeaedcadba87aeaefcbeebace	0.000000		0.000000	0.000052	0.000000	0.000000	0.000000	0.039623	0.000000
521	1786607387093	460.008	0.831	0.013932	126x126+379+229	0.042674	eeeeeeedabbeeaedcadba87aeaefcbeebace	0.000000		0.000000	0.000052	0.000000	0.000000	0.000000	0.039623	0.000000
522	1786607387929	460.843	0.875	0.013932	126x126+379+229	0.042674	eeeeeeedabbeeaedcadba87aeaefcbeebace	0.000000		0.000000	0.000052	0.000000	0.000000	0.000000	0.039623	0.000000
523	1786607388808	461.723	0.875	0.013932	126x126+379+229	0.042674	eeeeeeedabbeeaedcadba87aeaefcbeebace	0.000000		0.000000	0.000052	0.000000	0.000000	0.000000	0.040811	0.000000
524	1786607389687	462.602	0.861	0.013932	126x126+379+229	0.042674	eeeeeeedabbeeaedcadba87aeaefcbeebace	0.000000		0.000000	0.000052	0.000000	0.000000	0.000000	0.040811	0.000000
525	1786607390553	463.468	0.885	0.013932	126x126+379+229	0.042674	eeeeeeedabbeeaedcadba87aeaefcbeebace	0.000000		0.000000	0.000052	0.000000	0.000000	0.000000	0.040811	0.000000
526	1786607391442	464.357	0.870	0.013932	126x126+379+229	0.042674	eeeeeeedabbeeaedcadba87aeaefcbeebace	0.000000		0.000000	0.000052	0.000000	0.000000	0.000000	0.040811	0.000000
527	1786607392317	465.231	0.871	0.013932	126x126+379+229	0.042674	eeeeeeedabbeeaedcadba87aeaefcbeebace	0.000000		0.000000	0.000052	0.000000	0.000000	0.000000	0.040811	0.000000
528	1786607393192	466.107	0.887	0.013932	126x126+379+229	0.042674	eeeeeeedabbeeaedcadba87aeaefcbeebace	0.000000		0.000000	0.000052	0.000000	0.000000	0.000000	0.031210	0.000000
529	1786607394085	467.000	0.919	0.013932	126x126+379+229	0.042674	eeeeeeedabbeeaedcadba87aeaefcbeebace	0.000000		0.000000	0.000052	0.000000	0.000000	0.000000	0.038371	0.000000
530	1786607395009	467.924	0.897	0.013932	126x126+379+229	0.042674	eeeeeeedabbeeaedcadba87aeaefcbeebace	0.000000		0.000000	0.000052	0.000000	0.000000	0.000000	0.038371	0.000000
531	1786607395911	468.825	0.899	0.013932	126x126+379+229	0.042674	eeeeeeedabbeeaedcadba87aeaefcbeebace	0.000000		0.000000	0.000052	0.000000	0.000000	0.000000	0.038371	0.000000
532	1786607396815	469.729	0.895	0.013932	126x126+379+229	0.042674	eeeeeeedabbeeaedcadba87aeaefcbeebace	0.000000		0.000000	0.000052	0.000000	0.000000	0.000000	0.038371	0.000000
533	1786607397715	470.630	0.892	0.013932	126x126+379+229	0.042674	eeeeeeedabbeeaedcadba87aeaefcbeebace	0.000000		0.000000	0.000052	0.000000	0.000000	0.000000	0.038371	0.000000
534	1786607398612	471.526	0.874	0.013932	126x126+379+229	0.042674	eeeeeeedabbeeaedcadba87aeaefcbeebace	0.000000		0.000000	0.000052	0.000000	0.000000	0.000000	0.038720	0.000000
535	1786607399491	472.405	0.898	0.013932	126x126+379+229	0.042674	eeeeeeedabbeeaedcadba87aeaefcbeebace	0.000000		0.000000	0.000052	0.000000	0.000000	0.000000	0.038530	0.000000
536	1786607400394	473.308	0.903	0.013932	126x126+379+229	0.042674	eeeeeeedabbeeaedcadba87aeaefcbeebace	0.000000		0.000000	0.000052	0.000000	0.000000	0.000000	0.038530	0.000000
537	1786607401302	474.217	0.853	0.013932	126x126+379+229	0.042674	eeeeeeedabbeeaedcadba87aeaefcbeebace	0.000000		0.000000	0.000052	0.000000	0.000000	0.000000	0.038530	0.000000
538	1786607402160	475.075	0.901	0.013932	126x126+379+229	0.042674	eeeeeeedabbeeaedcadba87aeaefcbeebace	0.000000		0.000000	0.000052	0.000000	0.000000	0.000000	0.038530	0.000000
539	1786607403066	475.981	0.846	0.013932	126x126+379+229	0.042674	eeeeeeedabbeeaedcadba87aeaefcbeebace	0.000000		0.000000	0.000052	0.000000	0.000000	0.000000	0.032018	0.000000
540	1786607403917	476.832	0.904	0.013932	126x126+379+229	0.042674	eeeeeeedabbeeaedcadba87aeaefcbeebace	0.000000		0.000000	0.000052	0.000000	0.000000	0.000000	0.032018	0.000000
541	1786607404826	477.741	0.903	0.013932	126x126+379+229	0.042674	eeeeeeedabbeeaedcadba87aeaefcbeebace	0.000000		0.000000	0.000052	0.000000	0.000000	0.000000	0.032018	0.000000
542	1786607405734	478.648	0.875	0.013932	126x126+379+229	0.042674	eeeeeeedabbeeaedcadba87aeaefcbeebace	0.000000		0.000000	0.000052	0.000000	0.000000	0.000000	0.032018	0.000000
543	1786607406614	479.528	0.862	0.013932	126x126+379+229	0.042674	eeeeeeedabbeeaedcadba87aeaefcbeebace	0.000000		0.000000	0.000052	0.000000	0.000000	0.000000	0.032018	0.000000
544	1786607407480	480.395	0.878	0.013932	126x126+379+229	0.042674	eeeeeeedabbeeaedcadba87aeaefcbeebace	0.000000		0.000000	0.000052	0.000000	0.000000	0.000000	0.032399	0.000000
545	1786607408364	481.279	0.879	0.013932	126x126+379+229	0.042674	eeeeeeedabbeeaedcadba87aeaefcbeebace	0.000000		0.000000	0.000052	0.000000	0.000000	0.000000	0.031210	0.000000
546	1786607409248	482.162	0.875	0.013932	126x126+379+229	0.042674	eeeeeeedabbeeaedcaeba87aeaefcbeebace	0.000000		0.000000	0.000052	0.000000	0.000000	0.000000	0.031210	0.000000
547	1786607410128	483.042	0.875	0.013932	126x126+379+229	0.042674	eeeeeeedabbeeaedcadba87aeaefcbeebace	0.000000		0.000000	0.000052	0.000000	0.000000	0.000000	0.031210	0.000000
548	1786607411008	483.922	0.895	0.013932	126x126+379+229	0.042674	eeeeeeedabbeeaedcadba87aeaefcbeebace	0.000000		0.000000	0.000052	0.000000	0.000000	0.000000	0.031210	0.000000
549	1786607411908	484.822	0.875	0.013932	126x126+379+229	0.042674	eeeeeeedabbeeaedcadba87aeaefcbeebace	0.000000		0.000000	0.000052	0.000000	0.000000	0.000000	0.031210	0.000000
550	1786607412787	485.702	0.895	0.013932	126x126+379+229	0.042674	eeeeeeedabbeeaedcadba87aeaefcbeebace	0.000000		0.000000	0.000052	0.000000	0.000000	0.000000	0.031210	0.000000
551	1786607413687	486.602	0.892	0.013932	126x126+379+229	0.042674	eeeeeeedabbeeaedcadba87aeaefcbeebace	0.000000		0.000000	0.000052	0.000000	0.000000	0.000000	0.031210	0.000000
552	1786607414584	487.498	0.926	0.013932	126x126+379+229	0.042674	eeeeeeedabbeeaedcadba87aeaefcbeebace	0.000000		0.000000	0.000052	0.000000	0.000000	0.000000	0.031210	0.000000
553	1786607415515	488.429	0.863	0.013932	126x126+379+229	0.042674	eeeeeeedabbeeaedcadba87aeaefcbeebace	0.000000		0.000000	0.000052	0.000000	0.000000	0.000000	0.031147	0.000000
554	1786607416383	489.298	0.860	0.013932	126x126+379+229	0.042674	eeeeeeedabbeeaedcaeba87aeaefcbeebace	0.000000		0.000000	0.000052	0.000000	0.000000	0.000000	0.026046	0.000000
555	1786607417248	490.163	0.880	0.013932	126x126+379+229	0.042674	eeeeeeedabbeeaedcadba87aeaefcbeebace	0.000000		0.000000	0.000052	0.000000	0.000000	0.000000	0.026046	0.000000
556	1786607418132	491.047	0.903	0.013932	126x126+379+229	0.042674	eeeeeeedabbeeaedcadba87aeaefcbeebace	0.000000		0.000000	0.000052	0.000000	0.000000	0.000000	0.026046	0.000000
557	1786607419041	491.955	0.917	0.013932	126x126+379+229	0.042674	eeeeeeedabbeeaedcadba87aeaefcbeebace	0.000000		0.000000	0.000052	0.000000	0.000000	0.000000	0.026046	0.000000
558	1786607419962	492.876	0.844	0.013932	126x126+379+229	0.042674	eeeeeeedabbeeaedcadba87aeaefcbeebace	0.000000		0.000000	0.000052	0.000000	0.000000	0.000000	0.026046	0.000000
559	1786607420811	493.725	0.903	0.013932	126x126+379+229	0.042674	eeeeeeedabbeeaedcadba87aeaefcbeebace	0.000000		0.000000	0.000052	0.000000	0.000000	0.000000	0.026046	0.000000
560	1786607421719	494.633	0.888	0.013932	126x126+379+229	0.042674	eeeeeeedabbeeaedcadba87aeaefcbeebace	0.000000		0.000000	0.000052	0.000000	0.000000	0.000000	0.032399	0.000000
561	1786607422612	495.527	0.878	0.013932	126x126+379+229	0.042674	eeeeeeedabbeeaedcadba87aeaefcbeebace	0.000000		0.000000	0.000052	0.000000	0.000000	0.000000	0.031305	0.000000
562	1786607423495	496.410	0.917	0.013932	126x126+379+229	0.042674	eeeeeeedabbeeaedcaeba87aeaefcbeebace	0.000000		0.000000	0.000052	0.000000	0.000000	0.000000	0.031305	0.000000
563	1786607424418	497.332	0.860	0.013932	126x126+379+229	0.042674	eeeeeeedabbeeaedcadba87aeaefcbeebace	0.000000		0.000000	0.000052	0.000000	0.000000	0.000000	0.031305	0.000000
564	1786607425282	498.197	0.878	0.013932	126x126+379+229	0.042674	eeeeeeedabbeeaedcadba87aeaefcbeebace	0.000000		0.000000	0.000052	0.000000	0.000000	0.000000	0.032399	0.000000
565	1786607426166	499.080	0.882	0.013932	126x126+379+229	0.042674	eeeeeeedabbeeaedcadba87aeaefcbeebace	0.000000		0.000000	0.000052	0.000000	0.000000	0.000000	0.031305	0.000000
566	1786607427052	499.966	0.873	0.013932	126x126+379+229	0.042674	eeeeeeedabbeeaedcadba87aeaefcbeebace	0.000000		0.000000	0.000052	0.000000	0.000000	0.000000	0.031305	0.000000
567	1786607427930	500.845	0.881	0.013932	126x126+379+229	0.042674	eeeeeeedabbeeaedcadba87aeaefcbeebace	0.000000		0.000000	0.000052	0.000000	0.000000	0.000000	0.026046	0.000000
568	1786607428815	501.730	0.862	0.013932	126x126+379+229	0.042674	eeeeeeedabbeeaedcadba87aeaefcbeebace	0.000000		0.000000	0.000052	0.000000	0.000000	0.000000	0.035409	0.000000
569	1786607429682	502.597	0.863	0.013932	126x126+379+229	0.042674	eeeeeeedabbeeaedcaeba87aeaefcbeebace	0.000000		0.000000	0.000052	0.000000	0.000000	0.000000	0.035409	0.000000
570	1786607430550	503.465	0.881	0.013932	126x126+379+229	0.042674	eeeeeeedabbeeaedcadba87aeaefcbeebace	0.000000		0.000000	0.000052	0.000000	0.000000	0.000000	0.035409	0.000000
571	1786607431437	504.351	0.901	0.013932	126x126+379+229	0.042674	eeeeeeedabbeeaedcadba87aeaefcbeebace	0.000000		0.000000	0.000052	0.000000	0.000000	0.000000	0.035409	0.000000
572	1786607432342	505.257	0.890	0.013932	126x126+379+229	0.042674	eeeeeeedabbeeaedcadba87aeaefcbeebace	0.000000		0.000000	0.000052	0.000000	0.000000	0.000000	0.035409	0.000000
573	1786607433238	506.152	0.873	0.013932	126x126+379+229	0.042674	eeeeeeedabbeeaedcadba87aeaefcbeebace	0.000000		0.000000	0.000052	0.000000	0.000000	0.000000	0.038435	0.000000
574	1786607434115	507.030	0.869	0.013932	126x126+379+229	0.042674	eeeeeeedabbeeaedcadba87aeaefcbeebace	0.000000		0.000000	0.000052	0.000000	0.000000	0.000000	0.038371	0.000000
575	1786607434990	507.905	0.898	0.013932	126x126+379+229	0.042674	eeeeeeedabbeeaedcadba87aeaefcbeebace	0.000000		0.000000	0.000052	0.000000	0.000000	0.000000	0.038371	0.000000
576	1786607435893	508.807	0.845	0.013932	126x126+379+229	0.042674	eeeeeeedabbeeaedcadba87aeaefcbeebace	0.000000		0.000000	0.000052	0.000000	0.000000	0.000000	0.038371	0.000000
577	1786607436743	509.658	0.904	0.013932	126x126+379+229	0.042674	eeeeeeedabbeeaedcadba87aeaefcbeebace	0.000000		0.000000	0.000052	0.000000	0.000000	0.000000	0.038371	0.000000
578	1786607437652	510.566	0.897	0.013932	126x126+379+229	0.042674	eeeeeeedabbeeaedcadba87aeaefcbeebace	0.000000		0.000000	0.000052	0.000000	0.000000	0.000000	0.038371	0.000000
579	1786607438554	511.468	0.915	0.013932	126x126+379+229	0.042674	eeeeeeedabbeeaedcadba87aeaefcbeebace	0.000000		0.000000	0.000052	0.000000	0.000000	0.000000	0.038530	0.000000
580	1786607439474	512.388	0.880	0.013932	126x126+379+229	0.042674	eeeeeeedabbeeaedcadba87aeaefcbeebace	0.000000		0.000000	0.000052	0.000000	0.000000	0.000000	0.038530	0.000000
581	1786607440358	513.273	0.890	0.013932	126x126+379+229	0.042674	eeeeeeedabbeeaedcadba87aeaefcbeebace	0.000000		0.000000	0.000052	0.000000	0.000000	0.000000	0.038530	0.000000
582	1786607441253	514.168	0.878	0.013932	126x126+379+229	0.042674	eeeeeeedabbeeaedcadba87aeaefcbeebace	0.000000		0.000000	0.000052	0.000000	0.000000	0.000000	0.038530	0.000000
583	1786607442137	515.052	0.871	0.013932	126x126+379+229	0.042674	eeeeeeedabbeeaedcadba87aeaefcbeebace	0.000000		0.000000	0.000052	0.000000	0.000000	0.000000	0.039623	0.000000
584	1786607443013	515.928	0.853	0.013932	126x126+379+229	0.042674	eeeeeeedabbeeaedcadba87aeaefcbeebace	0.000000		0.000000	0.000052	0.000000	0.000000	0.000000	0.033270	0.000000
585	1786607443872	516.786	0.882	0.013932	126x126+379+229	0.042674	eeeeeeedabbeeaedcadba87aeaefcbeebace	0.000000		0.000000	0.000052	0.000000	0.000000	0.000000	0.033270	0.000000
586	1786607444758	517.673	0.880	0.013932	126x126+379+229	0.042674	eeeeeeedabbeeaedcadba87aeaefcbeebace	0.000000		0.000000	0.000052	0.000000	0.000000	0.000000	0.033270	0.000000
587	1786607445644	518.558	0.929	0.013932	126x126+379+229	0.042674	eeeeeeedabbeeaedcadba87aeaefcbeebace	0.000000		0.000000	0.000052	0.000000	0.000000	0.000000	0.033270	0.000000
588	1786607446577	519.492	0.873	0.013932	126x126+379+229	0.042674	eeeeeeedabbeeaedcadba87aeaefcbeebace	0.000000		0.000000	0.000052	0.000000	0.000000	0.000000	0.039243	0.000000
589	1786607447455	520.370	0.878	0.013932	126x126+379+229	0.042674	eeeeeeedabbeeaedcadba87aeaefcbeebace	0.000000		0.000000	0.000052	0.000000	0.000000	0.000000	0.040748	0.000000
590	1786607448338	521.253	0.877	0.013932	126x126+379+229	0.042674	eeeeeeedabbeeaedcadba87aeaefcbeebace	0.000000		0.000000	0.000052	0.000000	0.000000	0.000000	0.040748	0.000000
591	1786607449220	522.134	0.896	0.013932	126x126+379+229	0.042674	eeeeeeedabbeeaedcadba87aeaefcbeebace	0.000000		0.000000	0.000052	0.000000	0.000000	0.000000	0.040748	0.000000
592	1786607450120	523.035	0.935	0.013932	126x126+379+229	0.042674	eeeeeeedabbeeaedcadba87aeaefcbeebace	0.000000		0.000000	0.000052	0.000000	0.000000	0.000000	0.040748	0.000000
593	1786607451061	523.975	0.896	0.013932	126x126+379+229	0.042674	eeeeeeedabbeeaedcadba87aeaefcbeebace	0.000000		0.000000	0.000052	0.000000	0.000000	0.000000	0.031147	0.000000
594	1786607451961	524.876	0.896	0.013932	126x126+379+229	0.042674	eeeeeeedabbeeaedcadba87aeaefcbeebace	0.000000		0.000000	0.000052	0.000000	0.000000	0.000000	0.031147	0.000000
595	1786607452862	525.777	0.884	0.013932	126x126+379+229	0.042674	eeeeeeedabbeeaedcadba87aeaefcbeebace	0.000000		0.000000	0.000052	0.000000	0.000000	0.000000	0.031147	0.000000
596	1786607453751	526.666	0.898	0.013932	126x126+379+229	0.042674	eeeeeeedabbeeaedcadba87aeaefcbeebace	0.000000		0.000000	0.000052	0.000000	0.000000	0.000000	0.040748	0.000000
597	1786607454655	527.569	0.929	0.013932	126x126+379+229	0.042674	eeeeeeedabbeeaedcadba87aeaefcbeebace	0.000000		0.000000	0.000052	0.000000	0.000000	0.000000	0.040748	0.000000
598	1786607455589	528.503	0.908	0.013932	126x126+379+229	0.042674	eeeeeeedabbeeaedcadba87aeaefcbeebace	0.000000		0.000000	0.000052	0.000000	0.000000	0.000000	0.040748	0.000000
599	1786607456501	529.416	0.915	0.013932	126x126+379+229	0.042674	eeeeeeedabbeeaedcadba87aeaefcbeebace	0.000000		0.000000	0.000052	0.000000	0.000000	0.000000	0.039243	0.000000
600	1786607457421	530.335	0.876	0.013932	126x126+379+229	0.042674	eeeeeeedabbeeaedcadba87aeaefcbeebace	0.000000		0.000000	0.000052	0.000000	0.000000	0.000000	0.033270	0.000000
601	1786607458302	531.216	0.857	0.013932	126x126+379+229	0.042674	eeeeeeedabbeeaedcadba87aeaefcbeebace	0.000000		0.000000	0.000052	0.000000	0.000000	0.000000	0.033270	0.000000
602	1786607459163	532.078	0.900	0.013932	126x126+379+229	0.042674	eeeeeeedabbeeaedcadba87aeaefcbeebace	0.000000		0.000000	0.000052	0.000000	0.000000	0.000000	0.033270	0.000000
603	1786607460068	532.983	0.911	0.013932	126x126+379+229	0.042674	eeeeeeedabbeeaedcadba87aeaefcbeebace	0.000000		0.000000	0.000052	0.000000	0.000000	0.000000	0.033270	0.000000
604	1786607460984	533.898	0.937	0.013932	126x126+379+229	0.042674	eeeeeeedabbeeaedcadba87aeaefcbeebace	0.000000		0.000000	0.000052	0.000000	0.000000	0.000000	0.031147	0.000000
605	1786607461926	534.841	0.921	0.013932	126x126+379+229	0.042674	eeeeeeedabbeeaedcadba87aeaefcbeebace	0.000000		0.000000	0.000052	0.000000	0.000000	0.000000	0.038371	0.000000
606	1786607462852	535.766	0.840	0.013932	126x126+379+229	0.042674	eeeeeeedabbeeaedcadba87aeaefcbeebace	0.000000		0.000000	0.000052	0.000000	0.000000	0.000000	0.038371	0.000000
607	1786607463697	536.612	0.862	0.013932	126x126+379+229	0.042674	eeeeeeedabbeeaedcadba87aeaefcbeebace	0.000000		0.000000	0.000052	0.000000	0.000000	0.000000	0.038371	0.000000
608	1786607464564	537.478	0.875	0.013932	126x126+379+229	0.042674	eeeeeeedabbeeaedcadba87aeaefcbeebace	0.000000		0.000000	0.000052	0.000000	0.000000	0.000000	0.038308	0.000000
609	1786607465443	538.358	0.888	0.013932	126x126+379+229	0.042674	eeeeeeedabbeeaedcadba87aeaefcbeebace	0.000000		0.000000	0.000052	0.000000	0.000000	0.000000	0.038308	0.000000
610	1786607466336	539.250	0.879	0.013932	126x126+379+229	0.042674	eeeeeeedabbeeaedcadba87aeaefcbeebace	0.000000		0.000000	0.000052	0.000000	0.000000	0.000000	0.038308	0.000000
611	1786607467220	540.135	0.926	0.013932	126x126+379+229	0.042674	eeeeeeedabbeeaedcadba87aeaefcbeebace	0.000000		0.000000	0.000052	0.000000	0.000000	0.000000	0.038308	0.000000
612	1786607468151	541.066	0.898	0.013932	126x126+379+229	0.042674	eeeeeeedabbeeaedcadba87aeaefcbeebace	0.000000		0.000000	0.000052	0.000000	0.000000	0.000000	0.038657	0.000000
613	1786607469055	541.969	0.888	0.013932	126x126+379+229	0.042674	eeeeeeedabbeeaedcadba87aeaefcbeebace	0.000000		0.000000	0.000052	0.000000	0.000000	0.000000	0.038308	0.000000
614	1786607469947	542.861	0.883	0.013932	126x126+379+229	0.042674	eeeeeeedabbeeaedcadba87aeaefcbeebace	0.000000		0.000000	0.000052	0.000000	0.000000	0.000000	0.038308	0.000000
615	1786607470834	543.749	0.884	0.013932	126x126+379+229	0.042674	eeeeeeedabbeeaedcadba87adaefcbeebace	0.010755	138x104+194+245	0.075651	0.000052	0.000000	0.442667	0.000000	0.038308	0.000000
616	1786607471723	544.638	0.890	0.013932	126x126+379+229	0.042674	eeeeeeedabbeeaedcadba87adaefcbeebace	0.010755	138x104+194+245	0.075651	0.000052	0.000000	0.442667	0.000000	0.038308	0.000000
617	1786607472619	545.533	0.874	0.013932	126x126+379+229	0.042674	eeeeeeedabbeeaedcadba87adaefcbeebace	0.010755	138x104+194+245	0.075651	0.000052	0.000000	0.442667	0.000000	0.038371	0.000000
618	1786607473498	546.413	0.879	0.013932	126x126+379+229	0.042674	eeeeeeedabbeeaedcadba87adaefcbeebace	0.010755	139x104+194+245	0.075781	0.000052	0.000000	0.443429	0.000000	0.042633	0.000000
619	1786607474382	547.297	0.924	0.013932	126x126+379+229	0.042674	eeeeeeedabbeeaedcadba87adaefcbeebace	0.010755	139x104+194+245	0.075788	0.000052	0.000000	0.443467	0.000000	0.042633	0.000000
620	1786607475311	548.226	0.912	0.013932	126x126+379+229	0.042674	eeeeeeedabbeeaedcadba87adaefcbeebace	0.009795	131x104+194+245	0.076930	0.000052	0.000000	0.450152	0.000000	0.042633	0.000000
621	1786607476229	549.144	0.901	0.013932	126x126+379+229	0.042674	eeeeeeedabbeeaedcadba87adaefcbeebace	0.009795	131x104+194+245	0.076930	0.000052	0.000000	0.450152	0.000000	0.042633	0.000000
622	1786607477135	550.049	0.886	0.013932	126x126+379+229	0.042674	eeeeeeedabbeeaedcadba87adaefcbeebace	0.011061	138x104+194+245	0.075384	0.000052	0.000000	0.441105	0.000000	0.039243	0.000000
623	1786607478026	550.940	0.878	0.013932	126x126+379+229	0.042674	eeeeeeedabbeeaedcadba87adaefcbeebace	0.011061	138x104+194+245	0.075384	0.000052	0.000000	0.441105	0.000000	0.039243	0.000000
624	1786607478908	551.823	0.886	0.013932	126x126+379+229	0.042674	eeeeeeedabbeeaedcadba87adaefcbeebace	0.011061	138x104+194+245	0.075381	0.000052	0.000000	0.441086	0.000000	0.039243	0.000000
625	1786607479800	552.714	0.863	0.013932	126x126+379+229	0.042674	eeeeeeedabbeeaedcadba87adaefcbeebace	0.011061	138x104+194+245	0.075371	0.000052	0.000000	0.441029	0.000000	0.039243	0.000000
626	1786607480668	553.582	0.904	0.013932	126x126+379+229	0.042674	eeeeeeedabbeeaedcadba87adaefcbeebace	0.011061	138x104+194+245	0.075358	0.000052	0.000000	0.440952	0.000000	0.039243	0.000000
627	1786607481577	554.491	0.917	0.013932	126x126+379+229	0.042674	eeeeeeedabbeeaedcadba87adaefcbeebace	0.011061	138x104+194+245	0.075358	0.000052	0.000000	0.440952	0.000000	0.031147	0.000000
628	1786607482499	555.414	0.906	0.013932	126x126+379+229	0.042674	eeeeeeedabbeeaedcadba87adaefcbeebace	0.011061	138x104+194+245	0.075358	0.000052	0.000000	0.440952	0.000000	0.031147	0.000000
629	1786607483410	556.325	0.920	0.013932	126x126+379+229	0.042674	eeeeeeedabbeeaedcadba87adaefcbeebace	0.011061	138x104+194+245	0.075358	0.000052	0.000000	0.440952	0.000000	0.031147	0.000000
630	1786607484335	557.250	0.854	0.013932	126x126+379+229	0.042674	eeeeeeedabbeeaedcadba87adaefcbeebace	0.011061	138x104+194+245	0.075358	0.000052	0.000000	0.440952	0.000000	0.038371	0.000000
631	1786607485194	558.109	0.878	0.013932	126x126+379+229	0.042674	eeeeeeedabbeeaedcadba87adaefcbeebace	0.011061	138x104+194+245	0.075358	0.000052	0.000000	0.440952	0.000000	0.038371	0.000000
632	1786607486077	558.991	0.905	0.013932	126x126+379+229	0.042674	eeeeeeedabbeeaedcadba87adaefcbeebace	0.011061	138x104+194+245	0.075358	0.000052	0.000000	0.440952	0.000000	0.038371	0.000000
633	1786607486987	559.902	0.885	0.013932	126x126+379+229	0.042674	eeeeeeedabbeeaedcadba87adaefcbeebace	0.011061	138x104+194+245	0.075358	0.000052	0.000000	0.440952	0.000000	0.038371	0.000000
634	1786607487877	560.792	0.851	0.013932	126x126+379+229	0.042674	eeeeeeedabbeeaedcadba87adaefcbeebace	0.011061	138x104+194+245	0.075358	0.000052	0.000000	0.440952	0.000000	0.038371	0.000000
635	1786607488734	561.648	0.909	0.013932	126x126+379+229	0.042674	eeeeeeedabbeeaedcadba87adaefcbeebace	0.011061	138x104+194+245	0.075358	0.000052	0.000000	0.440952	0.000000	0.038371	0.000000
636	1786607489648	562.562	0.904	0.013932	126x126+379+229	0.042674	eeeeeeedabbeeaedcadba87adaefcbeebace	0.011061	138x104+194+245	0.075358	0.000052	0.000000	0.440952	0.000000	0.038371	0.000000
637	1786607490557	563.472	0.922	0.013932	126x126+379+229	0.042674	eeeeeeedabbeeaedcadba87adaefcbeebace	0.011061	138x104+194+245	0.075358	0.000052	0.000000	0.440952	0.000000	0.038308	0.000000
638	1786607491484	564.398	0.892	0.013932	126x126+379+229	0.042674	eeeeeeedabbeeaedcadba87adaefcbeebace	0.011061	138x104+194+245	0.075358	0.000052	0.000000	0.440952	0.000000	0.038308	0.000000
639	1786607492381	565.296	0.914	0.013932	126x126+379+229	0.042674	eeeeeeedabbeeaedcadba87adaefcbeebace	0.011061	138x104+194+245	0.075358	0.000052	0.000000	0.440952	0.000000	0.038308	0.000000
640	1786607493300	566.214	0.909	0.013932	126x126+379+229	0.042674	eeeeeeedabbeeaedcadba87adaefcbeebace	0.011061	138x104+194+245	0.075358	0.000052	0.000000	0.440952	0.000000	0.038308	0.000000
641	1786607494214	567.129	0.887	0.013932	126x126+379+229	0.042674	eeeeeeedabbeeaedcadba87adaefcbeebace	0.009795	131x104+194+245	0.076901	0.000052	0.000000	0.449981	0.000000	0.038308	0.000000
642	1786607495106	568.021	0.874	0.013932	126x126+379+229	0.042674	eeeeeeedabbeeaedcadba87adaefcbeebace	0.009795	131x104+194+245	0.076901	0.000052	0.000000	0.449981	0.000000	0.038308	0.000000
643	1786607495986	568.900	0.872	0.013932	126x126+379+229	0.042674	eeeeeeedabbeeaedcadba87adaefcbeebace	0.009795	131x104+194+245	0.076901	0.000052	0.000000	0.449981	0.000000	0.038308	0.000000
644	1786607496862	569.777	0.875	0.013932	126x126+379+229	0.042674	eeeeeeedabbeeaedcadba87adaefcbeebace	0.009795	131x104+194+245	0.076901	0.000052	0.000000	0.449981	0.000000	0.038371	0.000000
645	1786607497743	570.658	0.897	0.013932	126x126+379+229	0.042674	eeeeeeedabbedaedcadba87adaefcbeebace	0.009795	131x104+194+245	0.076901	0.000052	0.000000	0.449981	0.000000	0.038371	0.000000
646	1786607498645	571.559	0.864	0.013932	126x126+379+229	0.042674	eeeeeeedabbeeaedcadba87adaefcbeebace	0.009795	131x104+194+245	0.076901	0.000052	0.000000	0.449981	0.000000	0.038371	0.000000
647	1786607499514	572.429	0.911	0.013932	126x126+379+229	0.042674	eeeeeeedabbeeaedcadba87adaefcbeebace	0.009795	131x104+194+245	0.076901	0.000052	0.000000	0.449981	0.000000	0.038371	0.000000
648	1786607500430	573.344	0.913	0.013932	126x126+379+229	0.042674	eeeeeeedabbeeaedcadba87adaefcbeebace	0.009795	131x104+194+245	0.076901	0.000052	0.000000	0.449981	0.000000	0.038371	0.000000
649	1786607501349	574.263	0.892	0.013932	126x126+379+229	0.042674	eeeeeeedabbeeaedcadba87adaefcbeebace	0.009795	131x104+194+245	0.076901	0.000052	0.000000	0.449981	0.000000	0.038371	0.000000
650	1786607502245	575.160	0.881	0.013932	126x126+379+229	0.042674	eeeeeeedabbeeaedcadba87adaefcbeebace	0.009795	131x104+194+245	0.076901	0.000052	0.000000	0.449981	0.000000	0.038308	0.000000
651	1786607503132	576.047	0.926	0.013932	126x126+379+229	0.042674	eeeeeeedabbeeaedcadba87adaefcbeebace	0.009795	131x104+194+245	0.076901	0.000052	0.000000	0.449981	0.000000	0.038657	0.000000
652	1786607504064	576.978	0.877	0.013932	126x126+379+229	0.042674	eeeeeeedabbeeaedcadba87adaefcbeebace	0.009795	131x104+194+245	0.076901	0.000052	0.000000	0.449981	0.000000	0.038657	0.000000
653	1786607504947	577.861	0.895	0.013932	126x126+379+229	0.042674	eeeeededabbeeaedcadba87adaefcbeebace	0.009795	131x104+194+245	0.076901	0.000052	0.000000	0.449981	0.000000	0.038657	0.000000
654	1786607505847	578.761	0.871	0.013932	126x126+379+229	0.042674	eeeedeedabbdeaedcadba87adaefcbeebace	0.009795	131x104+194+245	0.076898	0.000052	0.000000	0.449962	0.000000	0.039179	0.000000
655	1786607506724	579.638	0.905	0.013932	126x126+379+229	0.042674	eeeeeeedabbeeaedcadba87adaefcbeebace	0.009795	131x104+194+245	0.076895	0.000052	0.000000	0.449943	0.000000	0.041096	0.000000
656	1786607507633	580.548	0.917	0.013932	126x126+379+229	0.042674	eeeeeeedabbeeaedcadba87adaefcbeebace	0.009795	131x104+194+245	0.076895	0.000052	0.000000	0.449943	0.000000	0.041096	0.000000
657	1786607508556	581.470	0.901	0.013932	126x126+379+229	0.042674	eeeeeeedabbeeaedcadba87adaefcbeebacd	0.010755	139x104+194+245	0.075752	0.000052	0.000000	0.443257	0.000000	0.038657	0.000000
658	1786607509463	582.378	0.868	0.013932	126x126+379+229	0.042674	eeeeeeedabbeeaedcadba87adaefcbeebace	0.010755	139x104+194+245	0.075758	0.000052	0.000000	0.443295	0.000000	0.039005	0.000000
659	1786607510338	583.252	0.917	0.013932	126x126+379+229	0.042674	eeeeeeedabbeeaedcadba87adaefcbeebace	0.010755	139x104+194+245	0.075758	0.000052	0.000000	0.443295	0.000000	0.039005	0.000000
660	1786607511260	584.174	0.886	0.013932	126x126+379+229	0.042674	eeeeededabbeeaedcadba87adaefcbeebace	0.010755	139x104+194+245	0.075758	0.000052	0.000000	0.443295	0.000000	0.039005	0.000000
661	1786607512152	585.066	0.896	0.013932	126x126+379+229	0.042674	eeeeeeedabbdeaedcadba87adaefcbeebace	0.010755	139x104+194+245	0.075758	0.000052	0.000000	0.443295	0.000000	0.038815	0.000000
662	1786607513053	585.967	0.916	0.013932	126x126+379+229	0.042674	eeeeeeedabbeeaedcadba87adaefcbeebace	0.010755	138x104+194+245	0.075762	0.000052	0.000000	0.442667	0.000000	0.038815	0.000000
663	1786607513975	586.889	0.909	0.013932	126x126+379+229	0.042674	eeeeeeedabbeeaedcadba87adaefcbeebace	0.010755	138x104+194+245	0.075775	0.000052	0.000000	0.442667	0.000000	0.038815	0.000000
664	1786607514889	587.803	0.869	0.013932	126x126+379+229	0.042674	eeeeeeedabbeeaedcadba87adaefcbeebacd	0.010755	138x104+194+245	0.075843	0.000052	0.000000	0.442667	0.000000	0.038815	0.000000
665	1786607515764	588.678	0.877	0.013932	126x126+379+229	0.042674	eeeeeeedabbeeaedcadba87adaefcbeebace	0.010755	138x104+194+245	0.075924	0.000052	0.000000	0.442667	0.000000	0.038815	0.000000
666	1786607516645	589.560	0.920	0.013932	126x126+379+229	0.042674	eeeeeeedabbeeaedcadba87adaefcbeebace	0.010749	140x104+194+245	0.076156	0.000052	0.000000	0.443200	0.000000	0.038815	0.000000
667	1786607517571	590.485	0.884	0.013932	126x126+379+229	0.042674	eeeeeeedabbeeaedcadba87adaefcbeebace	0.010749	140x104+194+245	0.076136	0.000052	0.000000	0.443219	0.000000	0.038815	0.000000
668	1786607518460	591.375	0.905	0.013932	126x126+379+229	0.042674	eeeeeeedabbeeaedcadba87adaefcbeebace	0.010749	140x104+194+245	0.076374	0.000052	0.000000	0.443238	0.000000	0.038815	0.000000
669	1786607519370	592.285	0.872	0.013932	126x126+379+229	0.042674	eeeeeeedabbeeaedcadba87adaefcbeebace	0.010749	140x104+194+245	0.076296	0.000052	0.000000	0.443295	0.000000	0.038815	0.000000
670	1786607520247	593.162	0.868	0.013932	126x126+379+229	0.042674	eeeeeeedabbeeaedcadba87adaefcbeebace	0.010749	140x104+194+245	0.076283	0.000052	0.000000	0.443276	0.000000	0.039908	0.000000
671	1786607521121	594.035	0.891	0.013932	126x126+379+229	0.042674	eeeeeeedabbedaedcadba87adaefcbeebace	0.010749	140x104+194+245	0.076143	0.000052	0.000000	0.443543	0.000000	0.039908	0.000000
672	1786607522017	594.931	0.922	0.013932	126x126+379+229	0.042674	eeeeeeedabbedaedcadba87adaefcbeebace	0.010872	139x104+194+245	0.075863	0.000052	0.000000	0.442286	0.000000	0.033555	0.000000
673	1786607522944	595.859	0.896	0.013932	126x126+379+229	0.042674	eeeeeeedabbedaedcadba87adaefcbeebace	0.010872	139x104+194+245	0.075811	0.000052	0.000000	0.442400	0.000000	0.033555	0.000000
674	1786607523845	596.760	0.913	0.013932	126x126+379+229	0.042674	eeeeeeedabbeeaedcadba87adaefcbeebace	0.010872	139x104+194+245	0.075814	0.000052	0.000000	0.441810	0.000000	0.039528	0.000000
675	1786607524764	597.678	0.898	0.013932	126x126+379+229	0.042674	eeeeeeedabbeeaedcadba87adaefcbeebace	0.010872	139x104+194+245	0.075710	0.000052	0.000000	0.441829	0.000000	0.031305	0.000000
676	1786607525667	598.582	0.918	0.013932	126x126+379+229	0.042674	eeeeeeedabbeeaedcadba87adaefcbeebace	0.010957	139x104+194+245	0.075602	0.000052	0.000000	0.441638	0.000000	0.038815	0.000000
677	1786607526591	599.506	0.852	0.013932	126x126+379+229	0.042674	eeeeeeedabbeeaedcadba87adaefcbeebace	0.010957	139x104+194+245	0.075553	0.000052	0.000000	0.441638	0.000000	0.033365	0.000000
678	1786607527448	600.362	0.898	0.013932	126x126+379+229	0.042674	eeeeeeedabbeeaedcadba87adaefcbeebace	0.010957	139x104+194+245	0.075527	0.000052	0.000000	0.441619	0.000000	0.042728	0.000000
679	1786607528351	601.266	0.887	0.013932	126x126+379+229	0.042674	eeeeddedabbeeaedcadba87adaefcbeebace	0.010957	139x104+194+245	0.075469	0.000052	0.000000	0.441600	0.000000	0.039623	0.000000
680	1786607529246	602.160	0.904	0.013932	126x126+379+229	0.042674	eeeeeeedabbdeaedcadba87adaefcbeebace	0.010215	139x104+194+245	0.076393	0.000052	0.000000	0.447010	0.000000	0.039623	0.000000
681	1786607530155	603.070	0.895	0.013932	126x126+379+229	0.042674	eeeeeeedabbeeaedcadba87adaefcbeebace	0.010215	139x104+194+245	0.076406	0.000052	0.000000	0.447086	0.000000	0.039560	0.000000
682	1786607531055	603.970	0.868	0.013932	126x126+379+229	0.042674	eeeeeeedabbeeaedcadba87adaefcbeebace	0.010215	139x104+194+245	0.076400	0.000052	0.000000	0.447048	0.000000	0.039560	0.000000
683	1786607531929	604.843	0.920	0.013932	126x126+379+229	0.042674	eeeeeeedabbeeaedcadba87adaefcbeebace	0.011312	138x104+194+245	0.075042	0.000052	0.000000	0.439105	0.000000	0.039560	0.000000
684	1786607532854	605.768	0.897	0.013932	126x126+379+229	0.042674	eeeeeeedabbeeaedcadba87adaefcbeebacd	0.011312	138x104+194+245	0.075042	0.000052	0.000000	0.439105	0.000000	0.039560	0.000000
685	1786607533756	606.671	0.924	0.013932	126x126+379+229	0.042674	eeeeeeedabbeeaedcadba87adaefcbeebace	0.010882	138x104+194+245	0.075531	0.000052	0.000000	0.441962	0.000000	0.039908	0.000000
686	1786607534685	607.600	0.898	0.013932	126x126+379+229	0.042674	eeeeeeedabbeeaedcadba87adaefcbeebace	0.010882	138x104+194+245	0.075524	0.000052	0.000000	0.441924	0.000000	0.043821	0.000000
687	1786607535589	608.503	0.909	0.013932	126x126+379+229	0.042674	eeeeeeedabbedaedcadba87adaefcbeebace	0.010882	138x104+194+245	0.075524	0.000052	0.000000	0.441924	0.000000	0.043821	0.000000
688	1786607536503	609.417	0.896	0.013932	126x126+379+229	0.042674	eeeeeeedabbedaedcadba87adaefcbeebace	0.010882	138x104+194+245	0.075521	0.000052	0.000000	0.441905	0.000000	0.033207	0.000000
689	1786607537405	610.319	0.936	0.013932	126x126+379+229	0.042674	eeeeeeedabbedaedcadba87adaefcbeebace	0.011055	138x104+194+245	0.075443	0.000052	0.000000	0.441448	0.000000	0.033207	0.000000
690	1786607538345	611.260	0.866	0.013932	126x126+379+229	0.042674	eeeeeeedabbedaedcadba87adaefcbdebace	0.011055	138x104+194+245	0.075446	0.000052	0.000000	0.441467	0.000000	0.028105	0.000000
691	1786607539217	612.131	0.911	0.013932	126x126+379+229	0.042674	eeeeeeedabbedaedcadba87adaefcbdebace	0.009788	131x104+194+245	0.076989	0.000052	0.000000	0.450495	0.000000	0.037468	0.000000
692	1786607540133	613.048	0.932	0.013932	126x126+379+229	0.042674	eeeeeeedabbeeaedcadba87adaefcbeebace	0.009788	131x104+194+245	0.077002	0.000052	0.000000	0.450495	0.000000	0.035409	0.000000
693	1786607541071	613.986	0.886	0.013932	126x126+379+229	0.042674	eeeeeeedabbeeaedcadba87adaefcbeebace	0.010749	139x104+194+245	0.075859	0.000052	0.000000	0.443886	0.000000	0.042633	0.000000
694	1786607541962	614.876	0.878	0.013932	126x126+379+229	0.042674	eeeeeeedabbeeaedcadba87adaefcbeebace	0.010749	139x104+194+245	0.075863	0.000052	0.000000	0.443905	0.000000	0.042918	0.000000
695	1786607542846	615.760	0.890	0.013932	126x126+379+229	0.042674	eeeeeeedabbeeaedcadba87adaefcbeebace	0.010749	138x104+194+245	0.075742	0.000052	0.000000	0.443200	0.000000	0.043821	0.000000
696	1786607543741	616.655	0.877	0.013932	126x126+379+229	0.042674	eeeeeeedabbedaedcadba87adaefcbeebace	0.010749	138x104+194+245	0.075742	0.000052	0.000000	0.443200	0.000000	0.043821	0.000000
697	1786607544624	617.539	0.970	0.013932	126x126+379+229	0.042674	eeeeeeedabbedaedcadba87adaefcbeebace	0.010749	138x104+194+245	0.075752	0.000052	0.000000	0.443257	0.000000	0.043441	0.000000
698	1786607545599	618.514	0.900	0.013932	126x126+379+229	0.042674	eeeeeeedabbedaedcadba87adaefcbeebace	0.010742	140x104+194+245	0.075850	0.000052	0.000000	0.443829	0.000000	0.043441	0.000000
699	1786607546505	619.419	0.882	0.013932	126x126+379+229	0.042674	eeeeeeedabbedaedcadba87adaefcbeebace	0.010866	139x104+194+245	0.075599	0.000052	0.000000	0.442362	0.000000	0.041619	0.000000
700	1786607547392	620.306	0.917	0.013932	126x126+379+229	0.042674	eeeeeeedabbeeaedcadba87adaefcbdebace	0.010866	139x104+194+245	0.075586	0.000052	0.000000	0.442286	0.000000	0.032018	0.000000
701	1786607548315	621.229	0.860	0.013932	126x126+379+229	0.042674	eeeeeeedabbeeaedcadba87adaefcbdebace	0.010951	139x104+194+245	0.075563	0.000052	0.000000	0.442152	0.000000	0.032018	0.000000
702	1786607549180	622.095	0.915	0.013932	126x126+379+229	0.042674	eeeeeeedabbeeaedcadba87adaefcbdebace	0.010951	139x104+194+245	0.075563	0.000052	0.000000	0.442152	0.000000	0.032018	0.000000
703	1786607550101	623.015	0.887	0.013932	126x126+379+229	0.042674	eeeeeeedabbedaedcadba87adaefcbeebace	0.010208	139x104+194+245	0.076484	0.000052	0.000000	0.447543	0.000000	0.039243	0.000000
704	1786607550993	623.908	0.865	0.013932	126x126+379+229	0.042674	eeeeeeedabbedaedcadba87adaefcbeebace	0.010208	139x104+194+245	0.076488	0.000052	0.000000	0.447562	0.000000	0.039243	0.000000
705	1786607551864	624.778	0.878	0.013932	126x126+379+229	0.042674	eeeeeeedabbeeaedcadba87adaefcbeebace	0.010208	139x104+194+245	0.076494	0.000052	0.000000	0.447600	0.000000	0.039243	0.000000
706	1786607552747	625.661	0.859	0.013932	126x126+379+229	0.042674	eeeeeeedabbeeaedcadba87adaefcbeebace	0.011305	138x104+194+245	0.075150	0.000052	0.000000	0.439733	0.000000	0.039243	0.000000
707	1786607553612	626.526	0.922	0.013932	126x126+379+229	0.042674	eeeeeeedabbeeaedcadba87adaefcbeebace	0.011305	138x104+194+245	0.075146	0.000052	0.000000	0.439714	0.000000	0.039243	0.000000
708	1786607554539	627.454	0.899	0.013932	126x126+379+229	0.042674	eeeeeeedabbeeaedcadba87adaefcbeebace	0.010876	138x104+194+245	0.075632	0.000052	0.000000	0.442552	0.000000	0.032018	0.000000
709	1786607555444	628.358	0.862	0.013932	126x126+379+229	0.042674	eeeeeeedabbedaedcadba87adaefcbeebace	0.010876	138x104+194+245	0.075632	0.000052	0.000000	0.442552	0.000000	0.032018	0.000000
710	1786607556310	629.225	0.972	0.013932	126x126+379+229	0.042674	eeeeeeedabbeeaedcadba87adaefcbeebace	0.011178	138x104+194+245	0.075205	0.000052	0.000000	0.440057	0.000000	0.032018	0.000000
711	1786607557288	630.203	0.930	0.013932	126x126+379+229	0.042674	eeeeeeedabbedaedcadba87adaefcbeebace	0.011178	138x104+194+245	0.075205	0.000052	0.000000	0.440057	0.000000	0.032018	0.000000
712	1786607558224	631.138	0.832	0.013932	126x126+379+229	0.042674	eeeeeeedabbedaedcadba87adaefcbeebace	0.009912	131x104+194+245	0.076748	0.000052	0.000000	0.449086	0.000000	0.032018	0.000000
713	1786607559061	631.976	0.896	0.013932	126x126+379+229	0.042674	eeeeeeedabbedaedcadba87adaefcbeebace	0.009912	131x104+194+245	0.076748	0.000052	0.000000	0.449086	0.000000	0.032018	0.000000
714	1786607559962	632.877	0.915	0.013932	126x126+379+229	0.042674	eeeeeeedabbeeaedcadba87adaefcbeebace	0.009912	131x104+194+245	0.076748	0.000052	0.000000	0.449086	0.000000	0.032018	0.000000
715	1786607560882	633.797	0.885	0.013932	126x126+379+229	0.042674	eeeeeeedabbeeaedcadba87adaefcbeebace	0.010872	139x104+194+245	0.075605	0.000052	0.000000	0.442400	0.000000	0.032018	0.000000
716	1786607561772	634.686	0.902	0.013932	126x126+379+229	0.042674	eeeeeeedabbeeaedcadba87adaefcbeebace	0.010872	139x104+194+245	0.075605	0.000052	0.000000	0.442400	0.000000	0.043441	0.000000
717	1786607562679	635.593	0.891	0.013932	126x126+379+229	0.042674	eeeeeeedabbeeaedcadba87adaefcbeebace	0.010872	139x104+194+245	0.075605	0.000052	0.000000	0.442400	0.000000	0.043441	0.000000
718	1786607563574	636.489	0.911	0.013932	126x126+379+229	0.042674	eeeeeeedabbeeaedcadba87adaefcbeebace	0.010872	138x104+194+245	0.075498	0.000052	0.000000	0.441771	0.000000	0.043821	0.000000
719	1786607564491	637.405	0.862	0.013932	126x126+379+229	0.042674	eeeeeeedabbeeaedcadba87adaefcbeebace	0.010872	138x104+194+245	0.075498	0.000052	0.000000	0.441771	0.000000	0.042728	0.000000
720	1786607565358	638.272	0.883	0.013932	126x126+379+229	0.042674	eeeeeeedabbeeaedcadba87adaefcbeebace	0.010872	138x104+194+245	0.075498	0.000052	0.000000	0.441771	0.000000	0.042728	0.000000
721	1786607566246	639.161	0.866	0.013932	126x126+379+229	0.042674	eeeeeeedabbeeaedcadba87adaefcbeebace	0.010872	138x104+194+245	0.075498	0.000052	0.000000	0.441771	0.000000	0.035409	0.000000
722	1786607567116	640.031	0.909	0.013932	126x126+379+229	0.042674	eeeeeeedabbeeaedcadba87adaefcbeebace	0.010872	138x104+194+245	0.075498	0.000052	0.000000	0.441771	0.000000	0.035409	0.000000
723	1786607568031	640.946	0.937	0.013932	126x126+379+229	0.042674	eeeeeeedabbeeaedcadba87adaefcbeebace	0.010866	140x104+194+245	0.075596	0.000052	0.000000	0.442343	0.000000	0.037468	0.000000
724	1786607568973	641.887	0.903	0.013932	126x126+379+229	0.042674	eeeeeeedabbeeaedcadba87adaefcbeebace	0.010866	140x104+194+245	0.075596	0.000052	0.000000	0.442343	0.000000	0.037468	0.000000
725	1786607569881	642.796	0.849	0.013932	126x126+379+229	0.042674	eeeeeeedabbeeaedcadba87adaefcbeebace	0.010866	140x104+194+245	0.075599	0.000052	0.000000	0.442362	0.000000	0.034458	0.000000
726	1786607570735	643.650	0.866	0.013932	126x126+379+229	0.042674	eeeeeeedabbedaedcadba87adaefcbeebace	0.010866	140x104+194+245	0.075596	0.000052	0.000000	0.442343	0.000000	0.033365	0.000000
727	1786607571607	644.521	0.881	0.013932	126x126+379+229	0.042674	deeeeeedabbedaedcadba87adaefcbeebace	0.010990	139x104+194+245	0.075342	0.000052	0.000000	0.440857	0.000000	0.033555	0.000000
728	1786607572493	645.407	0.840	0.013932	126x126+379+229	0.042674	eeeeeeddabbedaedcadba87adaefcbeebace	0.010990	139x104+194+245	0.075345	0.000052	0.000000	0.440876	0.000000	0.033207	0.000000
729	1786607573337	646.252	0.921	0.013932	126x126+379+229	0.042674	eeeeeeedabbedaedcadba87adaefcbeebace	0.010990	139x104+194+245	0.075342	0.000052	0.000000	0.440857	0.000000	0.033207	0.000000
730	1786607574263	647.178	0.898	0.013932	126x126+379+229	0.042674	eeeeeeedabbeeaedcadba87adaefcbeebace	0.010990	139x104+194+245	0.075345	0.000052	0.000000	0.440876	0.000000	0.026046	0.000000
731	1786607575167	648.081	0.924	0.013932	126x126+379+229	0.042674	eeeeeeedabbeeaedcadba87adaefcbdebace	0.010990	139x104+194+245	0.075345	0.000052	0.000000	0.440876	0.000000	0.035646	0.000000
732	1786607576096	649.010	0.876	0.013932	126x126+379+229	0.042674	eeeeeeedabbeeaedcadba87adaefcbeebace	0.010990	139x104+194+245	0.075345	0.000052	0.000000	0.440876	0.000000	0.043821	0.000000
733	1786607576977	649.892	0.902	0.013932	126x126+379+229	0.042674	eeeeeeedabbeeaedcadba87adaefcbeebace	0.010990	139x104+194+245	0.075345	0.000052	0.000000	0.440876	0.000000	0.034458	0.000000
734	1786607577884	650.798	0.914	0.013932	126x126+379+229	0.042674	eeeeeeedabbeeaedcadba87adaefcbeebace	0.010990	139x104+194+245	0.075345	0.000052	0.000000	0.440876	0.000000	0.034458	0.000000
735	1786607578804	651.718	0.914	0.013932	126x126+379+229	0.042674	eeeeeeedabbeeaedcadba87adaefcbeebace	0.010990	139x104+194+245	0.075345	0.000052	0.000000	0.440876	0.000000	0.034458	0.000000
736	1786607579722	652.637	0.933	0.013932	126x126+379+229	0.042674	eeeeeeedabbeeaedcadba87adaefcbeebace	0.011074	139x104+194+245	0.075319	0.000052	0.000000	0.440724	0.000000	0.043821	0.000000
737	1786607580660	653.575	0.868	0.000000		0.040972	eeeeeeedbbbeeaedcbdbb98adaefdbeebbce	0.011074	139x104+194+245	0.075319	0.000029	0.000000	0.440724	0.000000	0.040431	0.000000
738	1786607581533	654.447	0.889	0.013932	126x126+379+229	0.033264	eeeeeeedabbeeaeedadbb7badaefcbeebace	0.011074	139x104+194+245	0.075319	0.000052	0.000000	0.440724	0.000000	0.040431	0.000000
739	1786607582427	655.341	0.876	0.013932	126x126+379+229	0.033264	eeeeeeedabbeeaeedadbb7badaefcbeebace	0.011074	139x104+194+245	0.075319	0.000052	0.000000	0.440724	0.000000	0.033270	0.000000
740	1786607583307	656.222	0.892	0.013932	126x126+379+229	0.033264	eeeeeeedabbeeaeedadbb7badaefcbeebace	0.011074	139x104+194+245	0.075319	0.000052	0.000000	0.440724	0.000000	0.033270	0.000000
741	1786607584204	657.118	0.898	0.013932	126x126+379+229	0.033264	eeeeeeedabbeeaeedadbb7badaefcbeebace	0.011074	139x104+194+245	0.075319	0.000052	0.000000	0.440724	0.000000	0.033207	0.000000
742	1786607585106	658.021	0.899	0.013932	126x126+379+229	0.033264	eeeeeeedabbeeaeedadbb7badaefcbeebace	0.011074	139x104+194+245	0.075319	0.000052	0.000000	0.440724	0.000000	0.033207	0.000000
743	1786607586010	658.925	0.890	0.013932	126x126+379+229	0.033264	eeeeeeedabbeeaeedadbb7badaefcbeebace	0.011074	139x104+194+245	0.075319	0.000052	0.000000	0.440724	0.000000	0.033555	0.000000
744	1786607586905	659.819	0.861	0.013932	126x126+379+229	0.033264	eeeeeeedabbeeaeedadbb7badaefcbeebace	0.011074	139x104+194+245	0.075319	0.000052	0.000000	0.440724	0.000000	0.033555	0.000000
745	1786607587770	660.685	0.875	0.013932	126x126+379+229	0.033264	eeeeeeedabbeeaeedadbb7badaefcbeebace	0.010332	139x104+194+245	0.076240	0.000052	0.000000	0.446114	0.000000	0.033555	0.000000
746	1786607588650	661.565	0.866	0.013932	126x126+379+229	0.033264	eeeeeeedabbeeaeedadbb7badaefcbeebace	0.010332	139x104+194+245	0.076240	0.000052	0.000000	0.446114	0.000000	0.033555	0.000000
747	1786607589522	662.436	0.899	0.013932	126x126+379+229	0.033264	eeeeeeedabbeeaeedadbb7badaefcbeebace	0.010332	139x104+194+245	0.076240	0.000052	0.000000	0.446114	0.000000	0.033555	0.000000
748	1786607590425	663.340	0.927	0.013932	126x126+379+229	0.033264	eeeeeeedabbeeaeedadbb7badaefcbeebace	0.010332	139x104+194+245	0.076240	0.000052	0.000000	0.446114	0.000000	0.033365	0.000000
749	1786607591357	664.272	0.883	0.013932	126x126+379+229	0.033264	eeeeeeedabbeeaeedadbb7badaefcbeebace	0.010332	139x104+194+245	0.076240	0.000052	0.000000	0.446114	0.000000	0.033365	0.000000
750	1786607592244	665.159	0.889	0.013932	126x126+379+229	0.033264	eeeeeeedabbeeaeedadbb7badaefcbeebace	0.010332	139x104+194+245	0.076240	0.000052	0.000000	0.446114	0.000000	0.033555	0.000000
751	1786607593139	666.053	0.941	0.013932	126x126+379+229	0.033264	eeeeeeedabbeeaeedadbb7badaefcbeebace	0.010332	139x104+194+245	0.076240	0.000052	0.000000	0.446114	0.000000	0.033555	0.000000
752	1786607594084	666.999	0.872	0.013932	126x126+379+229	0.033264	eeeeeeedabbeeaeedadbb7badaefcbeebace	0.010332	139x104+194+245	0.076240	0.000052	0.000000	0.446114	0.000000	0.033555	0.000000
753	1786607594961	667.875	0.887	0.013932	126x126+379+229	0.033264	eeeeeeedabbeeaeedadbb7badaefcbeebace	0.010332	139x104+194+245	0.076240	0.000052	0.000000	0.446114	0.000000	0.033207	0.000000
754	1786607595853	668.767	0.890	0.013932	126x126+379+229	0.033264	eeeeeeedabbeeaeedadbb7badaefcbeebace	0.011429	138x104+194+245	0.074899	0.000052	0.000000	0.438267	0.000000	0.033207	0.000000
755	1786607596748	669.662	0.924	0.013932	126x126+379+229	0.033264	eeeeeeedabbeeaeedadbb7badaefcbeebace	0.011429	138x104+194+245	0.074899	0.000052	0.000000	0.438267	0.000000	0.033270	0.000000
756	1786607597676	670.591	0.918	0.013932	126x126+379+229	0.033264	eeeeeeedabbeeaeedadbb7badaefcbeebace	0.011429	138x104+194+245	0.074899	0.000052	0.000000	0.438267	0.000000	0.033270	0.000000
757	1786607598599	671.514	0.889	0.013932	126x126+379+229	0.033264	eeeeeeedabbeeaeedadbb7badaefcbeebace	0.011429	138x104+194+245	0.074899	0.000052	0.000000	0.438267	0.000000	0.026046	0.000000
758	1786607599493	672.408	0.908	0.013932	126x126+379+229	0.033264	eeeeeeedabbeeaeedadbb7badaefcbeebace	0.011429	138x104+194+245	0.074893	0.000052	0.000000	0.438229	0.000000	0.026046	0.000000
759	1786607600406	673.321	0.874	0.013932	126x126+379+229	0.033264	eeeeeeedabbeeaeedadbb7badaefcbeebace	0.011429	138x104+194+245	0.074899	0.000052	0.000000	0.438267	0.000000	0.026046	0.000000
760	1786607601284	674.199	0.914	0.013932	126x126+379+229	0.033264	edeeeeedabbeeaeedadbb7badaefcbeebace	0.011429	138x104+194+245	0.074899	0.000052	0.000000	0.438267	0.000000	0.026046	0.000000
761	1786607602204	675.118	0.916	0.013932	126x126+379+229	0.029201	eeedeeedabbedadddadbcabadaefcbeebace	0.011429	138x104+194+245	0.074896	0.000052	0.000000	0.438248	0.000000	0.035646	0.000000
762	1786607603125	676.039	0.862	0.013932	126x126+379+229	0.029201	eeeedeedabbedadddadbcabadaefcbeebace	0.011429	138x104+194+245	0.074896	0.000052	0.000000	0.438248	0.000000	0.035646	0.000000
763	1786607603992	676.906	0.936	0.013932	126x126+379+229	0.029201	eeeeeeedabbeeadddadbcabadaefcbeebace	0.011429	138x104+194+245	0.074896	0.000052	0.000000	0.438248	0.000000	0.035646	0.000000
764	1786607604933	677.847	0.924	0.013932	126x126+379+229	0.029201	eeeeeeedabbeeadddadbcabadaefcbdebace	0.011429	138x104+194+245	0.074899	0.000052	0.000000	0.438267	0.000000	0.026046	0.000000
765	1786607605862	678.776	0.836	0.013932	126x126+379+229	0.029201	eeeeeeedabbeeadddadbcabadaefcbedbace	0.011429	138x104+194+245	0.074899	0.000052	0.000000	0.438267	0.000000	0.026046	0.000000
766	1786607606702	679.616	0.889	0.013932	126x126+379+229	0.029201	eeeeeeedabbeeadddadbcabadaefcbeebace	0.011429	138x104+194+245	0.074899	0.000052	0.000000	0.438267	0.000000	0.033270	0.000000
767	1786607607596	680.510	0.885	0.013932	126x126+379+229	0.029201	eeeeeeedabbeeadddadbcabadaefcbeebace	0.010999	138x104+194+245	0.075381	0.000052	0.000000	0.441086	0.000000	0.033270	0.000000
768	1786607608486	681.400	0.866	0.013932	126x126+379+229	0.029201	eeeeeeedabbeeadddadbcabadaefcbeebacd	0.010999	138x104+194+245	0.075407	0.000052	0.000000	0.441086	0.000000	0.033207	0.000000
769	1786607609358	682.272	0.845	0.013932	126x126+379+229	0.029201	eeeeeeedabbeeadddadbcabadaefcbeebace	0.010999	138x104+194+245	0.075436	0.000052	0.000000	0.441086	0.000000	0.033207	0.000000
770	1786607610208	683.122	0.943	0.013932	126x126+379+229	0.029201	eeeeeeedabbeeadddadbcabadaefcbeebace	0.010999	138x104+194+245	0.075446	0.000052	0.000000	0.441086	0.000000	0.033207	0.000000
771	1786607611158	684.072	0.893	0.013932	126x126+379+229	0.029201	eeeeeeedabbeeadddadbcabadaefcbeebace	0.010999	138x104+194+245	0.075570	0.000052	0.000000	0.441086	0.000000	0.033207	0.000000
772	1786607612056	684.971	0.870	0.013932	126x126+379+229	0.029201	eeeeeeedabbeeadddadbcabadaefcbeebace	0.010999	138x104+194+245	0.075524	0.000052	0.000000	0.441086	0.000000	0.033207	0.000000
773	1786607612932	685.847	0.891	0.013932	126x126+379+229	0.029201	eeeeeeedabbeeadddadbcabadaefcbeebace	0.010999	138x104+194+245	0.075658	0.000052	0.000000	0.441200	0.000000	0.026046	0.000000
774	1786607613828	686.743	0.899	0.013932	126x126+379+229	0.029201	eeeeeeedabbeeadddadbcabadaefcbeebace	0.010999	138x104+194+245	0.075654	0.000052	0.000000	0.441295	0.000000	0.026046	0.000000
775	1786607614733	687.648	0.904	0.013932	126x126+379+229	0.029201	eeeeeeedabbeeadddadbcabadaefcbeebace	0.010999	138x104+194+245	0.075706	0.000052	0.000000	0.441410	0.000000	0.035646	0.000000
776	1786607615642	688.557	0.925	0.013932	126x126+379+229	0.029201	eeeeeeedabbeeadddadbcabadaefcbeebace	0.010999	138x104+194+245	0.075547	0.000052	0.000000	0.440990	0.000000	0.035646	0.000000
777	1786607616574	689.488	0.900	0.013932	126x126+379+229	0.029201	eeeeeeedabbeeadddadbcabadaefcbeebace	0.010999	138x104+194+245	0.075592	0.000052	0.000000	0.441124	0.000000	0.040431	0.000000
778	1786607617479	690.394	0.884	0.013932	126x126+379+229	0.029201	eeeeeeedabbeeadddadbcabadaefcbeebace	0.010999	138x104+194+245	0.075560	0.000052	0.000000	0.441067	0.000000	0.043821	0.000000
779	1786607618368	691.283	0.871	0.013932	126x126+379+229	0.029201	eeeeeeedabbeeadddadbcabadaefcbeebace	0.010999	138x104+194+245	0.075492	0.000052	0.000000	0.441067	0.000000	0.034458	0.000000
780	1786607619245	692.159	0.898	0.013932	126x126+379+229	0.029201	eeeeeeedabbeeadddadbcabadaefcbeebace	0.010999	138x104+194+245	0.075417	0.000052	0.000000	0.441086	0.000000	0.040811	0.000000
781	1786607620148	693.063	0.893	0.013932	126x126+379+229	0.029201	eeeeeeedabbeeadddadbcabadaefcbeebace	0.011263	138x104+194+245	0.075182	0.000052	0.000000	0.439848	0.000000	0.040811	0.000000
782	1786607621046	693.960	0.921	0.013932	126x126+379+229	0.029201	eeeeeeedabbeeadddadbcabadaefcbeebace	0.011263	138x104+194+245	0.075173	0.000052	0.000000	0.439867	0.000000	0.039718	0.000000
783	1786607621973	694.887	0.922	0.013932	126x126+379+229	0.029201	eeeeeeedabbeeadddadbcabadaefcbeebace	0.011263	138x104+194+245	0.075176	0.000052	0.000000	0.439886	0.000000	0.039718	0.000000
784	1786607622899	695.814	0.875	0.013932	126x126+379+229	0.029201	eeeeeeedabbeeadddadbcabadaefcbeebace	0.011263	138x104+194+245	0.075179	0.000052	0.000000	0.439905	0.000000	0.039718	0.000000
785	1786607623779	696.694	0.867	0.013932	126x126+379+229	0.029201	eeeeeeedabbeeadddadbcabadaefcbeebace	0.011263	138x104+194+245	0.075179	0.000052	0.000000	0.439905	0.000000	0.039908	0.000000
786	1786607624651	697.566	0.886	0.013932	126x126+379+229	0.029201	eeeeeeedabbeeadddadbcabadaefcbeebace	0.011263	138x104+194+245	0.075179	0.000052	0.000000	0.439905	0.000000	0.039908	0.000000
787	1786607625542	698.457	0.919	0.013932	126x126+379+229	0.029201	eeeeeeedabbeeadddadbcabadaefcbeebace	0.011263	138x104+194+245	0.075179	0.000052	0.000000	0.439905	0.000000	0.039908	0.000000
788	1786607626466	699.381	0.889	0.013932	126x126+379+229	0.029201	eeeeeeedabbeeadddadbcabadaefcbeebace	0.011263	138x104+194+245	0.075179	0.000052	0.000000	0.439905	0.000000	0.039908	0.000000
789	1786607627360	700.275	0.898	0.013932	126x126+379+229	0.029201	eeeeeeedabbeeadddadbcabadaefcbeebace	0.011263	138x104+194+245	0.075179	0.000052	0.000000	0.439905	0.000000	0.039908	0.000000
790	1786607628262	701.177	0.922	0.013932	126x126+379+229	0.029201	eeeeeeedabbeeadddadbcabadaefcbeebace	0.011263	138x104+194+245	0.075179	0.000052	0.000000	0.439905	0.000000	0.039718	0.000000
791	1786607629189	702.104	0.984	0.013932	126x126+379+229	0.029201	eeeeeeedabbeeadddadbcabadaefcbeebace	0.011263	138x104+194+245	0.075179	0.000052	0.000000	0.439905	0.000000	0.040811	0.000000
792	1786607630178	703.092	0.903	0.013932	126x126+379+229	0.029201	eeeeeeedabbeeadddadbcabadaefcbeebace	0.011263	138x104+194+245	0.075179	0.000052	0.000000	0.439905	0.000000	0.034458	0.000000
793	1786607631085	704.000	0.905	0.013932	126x126+379+229	0.029201	eeeeeeedabbeeadddadbcabadaefcbeebace	0.011263	138x104+194+245	0.075179	0.000052	0.000000	0.439905	0.000000	0.043821	0.000000
794	1786607631995	704.910	0.917	0.013932	126x126+379+229	0.029201	eeeeeeedabbeeadddadbcabadaefcbeebace	0.011263	138x104+194+245	0.075179	0.000052	0.000000	0.439905	0.000000	0.040431	0.000000
795	1786607632917	705.832	0.898	0.013932	126x126+379+229	0.029201	eeeeeeedabbeeadddadbcabadaefcbeebace	0.011263	138x104+194+245	0.075179	0.095462	0.007985	0.439905	0.000000	0.000000	0.464354
796	1786607633819	706.734	0.878	0.013932	126x126+379+229	0.042674	eeeeeeedabbeeaedcadba87adaefcbeebace	0.011263	138x104+194+245	0.075179	0.000052	0.000000	0.439905	0.000000	0.028105	0.000000
797	1786607634702	707.617	0.889	0.013932	126x126+379+229	0.042674	eeeeeeedabbeeaedcadba87adaefcbeebace	0.011263	138x104+194+245	0.075179	0.000052	0.000000	0.439905	0.000000	0.035409	0.000000
798	1786607635595	708.510	0.883	0.013932	126x126+379+229	0.042674	eeeeeeedabbeeaedcadba87adaefcbeebace	0.011263	138x104+194+245	0.075179	0.000052	0.000000	0.439905	0.000000	0.042918	0.000000
799	1786607636484	709.398	0.912	0.013932	126x126+379+229	0.042674	eeeeeeedabbeeaedcadba87adaefcbeebace	0.011263	138x104+194+245	0.075179	0.000052	0.000000	0.439905	0.000000	0.042918	0.000000
800	1786607637401	710.315	0.864	0.013932	126x126+379+229	0.042674	eeeeeeedabbeeaedcadba87adaefcbeebace	0.011263	138x104+194+245	0.075179	0.000052	0.000000	0.439905	0.000000	0.043821	0.000000
801	1786607638270	711.184	0.892	0.013932	126x126+379+229	0.042674	eeeeeeedabbeeaedcadba87adaefcbeebace	0.011263	138x104+194+245	0.075179	0.000052	0.000000	0.439905	0.000000	0.043821	0.000000
802	1786607639167	712.081	0.884	0.013932	126x126+379+229	0.042674	eeeeeeedabbeeaedcadba87adaefcbeebace	0.009997	131x104+194+245	0.076722	0.000052	0.000000	0.448933	0.000000	0.043821	0.000000
803	1786607640056	712.970	0.934	0.013932	126x126+379+229	0.042674	eeeeeeedabbeeaedcadba87adaefcbeebace	0.009997	131x104+194+245	0.076722	0.000052	0.000000	0.448933	0.000000	0.043821	0.000000
804	1786607640995	713.909	0.907	0.013932	126x126+379+229	0.042674	eeeeeeedabbeeaedcadba87adaefcbeebace	0.009997	131x104+194+245	0.076722	0.000052	0.000000	0.448933	0.000000	0.039528	0.000000
805	1786607641907	714.822	0.877	0.013932	126x126+379+229	0.042674	eeeeeeedabbeeaedcadba87adaefcbeebace	0.009997	131x104+194+245	0.076722	0.000052	0.000000	0.448933	0.000000	0.039179	0.000000
806	1786607642789	715.703	0.882	0.013932	126x126+379+229	0.042674	eeeeeeedabbeeaedcadba87adaefcbeebace	0.009997	131x104+194+245	0.076722	0.000052	0.000000	0.448933	0.000000	0.032018	0.000000
807	1786607643677	716.592	0.900	0.013932	126x126+379+229	0.042674	eeeeeeedabbeeaedcadba87adaefcbeebace	0.009997	131x104+194+245	0.076722	0.000052	0.000000	0.448933	0.000000	0.041619	0.000000
808	1786607644581	717.496	0.940	0.013932	126x126+379+229	0.042674	eeeeeeedabbeeaedcadba87adaefcbeebace	0.009997	131x104+194+245	0.076722	0.000052	0.000000	0.448933	0.000000	0.041619	0.000000
809	1786607645527	718.441	0.873	0.013932	126x126+379+229	0.042674	eeeeeeedabbeeaedcadba87adaefcbeebace	0.010957	139x104+194+245	0.075583	0.000052	0.000000	0.442248	0.000000	0.032018	0.000000
810	1786607646404	719.319	0.942	0.013932	126x126+379+229	0.042674	eeeeeeedabbeeaedcadba87adaefcbeebace	0.010957	139x104+194+245	0.075680	0.000052	0.000000	0.442248	0.000000	0.032018	0.000000
811	1786607647352	720.267	0.930	0.013932	126x126+379+229	0.042674	eeeeeeedabbeeaedcadba87adaefcbeebace	0.010957	139x104+194+245	0.075807	0.000052	0.000000	0.442248	0.000000	0.041619	0.000000
812	1786607648288	721.202	0.913	0.013932	126x126+379+229	0.042674	eeeeeeedabbeeaedcadba87adaefcbeebace	0.010957	139x104+194+245	0.075947	0.000052	0.000000	0.442248	0.000000	0.046831	0.000000
813	1786607649206	722.120	0.898	0.013932	126x126+379+229	0.042674	eeeeeeedabbeeaedcadba87adaefcbeebace	0.010957	139x104+194+245	0.076071	0.000052	0.000000	0.442248	0.000000	0.046831	0.000000
814	1786607650109	723.023	0.906	0.013932	126x126+379+229	0.042674	eeeeeeedabbeeaedcadba87adaefcbeebace	0.010957	139x104+194+245	0.076247	0.000052	0.000000	0.442248	0.000000	0.037468	0.000000
815	1786607651020	723.935	0.904	0.013932	126x126+379+229	0.042674	eeeeeeedabbeeaedcadba87adaefcbeebace	0.010957	139x104+194+245	0.076908	0.000052	0.000000	0.442248	0.000000	0.037468	0.000000
816	1786607651929	724.844	0.890	0.013932	126x126+379+229	0.042674	eeeeeeedabbeeaedcadba87adaefcbeebace	0.010957	139x104+194+245	0.077184	0.000052	0.000000	0.442248	0.000000	0.037468	0.000000
817	1786607652825	725.739	0.933	0.013932	126x126+379+229	0.042674	eeeeeeedabbeeaedcadba87adaefcbeebace	0.010957	138x104+194+245	0.077627	0.000052	0.000000	0.441619	0.000000	0.043821	0.000000
818	1786607653763	726.678	0.870	0.013932	126x126+379+229	0.042674	eeeeeeedabbeeaedcadba87adaefcbeebace	0.010957	138x104+194+245	0.077415	0.000052	0.000000	0.442114	0.000000	0.043821	0.000000
819	1786607654639	727.554	0.926	0.013932	126x126+379+229	0.042674	eeeeeeedabbeeaedcadba87adaefcbeebace	0.010957	138x104+194+245	0.077926	0.000052	0.000000	0.445867	0.000000	0.043821	0.000000
820	1786607655570	728.485	0.887	0.013932	126x126+379+229	0.042674	eeeeededabbedaedcadba87adaefcbeebace	0.010957	138x104+194+245	0.077969	0.000052	0.000000	0.447048	0.000000	0.043821	0.000000
821	1786607656463	729.378	0.892	0.013932	126x126+379+229	0.047951	feeecceeaabdeaedcadba87adaefcbeebace	0.010957	138x104+194+245	0.077848	0.000052	0.000000	0.446990	0.000000	0.037468	0.000000
822	1786607657360	730.275	0.922	0.013932	126x126+379+229	0.047257	eeeeeeedbbaceaedcadba87adaefcbeebace	0.010957	138x104+194+245	0.077360	0.000052	0.000000	0.444781	0.000000	0.037468	0.000000
823	1786607658288	731.203	0.927	0.013932	126x126+379+229	0.046736	edeeeeeebbadeaedc9dba87adaefcbeebace	0.010957	138x104+194+245	0.077282	0.000052	0.000000	0.444914	0.000000	0.047449	0.000000
824	1786607659220	732.135	0.950	0.013932	126x126+379+229	0.044618	eeeeededabbeeaedc9dba87adaefcbdebace	0.010957	138x104+194+245	0.077135	0.000052	0.000000	0.445543	0.000000	0.047893	0.000000
825	1786607660176	733.091	0.907	0.013932	126x126+379+229	0.043889	eeeeeeedabbeeaedcadba879eaefcbedbace	0.010957	138x104+194+245	0.077005	0.000052	0.000000	0.445733	0.000000	0.044582	0.000000
826	1786607661088	734.002	0.881	0.013932	126x126+379+229	0.045035	eeeeeeedabbddaedcadba87aeaefcaeebace	0.010951	140x104+194+245	0.077018	0.000052	0.000000	0.446114	0.000000	0.043394	0.000000
827	1786607661975	734.890	0.927	0.013932	126x126+379+229	0.045764	eeeeeeedabbeeaedcadba87aeaefc9eebbce	0.010951	140x104+194+245	0.077090	0.000052	0.000000	0.445124	0.000000	0.043441	0.000000
828	1786607662907	735.822	0.842	0.013932	126x126+379+229	0.047188	eeeeeeedabbeeaedcadba87adaefcbefbacc	0.010951	140x104+194+245	0.076855	0.000052	0.000000	0.443733	0.000000	0.041302	0.000000
829	1786607663755	736.669	0.910	0.013932	126x126+379+229	0.042674	eeeeeeedabbedaedcadba87adaefcbdebbce	0.010951	140x104+194+245	0.076634	0.000052	0.000000	0.442990	0.000000	0.042554	0.000000
830	1786607664670	737.584	0.891	0.013932	126x126+379+229	0.042674	eeeeeeedabbedaedcadba87adaefcbeebacd	0.010951	140x104+194+245	0.076742	0.000052	0.000000	0.442152	0.000000	0.040431	0.000000
831	1786607665566	738.481	0.927	0.013932	126x126+379+229	0.042674	eeeeeeedabbedaedcadba87adaefcbeebace	0.010951	140x104+194+245	0.076084	0.000052	0.000000	0.442152	0.000000	0.040431	0.000000
832	1786607666499	739.413	0.916	0.013932	126x126+379+229	0.042674	eeeeeeedabbedaedcadba87adaefcbeebace	0.010951	140x104+194+245	0.075788	0.000052	0.000000	0.442152	0.000000	0.034078	0.000000
833	1786607667420	740.335	0.966	0.013932	126x126+379+229	0.042674	eeeeeeedabbedaedcadba87adaefcbdebace	0.010951	140x104+194+245	0.075570	0.000052	0.000000	0.442133	0.000000	0.034078	0.000000
834	1786607668392	741.306	0.918	0.013932	126x126+379+229	0.042674	eeeeeeedabbedaedcadba87adaefcbdebace	0.011074	139x104+194+245	0.075309	0.000052	0.000000	0.440667	0.000000	0.040431	0.000000
835	1786607669315	742.230	0.893	0.013932	126x126+379+229	0.042674	eeeeeeedabbedaedcadba87adaefcbdebace	0.011074	139x104+194+245	0.075313	0.000052	0.000000	0.440686	0.000000	0.040431	0.000000
836	1786607670213	743.127	0.893	0.013932	126x126+379+229	0.042674	eeeeeeedabbedaedcadba87adaefcbdebace	0.011074	139x104+194+245	0.075316	0.000052	0.000000	0.440705	0.000000	0.034078	0.000000
837	1786607671112	744.027	0.870	0.013932	126x126+379+229	0.042674	eeeeeeedabbedaedcadba87adaefcbdebace	0.011074	139x104+194+245	0.075319	0.000052	0.000000	0.440724	0.000000	0.043441	0.000000
838	1786607671987	744.902	0.897	0.013932	126x126+379+229	0.042674	eeeeeeedabbedaedcadba87adaefcbdebace	0.011074	139x104+194+245	0.075319	0.000052	0.000000	0.440724	0.000000	0.043441	0.000000
839	1786607672891	745.805	0.901	0.013932	126x126+379+229	0.042674	eeeeeeedabbedaedcadba87adaefcbdebace	0.011074	139x104+194+245	0.075319	0.000052	0.000000	0.440724	0.000000	0.043441	0.000000
840	1786607673797	746.711	0.902	0.013932	126x126+379+229	0.042674	eeeeeeedabbedaedcadba87adaefcbeebace	0.011074	139x104+194+245	0.075319	0.000052	0.000000	0.440724	0.000000	0.034078	0.000000
841	1786607674704	747.619	0.945	0.013932	126x126+379+229	0.042674	eeeeeeedabbedaedcadba87adaefcbdebace	0.011159	139x104+194+245	0.075293	0.000052	0.000000	0.440571	0.000000	0.034078	0.000000
842	1786607675655	748.569	0.916	0.013932	126x126+379+229	0.042674	eeeeeeedabbedaedcadba87adaefcbdebace	0.011159	139x104+194+245	0.075293	0.000052	0.000000	0.440571	0.000000	0.034078	0.000000
843	1786607676577	749.492	0.908	0.013932	126x126+379+229	0.042674	eeeeeeedabbedaedcadba87adaefcbdebace	0.011159	139x104+194+245	0.075290	0.000052	0.000000	0.440552	0.000000	0.034078	0.000000
844	1786607677490	750.405	0.917	0.013932	126x126+379+229	0.042674	eeeeeeedabbedaedcadba87adaefcbdebace	0.011159	139x104+194+245	0.075293	0.000052	0.000000	0.440571	0.000000	0.034078	0.000000
845	1786607678413	751.328	0.855	0.013932	126x126+379+229	0.042674	eeeeeeedabbedaedcadba87adaefcbdebace	0.011159	139x104+194+245	0.075293	0.000052	0.000000	0.440571	0.000000	0.040431	0.000000
846	1786607679273	752.188	0.941	0.013932	126x126+379+229	0.042674	eeeeeeedabbeeaedcadba87adaefcbdebace	0.011159	139x104+194+245	0.075293	0.000052	0.000000	0.440571	0.000000	0.040431	0.000000
847	1786607680220	753.134	0.863	0.013932	126x126+379+229	0.042674	eeeeeeedabbeeaedcadba87adaefcbdebace	0.011159	139x104+194+245	0.075293	0.000052	0.000000	0.440571	0.000000	0.039338	0.000000
848	1786607681089	754.003	0.902	0.013932	126x126+379+229	0.042674	eeeeeeedabbeeaedcadba87adaefcbddbace	0.011159	139x104+194+245	0.075286	0.000052	0.000000	0.440533	0.000000	0.039528	0.000000
849	1786607681996	754.911	0.930	0.013932	126x126+379+229	0.042674	eeeeeeedabbeeaedcadba87adaefcbeebace	0.010417	139x104+194+245	0.076214	0.000052	0.000000	0.445962	0.000000	0.039338	0.000000
850	1786607682932	755.846	0.929	0.013932	126x126+379+229	0.042674	eeeeeeedabbedaedcadba87adaefcbeebace	0.010417	139x104+194+245	0.076214	0.000052	0.000000	0.445962	0.000000	0.039338	0.000000
851	1786607683867	756.782	0.871	0.013932	126x126+379+229	0.042674	eeeeeeedabbedaedcadba87adaefcbeebace	0.010417	139x104+194+245	0.076217	0.000052	0.000000	0.445981	0.000000	0.039338	0.000000
852	1786607684743	757.658	0.897	0.013932	126x126+379+229	0.042674	eeeeeeedabbedaedcadba87adaefcbeebace	0.010417	139x104+194+245	0.076211	0.000052	0.000000	0.445943	0.000000	0.039338	0.000000
853	1786607685646	758.561	0.885	0.013932	126x126+379+229	0.042674	eeeeeeedabbeeaedcadba87adaefcbeebace	0.010417	139x104+194+245	0.076208	0.000052	0.000000	0.445924	0.000000	0.039338	0.000000
854	1786607686536	759.450	0.966	0.013932	126x126+379+229	0.042674	eeeeeeedabbeeaedcadba87adaefcbeebace	0.010417	139x104+194+245	0.076217	0.000052	0.000000	0.445981	0.000000	0.039338	0.000000
855	1786607687508	760.423	0.872	0.013932	126x126+379+229	0.042674	eeeeeeedabbeeaedcadba87adaefcbeebace	0.010417	139x104+194+245	0.076214	0.000052	0.000000	0.445962	0.000000	0.040431	0.000000
856	1786607688386	761.301	0.902	0.013932	126x126+379+229	0.042674	eeeeeeedabbeeaedcadba87adaefcbeebace	0.010417	139x104+194+245	0.076211	0.000052	0.000000	0.445943	0.000000	0.039338	0.000000
857	1786607689294	762.208	0.885	0.013932	126x126+379+229	0.042674	eeeeeeedabbeeaedcadba87adaefcbeebace	0.010417	139x104+194+245	0.076214	0.000052	0.000000	0.445962	0.000000	0.034078	0.000000
858	1786607690184	763.098	0.898	0.013932	126x126+379+229	0.042674	eeeeeeedabbeeaedcadba87adaefcbeebace	0.011514	138x104+194+245	0.074873	0.000052	0.000000	0.438114	0.000000	0.034078	0.000000
859	1786607691088	764.002	0.857	0.013932	126x126+379+229	0.042674	eeeeeeedabbeeaedcadba87adaefcbeebace	0.011514	138x104+194+245	0.074873	0.000052	0.000000	0.438114	0.000000	0.040431	0.000000
860	1786607691950	764.865	0.915	0.013932	126x126+379+229	0.042674	eeeeeeedabbeeaedcadba87adaefcbeebace	0.011514	138x104+194+245	0.074873	0.000052	0.000000	0.438114	0.000000	0.040431	0.000000
861	1786607692871	765.786	0.891	0.013932	126x126+379+229	0.042674	eeeeeeedabbeeaedcadba87adaefcbeebace	0.011514	138x104+194+245	0.074873	0.000052	0.000000	0.438114	0.000000	0.040431	0.000000
862	1786607693767	766.682	0.881	0.013932	126x126+379+229	0.042674	eeeeeeedabbeeaedcadba87adaefcbeebace	0.011514	138x104+194+245	0.074873	0.000052	0.000000	0.438114	0.000000	0.039338	0.000000
863	1786607694654	767.568	0.933	0.013932	126x126+379+229	0.042674	eeeeeeedabbeeaedcadba87adaefcbeebace	0.011514	138x104+194+245	0.074873	0.000052	0.000000	0.438114	0.000000	0.039528	0.000000
864	1786607695592	768.506	0.857	0.013932	126x126+379+229	0.042674	eeeeeeedabbeeaedcadba87adaefcbeebace	0.011514	138x104+194+245	0.074873	0.000052	0.000000	0.438114	0.000000	0.039179	0.000000
865	1786607696455	769.369	0.922	0.013932	126x126+379+229	0.042674	eeeeeeedabbeeaedcadba87adaefcbeebace	0.011514	138x104+194+245	0.074873	0.000052	0.000000	0.438114	0.000000	0.041619	0.000000
866	1786607697382	770.297	0.913	0.013932	126x126+379+229	0.042674	eeeeeeedabbeeaedcadba87adaefcbeebace	0.011514	138x104+194+245	0.074873	0.000052	0.000000	0.438114	0.000000	0.032018	0.000000
867	1786607698302	771.216	0.957	0.013932	126x126+379+229	0.042674	eeeeeeedabbeeaedcadba87adaefcbeebace	0.011514	138x104+194+245	0.074873	0.000052	0.000000	0.438114	0.000000	0.032018	0.000000
868	1786607699264	772.178	0.928	0.013932	126x126+379+229	0.042674	eeeeeeedabbeeaedcadba87adaefcbeebace	0.011514	138x104+194+245	0.074870	0.000052	0.000000	0.438095	0.000000	0.039243	0.000000
869	1786607700197	773.112	0.955	0.013932	126x126+379+229	0.042674	eeeeeeedabbedaedcadba87adaefcbeebace	0.011084	138x104+194+245	0.075352	0.000052	0.000000	0.440914	0.000000	0.039179	0.000000
870	1786607701157	774.072	0.907	0.013932	126x126+379+229	0.042674	eeeeeeedabbeeaedcadba87adaefcbeebace	0.011084	138x104+194+245	0.075368	0.000052	0.000000	0.441010	0.000000	0.039243	0.000000
871	1786607702069	774.984	0.924	0.013932	126x126+379+229	0.042674	eeeeeeedabbeeaedcadba87adaefcbeebace	0.011084	138x104+194+245	0.075358	0.000052	0.000000	0.440952	0.000000	0.039243	0.000000
872	1786607702999	775.913	0.893	0.013932	126x126+379+229	0.042674	eeeeeeedabbedaedcadba87adaefcbeebace	0.011084	138x104+194+245	0.075355	0.000052	0.000000	0.440933	0.000000	0.039179	0.000000
873	1786607703897	776.812	0.935	0.013932	126x126+379+229	0.042674	eeeeeeedabbeeaedcadba87adaefcbeebace	0.011084	138x104+194+245	0.075355	0.000052	0.000000	0.440933	0.000000	0.039243	0.000000
874	1786607704838	777.752	0.901	0.013932	126x126+379+229	0.042674	eeeeeeedabbeeaedcadba87adaefcbeebace	0.011084	138x104+194+245	0.075355	0.000052	0.000000	0.440933	0.000000	0.039243	0.000000
875	1786607705744	778.658	0.896	0.013932	126x126+379+229	0.042674	eeeeeeedabbeeaedcadba87adaefcbeebace	0.011084	138x104+194+245	0.075355	0.000052	0.000000	0.440933	0.000000	0.039259	0.000000
876	1786607706645	779.560	0.933	0.013932	126x126+379+229	0.042674	eeeeeeedabbeeaedcadba87adaefcbeebacd	0.011084	138x104+194+245	0.075355	0.000052	0.000000	0.440933	0.000000	0.041619	0.000000
877	1786607707585	780.499	0.905	0.013932	126x126+379+229	0.042674	eeeeeeedabbeeaedcadba87adaefcbeebace	0.011084	138x104+194+245	0.075355	0.000052	0.000000	0.440933	0.000000	0.032018	0.000000
878	1786607708495	781.410	0.929	0.013932	126x126+379+229	0.042674	eeeeeeedabbeeaedcadba87adaefcbeebace	0.011084	138x104+194+245	0.075355	0.000052	0.000000	0.440933	0.000000	0.032018	0.000000
879	1786607709430	782.344	0.910	0.013932	126x126+379+229	0.042674	eeeeeeedabbeeaedcadba87adaefcbeebace	0.011084	138x104+194+245	0.075355	0.000052	0.000000	0.440933	0.000000	0.041619	0.000000
880	1786607710344	783.259	0.921	0.013932	126x126+379+229	0.042674	eeeeeeedabbeeaedcadba87adaefcbeebace	0.011084	138x104+194+245	0.075355	0.000052	0.000000	0.440933	0.000000	0.041619	0.000000
881	1786607711271	784.185	0.957	0.013932	126x126+379+229	0.042674	eeeeeeedabbeeaedcadba87adaefcbeebace	0.010521	138x104+194+245	0.076100	0.000052	0.000000	0.445295	0.000000	0.041619	0.000000
882	1786607712234	785.148	0.903	0.013932	126x126+379+229	0.042674	eeeeeeedabbeeaedcadba87adaefcbeebace	0.010521	138x104+194+245	0.076100	0.000052	0.000000	0.445295	0.000000	0.041619	0.000000
883	1786607713142	786.056	0.910	0.013932	126x126+379+229	0.042674	eeeeeeedabbeeaedcadba87adaefcbeebace	0.010521	138x104+194+245	0.076100	0.000052	0.000000	0.445295	0.000000	0.043441	0.000000
884	1786607714057	786.971	0.903	0.013932	126x126+379+229	0.042674	eeeeeeedabbeeaedcadba87adaefcbeebace	0.010521	138x104+194+245	0.076100	0.000052	0.000000	0.445295	0.000000	0.043441	0.000000
885	1786607714965	787.880	0.895	0.013932	126x126+379+229	0.042674	eeeeeeedabbeeaedcadba87adaefcbeebace	0.010521	138x104+194+245	0.076100	0.000052	0.000000	0.445295	0.000000	0.046831	0.000000
886	1786607715864	788.779	0.914	0.013932	126x126+379+229	0.042674	eeeeeeedabbeeaedcadba87adaefcbeebace	0.010521	138x104+194+245	0.076100	0.000052	0.000000	0.445295	0.000000	0.046831	0.000000
887	1786607716784	789.698	0.902	0.013932	126x126+379+229	0.042674	eeeeeeedabbeeaedcadba87adaefcbeebace	0.010521	138x104+194+245	0.076100	0.000052	0.000000	0.445295	0.000000	0.037468	0.000000
888	1786607717691	790.605	0.890	0.013932	126x126+379+229	0.042674	eeeeeeedabbeeaedcadba87adaefcbeebace	0.010521	138x104+194+245	0.076100	0.000052	0.000000	0.445295	0.000000	0.037468	0.000000
889	1786607718586	791.500	0.924	0.013932	126x126+379+229	0.042674	eeeeeeedabbeeaedcadba87adaefcbeebace	0.010521	138x104+194+245	0.076100	0.000052	0.000000	0.445295	0.000000	0.037468	0.000000
890	1786607719515	792.430	0.903	0.013932	126x126+379+229	0.042674	eeeeeeedabbeeaedcadba87adaefcbeebace	0.010521	138x104+194+245	0.076100	0.000052	0.000000	0.445295	0.000000	0.037468	0.000000
891	1786607720424	793.338	0.880	0.013932	126x126+379+229	0.042674	eeeeeeedabbeeaedcadba87adaefcbeebace	0.010521	138x104+194+245	0.076100	0.000052	0.000000	0.445295	0.000000	0.046831	0.000000
892	1786607721309	794.223	0.906	0.013932	126x126+379+229	0.042674	eeeeeeedabbeeaedcadba87adaefcbeebace	0.010521	138x104+194+245	0.076100	0.000052	0.000000	0.445295	0.000000	0.046831	0.000000
893	1786607722221	795.135	0.914	0.013932	126x126+379+229	0.042674	eeeeeeedabbeeaedcadba87adaefcbeebace	0.010521	138x104+194+245	0.076100	0.000052	0.000000	0.445295	0.000000	0.043441	0.000000
894	1786607723139	796.053	0.855	0.013932	126x126+379+229	0.042674	eeeeeeedabbeeaedcadba87adaefcbeebace	0.010521	138x104+194+245	0.076100	0.000052	0.000000	0.445295	0.000000	0.032018	0.000000
895	1786607723999	796.914	0.915	0.013932	126x126+379+229	0.042674	eeeeeeedabbeeaedcadba87adaefcbeebace	0.010521	138x104+194+245	0.076100	0.000052	0.000000	0.445295	0.000000	0.032018	0.000000
896	1786607724919	797.834	0.884	0.013932	126x126+379+229	0.042674	eeeeeeedabbeeaedcadba87adaefcbeebace	0.010521	138x104+194+245	0.076100	0.000052	0.000000	0.445295	0.000000	0.039243	0.000000
897	1786607725809	798.723	0.917	0.013932	126x126+379+229	0.042674	eeeeeeedabbeeaedcadba87adaefcbeebace	0.010521	138x104+194+245	0.076133	0.000052	0.000000	0.445295	0.000000	0.039179	0.000000
898	1786607726731	799.645	0.884	0.013932	126x126+379+229	0.042674	eeeeeeedabbeeaedcadba87adaefcbeebace	0.009255	131x104+194+245	0.077699	0.000052	0.000000	0.454324	0.000000	0.039243	0.000000
899	1786607727621	800.535	0.920	0.013932	126x126+379+229	0.042674	eeeeeeedabbeeaedcadba87adaefcbeebace	0.009255	131x104+194+245	0.077715	0.000052	0.000000	0.454324	0.000000	0.039243	0.000000
900	1786607728545	801.460	0.907	0.013932	126x126+379+229	0.042674	eeeeeeedabbeeaedcadba87adaefcbeebace	0.009255	131x104+194+245	0.077715	0.000052	0.000000	0.454286	0.000000	0.039243	0.000000
901	1786607729457	802.372	0.877	0.013932	126x126+379+229	0.042674	eeeeeeedabbeeaedcadba87adaefcbeebace	0.009255	131x104+194+245	0.077744	0.000052	0.000000	0.454324	0.000000	0.039243	0.000000
902	1786607730339	803.254	0.840	0.013932	126x126+379+229	0.042674	eeeeeeedabbeeaedcadba87adaefcbeebace	0.009255	131x104+194+245	0.077744	0.000052	0.000000	0.454324	0.000000	0.039179	0.000000
903	1786607731185	804.099	0.913	0.013932	126x126+379+229	0.042674	eeeeeeedabbeeaedcadba87adaefcbeebace	0.009255	131x104+194+245	0.077754	0.000052	0.000000	0.454305	0.000000	0.039243	0.000000
904	1786607732102	805.017	0.924	0.013932	126x126+379+229	0.042674	eeeeeeedabbeeaedcadba87adaefcbeebace	0.009255	131x104+194+245	0.077764	0.000052	0.000000	0.454419	0.000000	0.039243	0.000000
905	1786607733033	805.948	0.905	0.013932	126x126+379+229	0.042674	eeeeeeedabbeeaedcadba87adaefcbeebace	0.009255	131x104+194+245	0.077689	0.000052	0.000000	0.454343	0.000000	0.039243	0.000000
906	1786607733944	806.858	0.866	0.013932	126x126+379+229	0.042674	eeeeeeedabbeeaedcadba87adaefcbeebace	0.009255	131x104+194+245	0.077695	0.000052	0.000000	0.454343	0.000000	0.039243	0.000000
907	1786607734816	807.730	0.958	0.013932	126x126+379+229	0.042674	eeeeeeedabbeeaedcadba87adaefcbeebace	0.009255	131x104+194+245	0.077705	0.000052	0.000000	0.454324	0.000000	0.039243	0.000000
908	1786607735779	808.693	0.887	0.013932	126x126+379+229	0.042674	eeeeeeedabbedaedcadba87adaefcbeebace	0.009255	131x104+194+245	0.077715	0.000052	0.000000	0.454324	0.000000	0.039243	0.000000
909	1786607736671	809.586	0.870	0.013932	126x126+379+229	0.042674	eeeeeeedabbeeaedcadba87adaefcbeebace	0.009255	131x104+194+245	0.077718	0.000052	0.000000	0.454343	0.000000	0.039243	0.000000
910	1786607737546	810.460	0.876	0.013932	126x126+379+229	0.042674	eeeeeeedabbeeaedcadba87adaefcbeebace	0.009255	131x104+194+245	0.077702	0.000052	0.000000	0.454324	0.000000	0.039243	0.000000
911	1786607738427	811.342	0.942	0.013932	126x126+379+229	0.042674	eeeeeeedabbeeaedcadba87adaefcbeebace	0.009255	131x104+194+245	0.077731	0.000052	0.000000	0.454324	0.000000	0.039243	0.000000
912	1786607739375	812.289	0.900	0.013932	126x126+379+229	0.042674	eeeeeeedabbeeaedcadba87adaefcbeebace	0.009255	131x104+194+245	0.077695	0.000052	0.000000	0.454343	0.000000	0.039179	0.000000
913	1786607740281	813.195	0.908	0.013932	126x126+379+229	0.042674	eeeeeeedabbeeaedcadba87adaefcbeebace	0.010215	139x104+194+245	0.076595	0.000052	0.000000	0.447638	0.000000	0.039179	0.000000
914	1786607741195	814.109	0.915	0.013932	126x126+379+229	0.042674	eeeeeeedabbeeaedcadba87adaefcbeebace	0.010215	139x104+194+245	0.076582	0.000052	0.000000	0.447638	0.000000	0.032018	0.000000
915	1786607742115	815.030	0.920	0.013932	126x126+379+229	0.042674	eedeeeedabbedaedcadba87adaefcbeebace	0.010215	139x104+194+245	0.076549	0.000052	0.000000	0.447638	0.000000	0.041619	0.000000
916	1786607743040	815.955	0.917	0.013932	126x126+379+229	0.042674	eeeeeeedabbedaedcadba87adaefcbeebace	0.010215	139x104+194+245	0.076576	0.000052	0.000000	0.447638	0.000000	0.046831	0.000000
917	1786607743963	816.878	0.910	0.013932	126x126+379+229	0.042674	eeedeeedabbeeaedcadba87adaefcbeebace	0.010215	139x104+194+245	0.076553	0.000052	0.000000	0.447638	0.000000	0.046831	0.000000
918	1786607744878	817.793	0.924	0.013932	126x126+379+229	0.042674	eeeeeeedabbeeaedcadba87adaefcbeebace	0.010215	139x104+194+245	0.076569	0.000052	0.000000	0.447638	0.000000	0.043821	0.000000
919	1786607745808	818.722	0.909	0.013932	126x126+379+229	0.042674	eeeedeedabbeeaedcadba87adaefcbeebace	0.010215	139x104+194+245	0.076559	0.000052	0.000000	0.447638	0.000000	0.042728	0.000000
920	1786607746722	819.636	0.917	0.013932	126x126+379+229	0.042674	eeeeeeedabbedaedcadba87adaefcbeebace	0.010215	139x104+194+245	0.076546	0.000052	0.000000	0.447638	0.000000	0.042918	0.000000
921	1786607747644	820.559	0.863	0.013932	126x126+379+229	0.042674	eeeeeeedabbddaedcadba87adaefcbeebace	0.010215	139x104+194+245	0.076556	0.000052	0.000000	0.447638	0.000000	0.035409	0.000000
922	1786607748512	821.427	0.821	0.013932	126x126+379+229	0.042674	eeeeededabbeeaedcadba87adaefcbeebace	0.010215	139x104+194+245	0.076520	0.000052	0.000000	0.447638	0.000000	0.035409	0.000000
923	1786607749339	822.254	0.904	0.013932	126x126+379+229	0.042674	eeeeeeedabbeeaedcadba87adaefcbeebace	0.010215	139x104+194+245	0.076501	0.000052	0.000000	0.447638	0.000000	0.034078	0.000000
924	1786607750249	823.163	0.879	0.013932	126x126+379+229	0.042674	eeeeeeedabbeeaedcadba87adaefcbeebace	0.010215	139x104+194+245	0.076501	0.000052	0.000000	0.447638	0.000000	0.034078	0.000000
925	1786607751133	824.048	0.931	0.013932	126x126+379+229	0.042674	eeeeeeedabbeeaedcadba87adaefcbeebace	0.010215	139x104+194+245	0.076501	0.000052	0.000000	0.447638	0.000000	0.045010	0.000000
926	1786607752069	824.983	0.923	0.013932	126x126+379+229	0.042674	eeeeeeedabbeeaedcadba87adaefcbeebace	0.010215	139x104+194+245	0.076501	0.000052	0.000000	0.447638	0.000000	0.035409	0.000000
927	1786607752997	825.912	0.881	0.013932	126x126+379+229	0.042674	eeeeeeedabbeeaedcadba87adaefcbeebace	0.010215	139x104+194+245	0.076501	0.000052	0.000000	0.447638	0.000000	0.042633	0.000000
928	1786607753884	826.798	0.875	0.013932	126x126+379+229	0.042674	eeeeeeedabbeeaedcadba87adaefcbeebace	0.010215	139x104+194+245	0.076501	0.000052	0.000000	0.447638	0.000000	0.042633	0.000000
929	1786607754764	827.679	0.820	0.013932	126x126+379+229	0.042674	eeeeeeedabbeeaedcadba87adaefcbeebace	0.010215	139x104+194+245	0.076501	0.000052	0.000000	0.447638	0.000000	0.042633	0.000000
930	1786607755589	828.504	0.869	0.013932	126x126+379+229	0.042674	eeeeeeedabbeeaedcadba87adaefcbeebace	0.010215	139x104+194+245	0.076501	0.000052	0.000000	0.447638	0.000000	0.042570	0.000000
931	1786607756464	829.378	0.921	0.013932	126x126+379+229	0.042674	eeeeeeedabbeeaedcadba87adaefcbeebace	0.010215	139x104+194+245	0.076501	0.000052	0.000000	0.447638	0.000000	0.042570	0.000000
932	1786607757390	830.305	0.937	0.013932	126x126+379+229	0.042674	eeeeeeedabbeeaedcadba87aeaefcbeebace	0.000000		0.000000	0.000052	0.000000	0.000000	0.000000	0.042918	0.000000
933	1786607758333	831.247	0.952	0.013932	126x126+379+229	0.042674	eeeeeeedabbeeaedcadba87aeaefcbeebace	0.000000		0.000000	0.000052	0.000000	0.000000	0.000000	0.042918	0.000000
934	1786607759289	832.203	0.943	0.013932	126x126+379+229	0.042674	eeeeeeedabbeeaedcadba87aeaefcbeebace	0.000000		0.000000	0.000052	0.000000	0.000000	0.000000	0.042728	0.000000
935	1786607760238	833.153	0.917	0.013932	126x126+379+229	0.042674	eeeeeeedabbeeaedcadba87aeaefcbeebace	0.000000		0.000000	0.000052	0.000000	0.000000	0.000000	0.042728	0.000000
936	1786607761160	834.075	0.902	0.013932	126x126+379+229	0.042674	eeeeeeedabbeeaedcadba87aeaefcbeebace	0.000000		0.000000	0.000052	0.000000	0.000000	0.000000	0.043821	0.000000
937	1786607762068	834.982	0.909	0.013932	126x126+379+229	0.042674	eeeeeeedabbeeaedcadba87aeaefcbeebace	0.000000		0.000000	0.000052	0.000000	0.000000	0.000000	0.037468	0.000000
938	1786607762981	835.896	0.923	0.013932	126x126+379+229	0.042674	eeeeeeedabbeeaedcadba87aeaefcbeebacd	0.000000		0.000000	0.000052	0.000000	0.000000	0.000000	0.037468	0.000000
939	1786607763910	836.824	0.906	0.013932	126x126+379+229	0.042674	eeeeeeedabbeeaedcadba87aeaefcbeebace	0.000000		0.000000	0.000052	0.000000	0.000000	0.000000	0.046831	0.000000
940	1786607764820	837.735	0.911	0.013932	126x126+379+229	0.042674	eeeeeeedabbeeaedcadba87aeaefcbeebace	0.000000		0.000000	0.000052	0.000000	0.000000	0.000000	0.046831	0.000000
941	1786607765736	838.651	0.866	0.013932	126x126+379+229	0.042674	eeeeeeedabbeeaedcadba87aeaefcbeebace	0.000000		0.000000	0.000052	0.000000	0.000000	0.000000	0.043441	0.000000
942	1786607766608	839.523	0.875	0.013932	126x126+379+229	0.042674	eeeeeeedabbeeaedcadba87aeaefcbeebace	0.000000		0.000000	0.000052	0.000000	0.000000	0.000000	0.043441	0.000000
943	1786607767488	840.403	0.925	0.013932	126x126+379+229	0.042674	eeeeeeedabbeeaedcadba87aeaefcbeebace	0.000000		0.000000	0.000052	0.000000	0.000000	0.000000	0.046831	0.000000
944	1786607768418	841.333	0.886	0.013932	126x126+379+229	0.042674	eeeeeeedabbeeaedcadba87aeaefcbeebace	0.000000		0.000000	0.000052	0.000000	0.000000	0.000000	0.046831	0.000000
945	1786607769311	842.225	0.914	0.013932	126x126+379+229	0.042674	eeeeeeedabbeeaedcadba87aeaefcbeebace	0.000000		0.000000	0.000052	0.000000	0.000000	0.000000	0.046831	0.000000
946	1786607770230	843.144	0.916	0.013932	126x126+379+229	0.042674	eeeeeeedabbeeaedcadba87aeaefcbeebace	0.000000		0.000000	0.000052	0.000000	0.000000	0.000000	0.043441	0.000000
947	1786607771152	844.067	0.890	0.013932	126x126+379+229	0.042674	eeeeeeedabbeeaedcadba87aeaefcbeebace	0.000000		0.000000	0.000052	0.000000	0.000000	0.000000	0.043441	0.000000
948	1786607772047	844.962	0.872	0.013932	126x126+379+229	0.042674	eeeeeeedabbeeaedcadba87aeaefcbeebace	0.000000		0.000000	0.000052	0.000000	0.000000	0.000000	0.041619	0.000000
949	1786607772925	845.839	0.838	0.013932	126x126+379+229	0.042674	eeeeeeedabbeeaedcadba87aeaefcbeebace	0.000000		0.000000	0.000052	0.000000	0.000000	0.000000	0.041619	0.000000
950	1786607773768	846.683	0.912	0.013932	126x126+379+229	0.042674	eeeeeeedabbeeaedcadba87aeaefcbeebace	0.000000		0.000000	0.000052	0.000000	0.000000	0.000000	0.041619	0.000000
951	1786607774686	847.601	0.883	0.013932	126x126+379+229	0.042674	eeeeeeedabbeeaedcadba87aeaefcbeebace	0.000000		0.000000	0.000052	0.000000	0.000000	0.000000	0.043441	0.000000
952	1786607775575	848.490	0.914	0.013932	126x126+379+229	0.042674	eeeeeeedabbeeaedcadba87aeaefcbeebace	0.000000		0.000000	0.000052	0.000000	0.000000	0.000000	0.043441	0.000000
953	1786607776495	849.409	0.897	0.013932	126x126+379+229	0.042674	eeeeeeedabbeeaedcadba87aeaefcbeebace	0.000000		0.000000	0.000052	0.000000	0.000000	0.000000	0.041619	0.000000
954	1786607777397	850.311	0.902	0.013932	126x126+379+229	0.042674	eeeeeeedabbeeaedcadba87aeaefcbeebace	0.000000		0.000000	0.000052	0.000000	0.000000	0.000000	0.041619	0.000000
955	1786607778305	851.220	0.879	0.013932	126x126+379+229	0.042674	eeeeeeedabbeeaedcadba87aeaefcbeebace	0.000000		0.000000	0.000052	0.000000	0.000000	0.000000	0.041619	0.000000
956	1786607779190	852.104	0.903	0.013932	126x126+379+229	0.042674	eeeeeeedabbeeaedcadba87aeaefcbeebace	0.000000		0.000000	0.000052	0.000000	0.000000	0.000000	0.041619	0.000000
957	1786607780099	853.013	0.890	0.013932	126x126+379+229	0.042674	eeeeeeedabbeeaedcadba87aeaefcbeebace	0.000000		0.000000	0.000052	0.000000	0.000000	0.000000	0.041619	0.000000
958	1786607780994	853.909	0.953	0.013932	126x126+379+229	0.042674	eeeeeeedabbeeaedcadba87aeaefcbeebace	0.000000		0.000000	0.000052	0.000000	0.000000	0.000000	0.041619	0.000000
959	1786607781953	854.868	0.854	0.013932	126x126+379+229	0.042674	eeeeeeedabbeeaedcadba87aeaefcbeebace	0.000000		0.000000	0.000052	0.000000	0.000000	0.000000	0.039243	0.000000
960	1786607782813	855.727	0.879	0.013932	126x126+379+229	0.042674	eeeeeeedabbeeaedcadba87aeaefcbeebace	0.000000		0.000000	0.000052	0.000000	0.000000	0.000000	0.039338	0.000000
961	1786607783698	856.613	0.944	0.013932	126x126+379+229	0.042674	eeeeeeedabbeeaedcadba87aeaefcbeebace	0.000000		0.000000	0.000052	0.000000	0.000000	0.000000	0.043441	0.000000
962	1786607784647	857.562	0.885	0.013932	126x126+379+229	0.042674	eeeeeeedabbeeaedcadba87aeaefcbeebace	0.000000		0.000000	0.000052	0.000000	0.000000	0.000000	0.045580	0.000000
963	1786607785538	858.452	0.947	0.013932	126x126+379+229	0.042674	eeeeeeedabbeeaedcadba87aeaefcbeebace	0.000000		0.000000	0.000052	0.000000	0.000000	0.000000	0.052899	0.000000
964	1786607786489	859.404	0.871	0.013932	126x126+379+229	0.042674	eeeeeeedabbeeaedcadba87aeaefcbeebace	0.000000		0.000000	0.000052	0.000000	0.000000	0.000000	0.047639	0.000000
965	1786607787367	860.281	0.881	0.013932	126x126+379+229	0.042674	eeeeeeedabbeeaedcadba87aeaefcbeebace	0.000000		0.000000	0.000052	0.000000	0.000000	0.000000	0.045580	0.000000
966	1786607788253	861.167	0.900	0.013932	126x126+379+229	0.042674	eeeeeeedabbeeaedcadba87aeaefcbeebace	0.000000		0.000000	0.000052	0.000000	0.000000	0.000000	0.035979	0.000000
967	1786607789159	862.073	0.905	0.013932	126x126+379+229	0.042674	eeeeeeedabbeeaedcadba87aeaefcbeebace	0.000000		0.000000	0.000052	0.000000	0.000000	0.000000	0.035979	0.000000
968	1786607790069	862.983	0.890	0.013932	126x126+379+229	0.042674	eeeeeeedabbeeaedcadba87aeaefcbeebace	0.000000		0.000000	0.000052	0.000000	0.000000	0.000000	0.035979	0.000000
969	1786607790965	863.880	0.855	0.013932	126x126+379+229	0.042674	eeeeeeedabbeeaedcadba87aeaefcbeebace	0.000000		0.000000	0.000052	0.000000	0.000000	0.000000	0.035979	0.000000
970	1786607791826	864.740	0.872	0.013932	126x126+379+229	0.042674	eeeeeeedabbeeaedcadba87aeaefcbeebace	0.000000		0.000000	0.000052	0.000000	0.000000	0.000000	0.043203	0.000000
971	1786607792703	865.618	0.906	0.013932	126x126+379+229	0.042674	eeeeeeedabbeeaedcadba87aeaefcbeebace	0.000000		0.000000	0.000052	0.000000	0.000000	0.000000	0.043140	0.000000
972	1786607793614	866.529	0.878	0.013932	126x126+379+229	0.042674	eeeeeeedabbeeaedcadba87aeaefcbeebace	0.000000		0.000000	0.000052	0.000000	0.000000	0.000000	0.043140	0.000000
973	1786607794498	867.413	0.948	0.013932	126x126+379+229	0.042674	eeeeeeedabbeeaedcadba87aeaefcbeebace	0.000000		0.000000	0.000052	0.000000	0.000000	0.000000	0.043140	0.000000
974	1786607795452	868.366	0.916	0.013932	126x126+379+229	0.042674	eeeeeeedabbeeaedcadba87aeaefcbeebace	0.000000		0.000000	0.000052	0.000000	0.000000	0.000000	0.043489	0.000000
975	1786607796374	869.288	0.859	0.013932	126x126+379+229	0.042674	eeeeeeedabbeeaedcadba87aeaefcbeebace	0.000000		0.000000	0.000052	0.000000	0.000000	0.000000	0.043489	0.000000
976	1786607797238	870.152	0.878	0.013932	126x126+379+229	0.042674	eeeeeeedabbeeaedcadba87aeaefcbeebace	0.000000		0.000000	0.000052	0.000000	0.000000	0.000000	0.043489	0.000000
977	1786607798121	871.036	0.895	0.013932	126x126+379+229	0.042674	eeeeeeedabbeeaedcadba87aeaefcbeebace	0.000000		0.000000	0.000052	0.000000	0.000000	0.000000	0.043489	0.000000
978	1786607799021	871.936	0.902	0.013932	126x126+379+229	0.042674	eeeeeeedabbeeaedcadba87aeaefcbeebace	0.000000		0.000000	0.000052	0.000000	0.000000	0.000000	0.043298	0.000000
979	1786607799929	872.843	0.911	0.000000		0.000000	eeeeeeeeeeeeeeeeeeeeeeeeeeeeeeeeeeee	0.000000		0.000000	0.000000	0.000000	0.000000	0.000000	0.043203	0.000000
980	1786607800844	873.759	0.887	0.000000		0.000000	eeeeeeeeeeeeeeeeeeeeeeeeeeeeeeeeeeee	0.000000		0.000000	0.000000	0.000000	0.000000	0.000000	0.038039	0.000000
981	1786607801737	874.652	0.896	0.000000		0.000000	eeeeeeeeeeeeeeeeeeeeeeeeeeeeeeeeeeee	0.000000		0.000000	0.000000	0.000000	0.000000	0.000000	0.044392	0.000000
982	1786607802638	875.553	0.891	0.000000		0.000000	eeeeeeeeeeeeeeeeeeeeeeeeeeeeeeeeeeee	0.000000		0.000039	0.000000	0.000000	0.000000	0.000000	0.043489	0.000000
983	1786607803535	876.449	0.898	0.000000		0.000000	eeeeeeeeeeeeeeeeeeeeeeeeeeeeeeeeeeee	0.000000		0.000283	0.000000	0.000000	0.000000	0.000000	0.043203	0.000000
984	1786607804438	877.352	0.886	0.000000		0.000000	eeeeeeeeeeeeeeeeeeeeeeeeeeeeeeeeeeee	0.000000		0.000290	0.000000	0.000000	0.000000	0.000000	0.043203	0.000000
985	1786607805330	878.244	0.896	0.000000		0.000000	eeeeeeeeeeeeeeeeeeeeeeeeeeeeeeeeeeee	0.000000		0.000244	0.000000	0.000000	0.000000	0.000000	0.043489	0.000000
986	1786607806231	879.146	0.942	0.000000		0.000000	eeeeeeeeeeeeeeeeeeeeeeeeeeeeeeeeeeee	0.000000		0.000283	0.000000	0.000000	0.000000	0.000000	0.043140	0.000000
987	1786607807179	880.094	0.873	0.000000		0.000000	eeeeeeeeeeeeeeeeeeeeeeeeeeeeeeeeeeee	0.000000		0.000313	0.000000	0.000000	0.000000	0.000000	0.043489	0.000000
988	1786607808058	880.972	0.944	0.000000		0.000000	eeeeeeeeeeeeeeeeeeeeeeeeeeeeeeeeeeee	0.000000		0.000397	0.000000	0.000000	0.000210	0.000000	0.045913	0.000000
989	1786607809008	881.923	0.863	0.000000		0.004444	eeeeddeeeeeeeeeeeeeeeeeeeeeeeeeeeeee	0.000000		0.000303	0.000000	0.000000	0.000514	0.000000	0.052725	0.000000
990	1786607809877	882.791	0.901	0.000000		0.022917	eeeeb8eeeeeeeeeeeeeeeeeeeeeeeeeeeeee	0.000000		0.000462	0.000000	0.000000	0.001448	0.000000	0.061977	0.000000
991	1786607810783	883.698	0.867	0.000000		0.026979	eeeedbeeeee9eeeeeeeeeeeeeeeeeeeeeeee	0.000000		0.000498	0.000000	0.000000	0.001505	0.000000	0.070342	0.000000
992	1786607811656	884.570	0.886	0.000000		0.019931	eeeeebeeeee9eeeeeeeeeeeeeeeeeeeeeeee	0.000000		0.000527	0.000000	0.000000	0.000686	0.000000	0.072101	0.000000
993	1786607812549	885.463	0.885	0.000000		0.016493	eeeeeceeeeebeeeeedeeeeeeeeeeeeeeeeee	0.000000		0.000348	0.000000	0.000000	0.000590	0.000000	0.069613	0.000000
994	1786607813439	886.354	0.903	0.000000		0.000000	eeeeeeeeeeeeeeeeeeeeeeeedeeeeeeeeeee	0.000000		0.000348	0.000000	0.000000	0.000705	0.000000	0.050808	0.000000
995	1786607814349	887.263	0.901	0.000000		0.000000	eeeeeeeeeeeeeeeeeeeeeeeeeeeeeedeeeee	0.000000		0.000391	0.000000	0.000000	0.000419	0.000000	0.047354	0.000000
996	1786607815255	888.169	0.890	0.000000		0.000000	eeeeeeeeeeeeeeeeeeeeeeeeeeeeeeeeeeee	0.000000		0.000472	0.000000	0.000000	0.000267	0.000000	0.038039	0.000000
997	1786607816152	889.066	0.888	0.000000		0.000000	eeeeeeeeeeeeeeeeeeeeeeeeeeeeeeeeeeee	0.000000		0.000576	0.000000	0.000000	0.000076	0.000000	0.038039	0.000000
998	1786607817045	889.960	0.924	0.000000		0.000000	eeeeeeeeeeeeeeeeeeeeeeeeeeeeeeeeeeee	0.000000		0.000550	0.000000	0.000000	0.000000	0.000000	0.038039	0.000000
999	1786607817975	890.890	0.873	0.000000		0.000000	eeeeeeeeeeeeeeeeeeeeeeeeeeeeeeeeeeee	0.000000		0.000449	0.000000	0.000000	0.000000	0.000000	0.047402	0.000000
1000	1786607818853	891.767	0.892	0.000000		0.000000	eeeeeeeeeeeeeeeeeeeeeeeeeeeeeeeeeeee	0.000000		0.000332	0.000000	0.000000	0.000000	0.000000	0.047402	0.000000
1001	1786607819751	892.665	0.923	0.000000		0.000000	eeeeeeeeeeeeeeeeeeeeeeeeeeeeeeeeeeee	0.000000		0.000225	0.000000	0.000000	0.000000	0.000000	0.047402	0.000000
1002	1786607820679	893.593	0.885	0.000000		0.000000	eeeeeeeeeeeeeeeeeeeeeeeeeeeeeeeeeeee	0.000000		0.000081	0.000000	0.000000	0.000000	0.000000	0.050745	0.000000
1003	1786607821570	894.484	0.904	0.000000		0.000000	eeeeeeeeeeeeeeeeeeeeeeeeeeeeeeeeeeee	0.000000		0.000199	0.000000	0.000000	0.000000	0.000000	0.054990	0.000000
1004	1786607822479	895.394	0.928	0.000000		0.000000	eeeeeeeeeeeeeeeeeeeeeeeeeeeeeeeeeeee	0.000000		0.000247	0.000000	0.000000	0.000000	0.000000	0.055276	0.000000
1005	1786607823413	896.327	0.938	0.000000		0.000000	eeeeeeeeeeeeeeeeeeeeeeeeeeeeeeeeeeee	0.000000		0.000036	0.000000	0.000000	0.000000	0.000000	0.057763	0.000000
1006	1786607824356	897.271	0.899	0.000000		0.000000	eeeeeeeeeeeeeeeeeeeeeeeeeeeeeeeeeeee	0.000000		0.000016	0.000000	0.000000	0.000000	0.000000	0.044011	0.000000
1007	1786607825261	898.176	0.884	0.000000		0.000000	eeeeeeeeeeeeeeeeeeeeeeeeeeeeeeeeeeee	0.000000		0.000000	0.000000	0.000000	0.000000	0.000000	0.044011	0.000000
1008	1786607826150	899.064	0.895	0.000000		0.000000	eeeeeeeeeeeeeeeeeeeeeeeeeeeeeeeeeeee	0.000000		0.000000	0.000000	0.000000	0.000000	0.000000	0.044011	0.000000
1009	1786607827050	899.965	0.896	0.000000		0.000000	eeeeeeeeeeeeeeeeeeeeeeeeeeeeeeeeeeee	0.000000		0.000000	0.000000	0.000000	0.000000	0.000000	0.044011	0.000000
1010	1786607827951	900.865	0.880	0.000000		0.000000	eeeeeeeeeeeeeeeeeeeeeeeeeeeeeeeeeeee	0.000000		0.000000	0.000000	0.000000	0.000000	0.000000	0.044011	0.000000
1011	1786607828836	901.750	0.930	0.000000		0.000000	eeeeeeeeeeeeeeeeeeeeeeeeeeeeeeeeeeee	0.000000		0.000000	0.000000	0.000000	0.000000	0.000000	0.047402	0.000000
1012	1786607829771	902.685	0.927	0.000000		0.000000	eeeeeeeeeeeeeeeeeeeeeeeeeeeeeeeeeeee	0.000000		0.000000	0.000000	0.000000	0.000000	0.000000	0.052804	0.000000
1013	1786607830702	903.617	0.878	0.000000		0.000000	eeeeeeeeeeeeeeeeeeeeeeeeeeeeeeeeeeee	0.000000		0.000000	0.000000	0.000000	0.000000	0.000000	0.052804	0.000000
1014	1786607831585	904.500	0.908	0.000000		0.000000	eeeeeeeeeeeeeeeeeeeeeeeeeeeeeeeeeeee	0.000000		0.000000	0.000000	0.000000	0.000000	0.000000	0.052804	0.000000
1015	1786607832498	905.413	0.848	0.000000		0.000000	eeeeeeeeeeeeeeeeeeeeeeeeeeeeeeeeeeee	0.000000		0.000000	0.000000	0.000000	0.000000	0.000000	0.052804	0.000000
1016	1786607833351	906.265	0.913	0.000000		0.000000	eeeeeeeeeeeeeeeeeeeeeeeeeeeeeeeeeeee	0.000000		0.000000	0.000000	0.000000	0.000000	0.000000	0.052804	0.000000
1017	1786607834269	907.183	0.865	0.000000		0.000000	eeeeeeeeeeeeeeeeeeeeeeeeeeeeeeeeeeee	0.000000		0.000000	0.000000	0.000000	0.000000	0.000000	0.052804	0.000000
1018	1786607835138	908.053	0.891	0.000000		0.000000	eeeeeeeeeeeeeeeeeeeeeeeeeeeeeeeeeeee	0.000000		0.000000	0.000000	0.000000	0.000000	0.000000	0.052804	0.000000
1019	1786607836035	908.949	0.882	0.000000		0.000000	eeeeeeeeeeeeeeeeeeeeeeeeeeeeeeeeeeee	0.000000		0.000000	0.000000	0.000000	0.000000	0.000000	0.044011	0.000000
1020	1786607836921	909.836	0.880	0.000000		0.000000	eeeeeeeeeeeeeeeeeeeeeeeeeeeeeeeeeeee	0.000000		0.000000	0.000000	0.000000	0.000000	0.000000	0.044011	0.000000
1021	1786607837807	910.721	0.848	0.000000		0.000000	eeeeeeeeeeeeeeeeeeeeeeeeeeeeeeeeeeee	0.000000		0.000000	0.000000	0.000000	0.000000	0.000000	0.047402	0.000000
1022	1786607838660	911.574	0.872	0.000000		0.000000	eeeeeeeeeeeeeeeeeeeeeeeeeeeeeeeeeeee	0.000000		0.000000	0.000000	0.000000	0.000000	0.000000	0.047402	0.000000
1023	1786607839538	912.452	0.885	0.000000		0.000000	eeeeeeeeeeeeeeeeeeeeeeeeeeeeeeeeeeee	0.000000		0.000000	0.000000	0.000000	0.000000	0.000000	0.047402	0.000000
1024	1786607840427	913.341	0.882	0.000000		0.000000	eeeeeeeeeeeeeeeeeeeeeeeeeeeeeeeeeeee	0.000000		0.000000	0.000000	0.000000	0.000000	0.000000	0.038039	0.000000
1025	1786607841314	914.229	0.877	0.000000		0.000000	eeeeeeeeeeeeeeeeeeeeeeeeeeeeeeeeeeee	0.000000		0.000000	0.000000	0.000000	0.000000	0.000000	0.044392	0.000000
1026	1786607842197	915.111	0.890	0.000000		0.000000	eeeeeeeeeeeeeeeeeeeeeeeeeeeeeeeeeeee	0.000000		0.000000	0.000000	0.000000	0.000000	0.000000	0.044392	0.000000
1027	1786607843092	916.006	0.848	0.000000		0.000000	eeeeeeeeeeeeeeeeeeeeeeeeeeeeeeeeeeee	0.000000		0.000000	0.000000	0.000000	0.000000	0.000000	0.047418	0.000000
1028	1786607843944	916.859	0.911	0.000000		0.000000	eeeeeeeeeeeeeeeeeeeeeeeeeeeeeeeeeeee	0.000000		0.000000	0.000000	0.000000	0.000000	0.000000	0.038039	0.000000
1029	1786607844861	917.776	0.834	0.000000		0.000000	eeeeeeeeeeeeeeeeeeeeeeeeeeeeeeeeeeee	0.000000		0.000000	0.000000	0.000000	0.000000	0.000000	0.035979	0.000000
1030	1786607845700	918.615	0.910	0.000000		0.000000	eeeeeeeeeeeeeeeeeeeeeeeeeeeeeeeeeeee	0.000000		0.000000	0.000000	0.000000	0.000000	0.000000	0.043203	0.000000
1031	1786607846616	919.530	0.858	0.000000		0.000000	eeeeeeeeeeeeeeeeeeeeeeeeeeeeeeeeeeee	0.000000		0.000000	0.000000	0.000000	0.000000	0.000000	0.043203	0.000000
1032	1786607847479	920.393	0.861	0.000000		0.000000	eeeeeeeeeeeeeeeeeeeeeeeeeeeeeeeeeeee	0.000000		0.000000	0.000000	0.000000	0.000000	0.000000	0.035979	0.000000
1033	1786607848346	921.260	0.833	0.000000		0.000000	eeeeeeeeeeeeeeeeeeeeeeeeeeeeeeeeeeee	0.000000		0.000000	0.000000	0.000000	0.000000	0.000000	0.035979	0.000000
1034	1786607849183	922.098	0.854	0.000000		0.000000	eeeeeeeeeeeeeeeeeeeeeeeeeeeeeeeeeeee	0.000000		0.000000	0.000000	0.000000	0.000000	0.000000	0.043203	0.000000
1035	1786607850043	922.957	0.853	0.000000		0.000000	eeeeeeeeeeeeeeeeeeeeeeeeeeeeeeeeeeee	0.000000		0.000000	0.000000	0.000000	0.000000	0.000000	0.043156	0.000000
1036	1786607850900	923.815	0.875	0.000000		0.000000	dddeeeeeeeeeeeeeeeeeeeeeeeeeeeeeeeee	0.000000		0.000000	0.000000	0.000000	0.000000	0.000000	0.043203	0.000000
1037	1786607851781	924.696	0.892	0.000000		0.000000	dddeeedddeeeddeeeeeeeeeeeeeeeeeeeeee	0.000000		0.000000	0.000000	0.000000	0.000000	0.000000	0.043203	0.000000
1038	1786607852679	925.593	0.880	0.000000		0.000000	eeeeeeddeeeeddeeeedceeeeeeeeeeeeeeee	0.000000		0.000000	0.000000	0.000000	0.000000	0.000000	0.043140	0.000000
1039	1786607853565	926.480	0.875	0.013906	126x126+379+229	0.042222	eeeeeeedabbeeaedcacba87ac9efcbdebace	0.000000		0.000000	0.000052	0.000000	0.000000	0.000000	0.043140	0.000000
1040	1786607854445	927.360	0.893	0.013932	126x126+379+229	0.042674	eeeeeeedabbeeaedcadba87ad9efcbddbace	0.000000		0.000000	0.000052	0.000000	0.000000	0.000000	0.043489	0.000000
1041	1786607855344	928.259	0.879	0.013932	126x126+379+229	0.042674	ddddddedabbeeaedcadba87aeaefcbdebace	0.000000		0.000000	0.000052	0.000000	0.000000	0.000000	0.043298	0.000000
1042	1786607856228	929.143	0.905	0.013932	126x126+379+229	0.042674	eeeeeeedabbedaedcadba87aeaefcbeebace	0.000000		0.000000	0.000052	0.000000	0.000000	0.000000	0.043298	0.000000
1043	1786607857139	930.054	0.870	0.013932	126x126+379+229	0.042674	eeeeeeedabbeeaedcadba87aeaefcbeebace	0.000000		0.000000	0.000052	0.000000	0.000000	0.000000	0.044392	0.000000
1044	1786607858014	930.929	0.906	0.013932	126x126+379+229	0.042674	eeeedeedabbeeaedcadba87aeaefcbddbacd	0.000000		0.000000	0.000052	0.000000	0.000000	0.000000	0.043298	0.000000
1045	1786607858926	931.841	0.883	0.013932	126x126+379+229	0.042674	eeeeeeedabbeeaedcadba87aeaefcbeebace	0.000000		0.000000	0.000052	0.000000	0.000000	0.000000	0.043298	0.000000
1046	1786607859815	932.729	0.864	0.013932	126x126+379+229	0.042674	eeedeeedabbeeaedcadba87aeaefcbeebace	0.000000		0.000000	0.000052	0.000000	0.000000	0.000000	0.043298	0.000000
1047	1786607860685	933.600	0.876	0.013932	126x126+379+229	0.042674	eeeeeeedabbeeaedcadba87aeaefcbeebace	0.000000		0.000000	0.000052	0.000000	0.000000	0.000000	0.044392	0.000000
1048	1786607861566	934.480	0.873	0.013932	126x126+379+229	0.042674	eedeeeedabbeeaedcadba87aeaefcbeebace	0.000000		0.000000	0.000052	0.000000	0.000000	0.000000	0.044392	0.000000
1049	1786607862445	935.359	0.894	0.013932	126x126+379+229	0.042674	eedeeeedabbeeaedcadba87aeaefcbeebace	0.000000		0.000000	0.000052	0.000000	0.000000	0.000000	0.038039	0.000000
1050	1786607863344	936.258	0.860	0.013932	126x126+379+229	0.042674	eeeeeeedabbeeaedcadba87aeaefcbeebace	0.000000		0.000000	0.000052	0.000000	0.000000	0.000000	0.044392	0.000000
1051	1786607864209	937.124	0.912	0.013932	126x126+379+229	0.042674	edeeeeedabbeeaedcadba87aeaefcbeebace	0.000000		0.000000	0.000052	0.000000	0.000000	0.000000	0.044011	0.000000
1052	1786607865127	938.041	0.904	0.013932	126x126+379+229	0.042674	eeeeeeedabbeeaedcadba87aeaefcbeebace	0.000000		0.000000	0.000052	0.000000	0.000000	0.000000	0.050380	0.000000
1053	1786607866037	938.951	0.865	0.013932	126x126+379+229	0.042674	eeeeeeedabbeeaedcadba87aeaefcbeebace	0.000000		0.000000	0.092946	0.010189	0.000000	0.000000	0.000000	0.452107
1054	1786607866907	939.822	0.875	0.013932	126x126+379+229	0.042674	eeeeeeedabbeeaedcadba87aeaefcbedbace	0.000000		0.000000	0.092946	0.010189	0.000000	0.000000	0.000000	0.452107
1055	1786607867788	940.702	0.905	0.013932	126x126+379+229	0.042674	eeeeeeedabbeeaedcadba87aeaefcbedbace	0.000000		0.000000	0.091462	0.011455	0.000000	0.000000	0.000000	0.444883
1056	1786607868697	941.612	0.887	0.013932	126x126+379+229	0.042674	eeeeeeedabbeeaedcadba87aeaefcbedbace	0.000000		0.000000	0.091462	0.011455	0.000000	0.000000	0.000000	0.444883
1057	1786607869590	942.504	0.888	0.013932	126x126+379+229	0.042674	eeeeeeedabbeeaedcadba87aeaefcbeebace	0.000000		0.000000	0.092946	0.010189	0.000000	0.000000	0.000000	0.452107
1058	1786607870483	943.398	0.915	0.013932	126x126+379+229	0.042674	eeeeeeedabbeeaedcadba87aeaefcbeebace	0.000000		0.000000	0.092946	0.010189	0.000000	0.000000	0.000000	0.452107
1059	1786607871404	944.318	0.917	0.013932	126x126+379+229	0.042674	eeeeeeedabbdeaedcadba87aeaefcbeebace	0.000000		0.000000	0.000052	0.000000	0.000000	0.000000	0.050523	0.000000
1060	1786607872326	945.240	0.910	0.013932	126x126+379+229	0.042674	eeeeeeddabbdeaedcadba87aeaefcbeebace	0.000000		0.000000	0.090817	0.012041	0.000000	0.000000	0.000000	0.441746
1061	1786607873241	946.156	0.910	0.013932	126x126+379+229	0.042674	eeeeeeedabbeeaedcadba87aeaefcbeebacd	0.000000		0.000000	0.090817	0.012041	0.000000	0.000000	0.000000	0.441746
1062	1786607874156	947.071	0.929	0.013932	126x126+379+229	0.042674	eeeeeeedabbeeaedcadba87aeaefcbeebace	0.000000		0.000000	0.090817	0.012041	0.000000	0.000000	0.000000	0.441746
1063	1786607875091	948.005	0.917	0.013932	126x126+379+229	0.042674	eeeeeeedabbeeaedcadba87aeaefcbeebace	0.000000		0.000000	0.090817	0.012041	0.000000	0.000000	0.000000	0.441746
1064	1786607876013	948.927	0.896	0.013932	126x126+379+229	0.042674	eeeeeeedabbeeaedcadba87aeaefcbeebace	0.000000		0.000000	0.090817	0.012041	0.000000	0.000000	0.000000	0.441746
1065	1786607876915	949.829	0.862	0.013932	126x126+379+229	0.042674	eeeeeeedabbeeaedcadba87aeaefcbeebacd	0.000000		0.000000	0.090817	0.012041	0.000000	0.000000	0.000000	0.441746
1066	1786607877781	950.696	0.891	0.013932	126x126+379+229	0.042674	eeeeeeedabbeeaedcadba87aeaefcbeebace	0.000000		0.000000	0.090817	0.012041	0.000000	0.000000	0.000000	0.441746
1067	1786607878678	951.593	0.890	0.013932	126x126+379+229	0.042674	eeeeeeedabbeeaedcadba87aeaefcbeebace	0.000000		0.000000	0.000052	0.000000	0.000000	0.000000	0.050523	0.000000
1068	1786607879574	952.488	0.874	0.013932	126x126+379+229	0.042674	eeeeeeedabbeeaedcadba87aeaefcbeebace	0.000000		0.000000	0.000052	0.000000	0.000000	0.000000	0.050713	0.000000
1069	1786607880454	953.368	0.898	0.013932	126x126+379+229	0.042674	eeeeeeedabbeeaedcadba87aeaefcbeebace	0.000000		0.000003	0.000052	0.000000	0.000000	0.000000	0.050364	0.000000
1070	1786607881357	954.271	0.896	0.013932	126x126+379+229	0.042674	eeeeeeedabbeeaedcadba87aeaefcbeebace	0.000000		0.000000	0.000052	0.000000	0.000000	0.000000	0.050364	0.000000
1071	1786607882259	955.174	0.885	0.013932	126x126+379+229	0.042674	eeeeeeedabbeeaedcadba87aeaefcbeebace	0.000000		0.000000	0.000052	0.000000	0.000000	0.000000	0.050364	0.000000
1072	1786607883150	956.064	0.920	0.013932	126x126+379+229	0.042674	eeeeeeedabbeeaedcadba87aeaefcbeebace	0.000000		0.000000	0.000052	0.000000	0.000000	0.000000	0.050364	0.000000
1073	1786607884076	956.991	0.900	0.013932	126x126+379+229	0.042674	eeeeeeedabbeeaedcadba87aeaefcbeebace	0.000000		0.000000	0.000052	0.000000	0.000000	0.000000	0.043203	0.000000
1074	1786607884981	957.896	0.901	0.013932	126x126+379+229	0.042674	eddddeedabbeeaedcadba87aeaefcbeebace	0.000000		0.000000	0.000052	0.000000	0.000000	0.000000	0.052804	0.000000
1075	1786607885888	958.803	0.904	0.013932	126x126+379+229	0.042674	eeeeeeedaaadeaedcadba87aeaefcbeebace	0.000000		0.000000	0.000052	0.000000	0.000000	0.000000	0.052804	0.000000
1076	1786607886797	959.712	0.898	0.013932	126x126+379+229	0.042674	eeeeeeedabbeeaedcadba87aeaefcbeebace	0.000000		0.000000	0.000052	0.000000	0.000000	0.000000	0.052804	0.000000
1077	1786607887701	960.616	0.908	0.013932	126x126+379+229	0.042674	eeeeeeedabbeeaedcadba87aeaefcbeebace	0.000000		0.000000	0.000052	0.000000	0.000000	0.000000	0.047402	0.000000
1078	1786607888614	961.528	0.890	0.013932	126x126+379+229	0.042674	eeeeeeedabbeeaedcadba87aeaefcbedbacd	0.000000		0.000000	0.000052	0.000000	0.000000	0.000000	0.052804	0.000000
1079	1786607889510	962.424	0.893	0.013932	126x126+379+229	0.042674	eeeeeeedabbeeaedcadba87aeaefcbedbace	0.000000		0.000000	0.000052	0.000000	0.000000	0.000000	0.052804	0.000000
1080	1786607890408	963.322	0.920	0.013932	126x126+379+229	0.042674	eeeeeeedabbeeaedcadba87aeaefcbeebace	0.000000		0.000000	0.000052	0.000000	0.000000	0.000000	0.052804	0.000000
1081	1786607891334	964.249	0.838	0.013932	126x126+379+229	0.042674	eeeeeeedabbeeaedcadba87aeaefcbeebace	0.000000		0.000000	0.000052	0.000000	0.000000	0.000000	0.052804	0.000000
1082	1786607892177	965.092	0.866	0.013932	126x126+379+229	0.042674	eeeeeeedabbeeaedcadba87aeaefcbeebace	0.000000		0.000000	0.000052	0.000000	0.000000	0.000000	0.044011	0.000000
1083	1786607893049	965.963	0.890	0.013932	126x126+379+229	0.042674	eeeeeeedabbeeaedcadba87aeaefcbeebace	0.000000		0.000000	0.000052	0.000000	0.000000	0.000000	0.044011	0.000000
1084	1786607893945	966.859	0.895	0.013932	126x126+379+229	0.042674	eeeeeeedabbeeaedcadba87aeaefcbeebace	0.000000		0.000000	0.000052	0.000000	0.000000	0.000000	0.047402	0.000000
1085	1786607894846	967.761	0.886	0.013932	126x126+379+229	0.042674	eeedededabaeeaedcadba87aeaefcbeebace	0.000000		0.000000	0.000052	0.000000	0.000000	0.000000	0.047402	0.000000
1086	1786607895738	968.652	0.899	0.013932	126x126+379+229	0.042674	ddddeeedabadeaedcadba87aeaefcbeebace	0.000000		0.000000	0.000052	0.000000	0.000000	0.000000	0.044011	0.000000
1087	1786607896642	969.557	0.911	0.013932	126x126+379+229	0.042674	ddeeeeddabbeeaedcadba87aeaefcbeebace	0.000000		0.000000	0.000052	0.000000	0.000000	0.000000	0.044011	0.000000
1088	1786607897558	970.473	0.898	0.013932	126x126+379+229	0.042674	eeeeeeddabbedaedcadba87aeaefcbeebace	0.000000		0.000000	0.000052	0.000000	0.000000	0.000000	0.044011	0.000000
1089	1786607898463	971.377	0.879	0.013932	126x126+379+229	0.042674	eeeeeeedabbedaedcadba87aeaefcbeebacd	0.000000		0.000000	0.000052	0.000000	0.000000	0.000000	0.044011	0.000000
1090	1786607899347	972.261	0.835	0.013932	126x126+379+229	0.042674	eeeeeeedabbeeaedcadba87adaefcbedbacd	0.000000		0.000000	0.000052	0.000000	0.000000	0.000000	0.044011	0.000000
1091	1786607900187	973.102	0.878	0.013932	126x126+379+229	0.042674	eeeeeeedabbeeaedcadba87adaefcbddbace	0.000000		0.000000	0.000052	0.000000	0.000000	0.000000	0.044011	0.000000
1092	1786607901071	973.986	0.913	0.013932	126x126+379+229	0.042674	eeeeeeedabbeeaedcadba87aeaefcbdebace	0.000000		0.000000	0.000052	0.000000	0.000000	0.000000	0.052804	0.000000
1093	1786607901990	974.904	0.889	0.013932	126x126+379+229	0.042674	eeeeeeedabbeeaedcadba87aeaefcbeebace	0.000000		0.000000	0.000052	0.000000	0.000000	0.000000	0.043203	0.000000
1094	1786607902884	975.799	0.889	0.013932	126x126+379+229	0.042674	eeeeeeedabbeeaedcadba87aeaefcbeebace	0.000000		0.000000	0.000052	0.000000	0.000000	0.000000	0.043203	0.000000
1095	1786607903779	976.693	0.876	0.013932	126x126+379+229	0.042674	eeeeeeedabbeeaedcadba87aeaefcbeebace	0.000000		0.000000	0.000052	0.000000	0.000000	0.000000	0.043203	0.000000
1096	1786607904660	977.574	0.894	0.013932	126x126+379+229	0.042674	eeeeeeedabbeeaedcadba87aeaefcbeebace	0.000000		0.000000	0.000052	0.000000	0.000000	0.000000	0.043203	0.000000
1097	1786607905559	978.474	0.859	0.013932	126x126+379+229	0.042674	eeeeeeedabbeeaedcadba87aeaefcbeebace	0.000000		0.000000	0.000052	0.000000	0.000000	0.000000	0.052804	0.000000
1098	1786607906424	979.339	0.888	0.013932	126x126+379+229	0.042674	eeeeeeedabbeeaedcadba87aeaefcbeebace	0.000000		0.000000	0.000052	0.000000	0.000000	0.000000	0.052804	0.000000
1099	1786607907318	980.232	0.879	0.013932	126x126+379+229	0.042674	eeedeeedabbeeaedcadba87aeaefcbedbace	0.000000		0.000000	0.000052	0.000000	0.000000	0.000000	0.052804	0.000000
1100	1786607908202	981.117	0.885	0.013932	126x126+379+229	0.042674	eedeeeddabbeeaedcadba87aeaefcbeebace	0.000000		0.000000	0.000052	0.000000	0.000000	0.000000	0.052804	0.000000
1101	1786607909093	982.007	0.904	0.013932	126x126+379+229	0.042674	eeeeeeedabbeeaedcadba87aeaefcbeebace	0.000000		0.000000	0.000052	0.000000	0.000000	0.000000	0.043203	0.000000
1102	1786607910002	982.917	0.885	0.013932	126x126+379+229	0.042674	eddeeeedabbeeaedcadba87aeaefcbedbace	0.000000		0.000000	0.000052	0.000000	0.000000	0.000000	0.050428	0.000000
1103	1786607910893	983.808	0.903	0.013932	126x126+379+229	0.042674	eeeeeeedabbddaedcadba87aeaefcbddbace	0.000000		0.000000	0.000052	0.000000	0.000000	0.000000	0.043203	0.000000
1104	1786607911802	984.716	0.907	0.013932	126x126+379+229	0.042674	eeeeeeedabbeeaedcadba87adaefcbeebace	0.000000		0.000000	0.000052	0.000000	0.000000	0.000000	0.050428	0.000000
1105	1786607912714	985.629	0.881	0.013932	126x126+379+229	0.042674	eeeeeeedabbeeaedcadba87aeaefcbedbace	0.000000		0.000000	0.000052	0.000000	0.000000	0.000000	0.050428	0.000000
1106	1786607913601	986.516	0.902	0.013932	126x126+379+229	0.042674	eeeeeeedabbeeaedcadba87aeaefcbeebace	0.000000		0.000000	0.000052	0.000000	0.000000	0.000000	0.050428	0.000000
1107	1786607914509	987.424	0.857	0.013932	126x126+379+229	0.042674	eeeeeeedabbeeaedcadba87aeaefcbeebace	0.000000		0.000000	0.000052	0.000000	0.000000	0.000000	0.050428	0.000000
1108	1786607915372	988.286	0.889	0.013932	126x126+379+229	0.042674	eeeeeeedabbeeaedcadba87aeaefcbeebace	0.000000		0.000000	0.000052	0.000000	0.000000	0.000000	0.050364	0.000000
1109	1786607916267	989.181	0.904	0.013932	126x126+379+229	0.042674	eeeeeeedabbeeaedcadba87aeaefcbeebace	0.000000		0.000078	0.000052	0.000000	0.000000	0.000000	0.050364	0.000000
1110	1786607917176	990.091	0.907	0.013932	126x126+379+229	0.042674	eeeeeeedabbeeaedcadba87aeaefcbeebace	0.000000		0.000124	0.000052	0.000000	0.000000	0.000000	0.050364	0.000000
1111	1786607918089	991.004	0.897	0.013932	126x126+379+229	0.042674	eeeeeeedabbeeaedcadba87aeaefcbeebace	0.000000		0.000169	0.000052	0.000000	0.000000	0.000000	0.050364	0.000000
1112	1786607918992	991.907	0.898	0.013932	126x126+379+229	0.042674	eeeeeeedabbeeaedcadba87aeaefcbeebace	0.000000		0.000202	0.000052	0.000000	0.000000	0.000000	0.050364	0.000000
1113	1786607919896	992.811	0.884	0.013932	126x126+379+229	0.042674	eeeeeeedabbeeaedcadba87aeaefcbeebace	0.000000		0.000436	0.000052	0.000000	0.000000	0.000000	0.050364	0.000000
1114	1786607920786	993.701	0.881	0.013932	126x126+379+229	0.042674	eeeeeeedabbeeaedcadba87aeaefcbeebace	0.000000		0.000586	0.000052	0.000000	0.000000	0.000000	0.050364	0.000000
1115	1786607921674	994.588	0.903	0.013932	126x126+379+229	0.042674	eeeeeeedabbeeaedcadba87aeaefcbeebace	0.000000		0.000947	0.000052	0.000000	0.000000	0.000000	0.050428	0.000000
1116	1786607922582	995.497	0.890	0.013932	126x126+379+229	0.042674	eeeedeedabaeeaedcadba87aeaefcbeebace	0.000000		0.001211	0.000052	0.000000	0.000000	0.000000	0.050428	0.000000
1117	1786607923480	996.394	0.928	0.013932	126x126+379+229	0.042674	eeddeeedaaaeeaedcbdba87aeaefcbeebace	0.000000		0.001299	0.000052	0.000000	0.000000	0.000000	0.050428	0.000000
1118	1786607924414	997.328	0.900	0.013932	126x126+379+229	0.042674	edddededabbeeaedcbdba87aeaefcbeebace	0.000000		0.001400	0.000052	0.000000	0.000895	0.000000	0.043203	0.000000
1119	1786607925321	998.235	0.887	0.013932	126x126+379+229	0.042674	dccdddddaabdeaedcadba87aeaefcbeebace	0.000000		0.001260	0.000052	0.000000	0.001600	0.000000	0.052804	0.000000
1120	1786607926214	999.129	0.890	0.013932	126x126+379+229	0.042674	ddddeecbaaaddaedcadba87aeaefcbedbabe	0.000000		0.001143	0.000052	0.000000	0.002800	0.000000	0.052804	0.000000
1121	1786607927112	1000.026	0.858	0.013932	126x126+379+229	0.042674	eeeeeeddabbec9edcadba87aeaefcbeebace	0.000000		0.000908	0.000052	0.000000	0.003162	0.000000	0.052804	0.000000
1122	1786607927976	1000.890	0.903	0.013932	126x126+379+229	0.042674	eeeeeeedabbedaedcacba87adaefcbedbacd	0.000000		0.000768	0.000052	0.000000	0.003314	0.000000	0.043203	0.000000
1123	1786607928886	1001.800	0.915	0.013932	126x126+379+229	0.042674	ddeeeeedabbeeaedcadba87ac9efcbdcaacd	0.000000		0.000853	0.000052	0.000000	0.003790	0.000000	0.050428	0.000000
1124	1786607929808	1002.722	0.934	0.013932	126x126+379+229	0.042674	eeeeeeedabbeeaedcadba87adaefcbccaace	0.000000		0.000710	0.000052	0.000000	0.002781	0.000000	0.050428	0.000000
1125	1786607930748	1003.663	0.912	0.013932	126x126+379+229	0.042674	eeeeeeedabbeeaedcadba87aeaefcbeebace	0.000000		0.000482	0.000052	0.000000	0.001905	0.000000	0.043203	0.000000
1126	1786607931666	1004.581	0.894	0.013932	126x126+379+229	0.042674	eeeeeeedabbeeaedcadba87adaefcbeebace	0.000000		0.000176	0.000052	0.000000	0.000514	0.000000	0.043203	0.000000
1127	1786607932567	1005.481	0.937	0.013932	126x126+379+229	0.042674	eeeeeeedabbedaedcadba87aeaefcbedbace	0.000000		0.000016	0.000052	0.000000	0.000000	0.000000	0.043203	0.000000
1128	1786607933510	1006.424	0.898	0.013932	126x126+379+229	0.042674	eeeeeeedabbeeaedcadba87aeaefcbeebace	0.000000		0.000000	0.000052	0.000000	0.000000	0.000000	0.050428	0.000000
1129	1786607934414	1007.328	0.899	0.013932	126x126+379+229	0.042674	eeeeeeedabbeeaedcadba87aeaefcbeebace	0.000000		0.000000	0.000052	0.000000	0.000000	0.000000	0.050428	0.000000
1130	1786607935318	1008.233	0.851	0.013932	126x126+379+229	0.042674	eeeeeeedabbeeaedcadba87aeaefcbedbace	0.000000		0.000000	0.000052	0.000000	0.000000	0.000000	0.043203	0.000000
1131	1786607936175	1009.090	0.853	0.013932	126x126+379+229	0.042674	eeeeeeedabbeeaedcadba87aeaefcbeebace	0.000000		0.000000	0.000052	0.000000	0.000000	0.000000	0.052804	0.000000
1132	1786607937033	1009.948	0.872	0.013932	126x126+379+229	0.042674	eeeeeeedabbeeaedcadba87aeaefcbeebace	0.000000		0.000000	0.000052	0.000000	0.000000	0.000000	0.044011	0.000000
1133	1786607937911	1010.825	0.888	0.013932	126x126+379+229	0.042674	eeeeeeedabbeeaedcadba87aeaefcbeebace	0.000000		0.000000	0.000052	0.000000	0.000000	0.000000	0.047402	0.000000
1134	1786607938804	1011.718	0.877	0.013932	126x126+379+229	0.042674	eeeeeeedabbeeaedcadba87aeaefcbeebace	0.000000		0.000000	0.000052	0.000000	0.000000	0.000000	0.047402	0.000000
1135	1786607939686	1012.601	0.870	0.013932	126x126+379+229	0.042674	eeeeeeedabbeeaedcadba87aeaefcbeebace	0.000000		0.000000	0.000052	0.000000	0.000000	0.000000	0.043298	0.000000
1136	1786607940562	1013.476	0.881	0.013932	126x126+379+229	0.042674	eeeeeeedabbeeaedcadba87aeaefcbeebace	0.000000		0.000000	0.000052	0.000000	0.000000	0.000000	0.043203	0.000000
1137	1786607941449	1014.364	0.912	0.013932	126x126+379+229	0.042674	eeeeeeedabbeeaedcadba87aeaefcbeebace	0.000000		0.000000	0.000052	0.000000	0.000000	0.000000	0.057003	0.000000
1138	1786607942366	1015.281	0.909	0.013932	126x126+379+229	0.042674	deeeeeedabbeeaedcadba87aeaefcbeebace	0.000000		0.000000	0.000052	0.000000	0.000000	0.000000	0.047639	0.000000
1139	1786607943281	1016.196	0.897	0.013932	126x126+379+229	0.042674	eeeeeeedabbeeaedcadba87aeaefcbeebace	0.000000		0.000000	0.000052	0.000000	0.000000	0.000000	0.057003	0.000000
1140	1786607944183	1017.098	0.904	0.013932	126x126+379+229	0.042674	eeeeeeedabbeeaedcadba87aeaefcbeebace	0.000000		0.000000	0.000052	0.000000	0.000000	0.000000	0.053612	0.000000
1141	1786607945094	1018.008	0.885	0.013932	126x126+379+229	0.042674	eeeeeeedabbeeaedcadba87aeaefcbeebace	0.000000		0.000000	0.000052	0.000000	0.000000	0.000000	0.057003	0.000000
1142	1786607945984	1018.899	0.889	0.013932	126x126+379+229	0.042674	eeeeeeedabbeeaedcadba87aeaefcbeebace	0.000000		0.000000	0.000052	0.000000	0.000000	0.000000	0.057003	0.000000
1143	1786607946879	1019.793	0.917	0.013932	126x126+379+229	0.042674	eeeeeeedabbeeaedcadba87aeaefcbddbace	0.000000		0.000000	0.000052	0.000000	0.000000	0.000000	0.057003	0.000000
1144	1786607947801	1020.716	0.909	0.013932	126x126+379+229	0.042674	eeeeeeedabbeeaedcadba87aeaefcbeebace	0.000000		0.000000	0.000052	0.000000	0.000000	0.000000	0.045580	0.000000
1145	1786607948716	1021.630	0.910	0.013932	126x126+379+229	0.042674	eeeeeeedabbeeaedcadba87aeaefcbeebace	0.000000		0.000000	0.000052	0.000000	0.000000	0.000000	0.035979	0.000000
1146	1786607949630	1022.545	0.914	0.013932	126x126+379+229	0.042674	eeeeeeedabbeeaedcadba87aeaefcbeebace	0.000000		0.000000	0.000052	0.000000	0.000000	0.000000	0.043203	0.000000
1147	1786607950550	1023.465	0.890	0.013932	126x126+379+229	0.042674	eeeeeeedabbeeaedcadba87aeaefcbeebace	0.000000		0.000000	0.000052	0.000000	0.000000	0.000000	0.043489	0.000000
1148	1786607951446	1024.360	0.859	0.013932	126x126+379+229	0.042674	eeeeeeedabbeeaedcadba87aeaefcbeebace	0.000000		0.000000	0.000052	0.000000	0.000000	0.000000	0.043298	0.000000
1149	1786607952310	1025.225	0.875	0.013932	126x126+379+229	0.042674	eeeeeeedabbeeaedcadba87aeaefcbeebace	0.000000		0.000000	0.000052	0.000000	0.000000	0.000000	0.038039	0.000000
1150	1786607953190	1026.104	0.937	0.013932	126x126+379+229	0.042674	eeeeeeedabbeeaedcadba87aeaefcbeebace	0.000000		0.000000	0.000052	0.000000	0.000000	0.000000	0.044011	0.000000
1151	1786607954133	1027.047	0.909	0.013932	126x126+379+229	0.042674	eeeeeeedabbeeaedcadba87aeaefcbeebace	0.000000		0.000000	0.000052	0.000000	0.000000	0.000000	0.043203	0.000000
1152	1786607955047	1027.961	0.900	0.013932	126x126+379+229	0.042674	eeeeeeedabbeeaedcadba87aeaefcbeebace	0.000000		0.000000	0.000052	0.000000	0.000000	0.000000	0.050364	0.000000
1153	1786607955952	1028.867	0.890	0.013932	126x126+379+229	0.042674	eeeeeeedabbeeaedcadba87aeaefcbeebace	0.000000		0.000000	0.000052	0.000000	0.000000	0.000000	0.050364	0.000000
1154	1786607956847	1029.761	0.894	0.013932	126x126+379+229	0.042674	eeeeeeedabbeeaedcadba87aeaefcbeebace	0.000000		0.000000	0.000052	0.000000	0.000000	0.000000	0.050523	0.000000
1155	1786607957746	1030.660	0.886	0.013932	126x126+379+229	0.042674	eeeeeeedabbeeaedcadba87aeaefcbeebace	0.000000		0.000000	0.000052	0.000000	0.000000	0.000000	0.050713	0.000000
1156	1786607958636	1031.551	0.902	0.013932	126x126+379+229	0.042674	eeeeeeedabbeeaedcadba87aeaefcbeebace	0.000000		0.000000	0.000052	0.000000	0.000000	0.000000	0.050713	0.000000
1157	1786607959544	1032.459	0.898	0.013932	126x126+379+229	0.042674	eeeeeeedabbeeaedcadba87aeaefcbeebace	0.000000		0.000000	0.000052	0.000000	0.000000	0.000000	0.050713	0.000000
1158	1786607960447	1033.361	0.869	0.013932	126x126+379+229	0.042674	eeeeeeedabbeeaedcadba87aeaefcbeebace	0.000000		0.000000	0.000052	0.000000	0.000000	0.000000	0.050713	0.000000
1159	1786607961321	1034.235	0.950	0.013932	126x126+379+229	0.042674	eeeeeeedabbeeaedcadba87aeaefcbeebace	0.000000		0.000000	0.000052	0.000000	0.000000	0.000000	0.050713	0.000000
1160	1786607962276	1035.190	0.912	0.013932	126x126+379+229	0.042674	eeeedeedabbeeaedcadba87aeaefcbeebace	0.000000		0.000000	0.000052	0.000000	0.000000	0.000000	0.050364	0.000000
1161	1786607963192	1036.107	0.932	0.013932	126x126+379+229	0.042674	eeeeededabbdeaedcadba87aeaefcbeebace	0.000000		0.000000	0.000052	0.000000	0.000000	0.000000	0.050364	0.000000
1162	1786607964132	1037.046	0.901	0.013932	126x126+379+229	0.042674	eeeeeeedabbeeaedcadba87aeaefcbeebace	0.000000		0.000000	0.000052	0.000000	0.000000	0.000000	0.050428	0.000000
1163	1786607965038	1037.952	0.883	0.013932	126x126+379+229	0.042674	eeeeeeedabbeeaedcadba87aeaefcbeebace	0.000000		0.000000	0.000052	0.000000	0.000000	0.000000	0.050364	0.000000
1164	1786607965925	1038.840	0.889	0.013932	126x126+379+229	0.042674	eeeeeeedabbeeaedcadba87aeaefcbeebace	0.000000		0.000000	0.000052	0.000000	0.000000	0.000000	0.050713	0.000000
1165	1786607966820	1039.734	0.885	0.013932	126x126+379+229	0.042674	eeeeeeedabbeeaedcadba87aeaefcbeebace	0.000000		0.000000	0.000052	0.000000	0.000000	0.000000	0.050364	0.000000
1166	1786607967709	1040.624	0.850	0.013932	126x126+379+229	0.042674	eeeeeeedabbeeaedcadba87aeaefcbeebace	0.000000		0.000000	0.000052	0.000000	0.000000	0.000000	0.050428	0.000000
1167	1786607968564	1041.479	0.874	0.013932	126x126+379+229	0.042674	eeeeeeedabbeeaedcadba87aeaefcbeebace	0.000000		0.000000	0.000052	0.000000	0.000000	0.000000	0.050428	0.000000
1168	1786607969443	1042.358	0.881	0.013932	126x126+379+229	0.042674	eeeeeeedabbeeaedcadba87aeaefcbeebace	0.000000		0.000000	0.000052	0.000000	0.000000	0.000000	0.043203	0.000000
1169	1786607970330	1043.244	0.897	0.013932	126x126+379+229	0.042674	eeeeeeedabbeeaedcadba87aeaefcbeebace	0.000000		0.000000	0.000052	0.000000	0.000000	0.000000	0.043203	0.000000
1170	1786607971231	1044.146	0.890	0.013932	126x126+379+229	0.042674	eeeeeeedabbeeaedcadba87aeaefcbeebace	0.000000		0.000000	0.000052	0.000000	0.000000	0.000000	0.043203	0.000000
1171	1786607972126	1045.041	0.905	0.013932	126x126+379+229	0.042674	eeeeeeedabbeeaedcadba87aeaefcbeebace	0.000000		0.000000	0.000052	0.000000	0.000000	0.000000	0.044011	0.000000
1172	1786607973036	1045.951	0.884	0.013932	126x126+379+229	0.042674	eeeeeeedabbeeaedcadba87aeaefcbeebace	0.000000		0.000000	0.000052	0.000000	0.000000	0.000000	0.047402	0.000000
1173	1786607973925	1046.840	0.896	0.013932	126x126+379+229	0.042674	eeeeeeedabbeeaedcadba87aeaefcbeebace	0.000000		0.000000	0.000052	0.000000	0.000000	0.000000	0.038039	0.000000
1174	1786607974826	1047.741	0.904	0.013932	126x126+379+229	0.042674	eeeeeeedabbeeaedcadba87aeaefcbeebace	0.000000		0.000000	0.000052	0.000000	0.000000	0.000000	0.044392	0.000000
1175	1786607975736	1048.651	0.884	0.013932	126x126+379+229	0.042674	eeeeeeedabbeeaedcadba87aeaefcbeebace	0.000000		0.000000	0.000052	0.000000	0.000000	0.000000	0.043298	0.000000
1176	1786607976625	1049.539	0.858	0.013932	126x126+379+229	0.042674	eeeeeeedabbeeaedcadba87aeaefcbeebace	0.000000		0.000000	0.000052	0.000000	0.000000	0.000000	0.043298	0.000000
1177	1786607977488	1050.402	0.908	0.013932	126x126+379+229	0.042674	eeeeeeedabbeeaedcadba87aeaefcbeebace	0.000000		0.000000	0.000052	0.000000	0.000000	0.000000	0.038039	0.000000
1178	1786607978400	1051.314	0.920	0.013932	126x126+379+229	0.042674	eeeeeeedabbeeaedcadba87aeaefcbeebace	0.000000		0.000000	0.000052	0.000000	0.000000	0.000000	0.038039	0.000000
1179	1786607979325	1052.240	0.875	0.013932	126x126+379+229	0.042674	eeeeeeedabbeeaedcadba87aeaefcbeebace	0.000000		0.000000	0.000052	0.000000	0.000000	0.000000	0.038039	0.000000
1180	1786607980204	1053.118	0.926	0.013932	126x126+379+229	0.042674	eeeeeeedabbeeaedcadba87aeaefcbeebace	0.000000		0.000000	0.000052	0.000000	0.000000	0.000000	0.038039	0.000000
1181	1786607981135	1054.049	0.879	0.013932	126x126+379+229	0.042674	eeeeeeedabbeeaedcadba87aeaefcbeebace	0.000000		0.000000	0.000052	0.000000	0.000000	0.000000	0.038039	0.000000
1182	1786607982018	1054.932	0.890	0.013932	126x126+379+229	0.042674	eeeeeeedabbeeaedcadba87aeaefcbeebace	0.000000		0.000000	0.000052	0.000000	0.000000	0.000000	0.038039	0.000000
1183	1786607982912	1055.827	0.904	0.013932	126x126+379+229	0.042674	eeeeeeedabbeeaedcadba87aeaefcbeebace	0.000000		0.000000	0.000052	0.000000	0.000000	0.000000	0.038039	0.000000
1184	1786607983821	1056.736	0.885	0.013932	126x126+379+229	0.042674	eeeeeeedabbeeaedcadba87aeaefcbeebace	0.000000		0.000000	0.000052	0.000000	0.000000	0.000000	0.044011	0.000000
1185	1786607984711	1057.626	0.926	0.013932	126x126+379+229	0.042674	eeeeeeedabbeeaedcadba87aeaefcbeebace	0.000000		0.000000	0.000052	0.000000	0.000000	0.000000	0.038039	0.000000
1186	1786607985642	1058.557	0.903	0.013932	126x126+379+229	0.042674	eeeeeeedabbeeaedcadba87aeaefcbeebace	0.000000		0.000000	0.000052	0.000000	0.000000	0.000000	0.044011	0.000000
1187	1786607986550	1059.464	0.877	0.013932	126x126+379+229	0.042674	eeeeeeedabbdeaedcadba87aeaefcbeebace	0.000000		0.000000	0.000052	0.000000	0.000000	0.000000	0.044011	0.000000
1188	1786607987431	1060.346	0.913	0.013932	126x126+379+229	0.042674	eeeeeeedabbeeaedcadba87aeaefcbeebace	0.000000		0.000000	0.000052	0.000000	0.000000	0.000000	0.047402	0.000000
1189	1786607988349	1061.264	0.890	0.013932	126x126+379+229	0.042674	eeeeeeedabbeeaedcadba87aeaefcbeebace	0.000000		0.000000	0.000052	0.000000	0.000000	0.000000	0.047402	0.000000
1190	1786607989244	1062.159	0.886	0.013932	126x126+379+229	0.042674	eeeeeeedabbeeaedcadba87aeaefcbeebace	0.000000		0.000000	0.000052	0.000000	0.000000	0.000000	0.047402	0.000000
1191	1786607990135	1063.050	0.905	0.013932	126x126+379+229	0.042674	eeeeeeedabbeeaedcadba87aeaefcbeebace	0.000000		0.000000	0.000052	0.000000	0.000000	0.000000	0.038039	0.000000
1192	1786607991045	1063.959	0.889	0.013932	126x126+379+229	0.042674	eeeeeeedabbeeaedcadba87aeaefcbeebace	0.000000		0.000000	0.000052	0.000000	0.000000	0.000000	0.038039	0.000000
1193	1786607991939	1064.853	0.889	0.013932	126x126+379+229	0.042674	eeeeeeedabbeeaedcadba87aeaefcbeebace	0.000000		0.000000	0.000052	0.000000	0.000000	0.000000	0.044011	0.000000
1194	1786607992832	1065.746	0.901	0.013932	126x126+379+229	0.042674	eeeeeeedabbeeaedcadba87aeaefcbeebace	0.000000		0.000000	0.000052	0.000000	0.000000	0.000000	0.044392	0.000000
1195	1786607993738	1066.652	0.898	0.013932	126x126+379+229	0.042674	eeeeeeedabbeeaedcadba87aeaefcbeebace	0.000000		0.000000	0.000052	0.000000	0.000000	0.000000	0.038039	0.000000
1196	1786607994640	1067.555	0.898	0.013932	126x126+379+229	0.042674	eeeeeeedabbeeaedcadba87aeaefcbeebace	0.000000		0.000000	0.000052	0.000000	0.000000	0.000000	0.038039	0.000000
1197	1786607995543	1068.457	0.898	0.013932	126x126+379+229	0.042674	eeeeeeedabbeeaedcadba87aeaefcbeebace	0.000000		0.000000	0.000052	0.000000	0.000000	0.000000	0.043298	0.000000
1198	1786607996445	1069.359	0.915	0.013932	126x126+379+229	0.042674	eeeeeeedabbeeaedcadba87aeaefcbeebace	0.000000		0.000000	0.000052	0.000000	0.000000	0.000000	0.043203	0.000000
1199	1786607997364	1070.279	0.896	0.013932	126x126+379+229	0.042674	eeeeeeedabbeeaedcadba87aeaefcbeebace	0.000000		0.000000	0.000052	0.000000	0.000000	0.000000	0.053612	0.000000
1200	1786607998264	1071.179	0.907	0.013932	126x126+379+229	0.042674	eeeeeeedabbeeaedcadba87aeaefcbeebace	0.000000		0.000000	0.000052	0.000000	0.000000	0.000000	0.053992	0.000000
1201	1786607999176	1072.091	0.861	0.013932	126x126+379+229	0.042674	eeeeeeedabbeeaedcadba87aeaefcbeebace	0.000000		0.000000	0.000052	0.000000	0.000000	0.000000	0.053089	0.000000
1202	1786608000042	1072.956	0.880	0.013932	126x126+379+229	0.042674	eeeeeeedabbeeaedcadba87aeaefcbeebace	0.000000		0.000000	0.000052	0.000000	0.000000	0.000000	0.052804	0.000000
1203	1786608000926	1073.841	0.903	0.013932	126x126+379+229	0.042674	eeeeeeedabbeeaedcadba87aeaefcbeebace	0.000000		0.000000	0.000052	0.000000	0.000000	0.000000	0.040431	0.000000
1204	1786608001834	1074.748	0.975	0.013932	126x126+379+229	0.042674	eeeeeeedabbeeaedcadba87aeaefcbeebace	0.000000		0.000000	0.000052	0.000000	0.000000	0.000000	0.039243	0.000000
1205	1786608002814	1075.728	0.918	0.013932	126x126+379+229	0.042674	eeeeeeedabbeeaedcadba87aeaefcbeebace	0.000000		0.000000	0.000052	0.000000	0.000000	0.000000	0.041619	0.000000
1206	1786608003736	1076.651	0.904	0.013932	126x126+379+229	0.042674	eeeeeeedabbeeaedcadba87aeaefcbeebace	0.000000		0.000000	0.000052	0.000000	0.000000	0.000000	0.041619	0.000000
1207	1786608004645	1077.559	0.894	0.013932	126x126+379+229	0.042674	eeeeeeedabbeeaedcadba87aeaefcbeebace	0.000000		0.000000	0.000052	0.000000	0.000000	0.000000	0.043441	0.000000
1208	1786608005543	1078.457	0.930	0.013932	126x126+379+229	0.042674	eeeeeeedabbeeaedcadba87aeaefcbeebace	0.000000		0.000000	0.000052	0.000000	0.000000	0.000000	0.043441	0.000000
1209	1786608006477	1079.392	0.893	0.013932	126x126+379+229	0.042674	eeeeeeedabbeeaedcadba87aeaefcbeebace	0.000000		0.000000	0.000052	0.000000	0.000000	0.000000	0.046831	0.000000
1210	1786608007375	1080.290	0.879	0.013932	126x126+379+229	0.042674	eeeeeeedabbeeaedcadba87aeaefcbeebace	0.000000		0.000000	0.000052	0.000000	0.000000	0.000000	0.046831	0.000000
1211	1786608008259	1081.173	0.883	0.013932	126x126+379+229	0.042674	eeeeeeedabbeeaedcadba87aeaefcbeebace	0.000000		0.000000	0.000052	0.000000	0.000000	0.000000	0.037468	0.000000
1212	1786608009146	1082.060	0.900	0.013932	126x126+379+229	0.042674	eeeeeeedabbeeaedcadba87aeaefcbeebace	0.000000		0.000000	0.000052	0.000000	0.000000	0.000000	0.043821	0.000000
1213	1786608010051	1082.966	0.912	0.013932	126x126+379+229	0.042674	eeeeeeedabbeeaedcadba87aeaefcbeebace	0.000000		0.000000	0.000052	0.000000	0.000000	0.000000	0.043821	0.000000
1214	1786608010967	1083.881	0.905	0.013932	126x126+379+229	0.042674	eeeeededabbdeaedcadba87aeaefcbeebace	0.000000		0.000000	0.000052	0.000000	0.000000	0.000000	0.041619	0.000000
1215	1786608011877	1084.792	0.870	0.013932	126x126+379+229	0.042674	eeeeededabbdeaedcadba87aeaefcbeebace	0.000000		0.000000	0.000052	0.000000	0.000000	0.000000	0.041619	0.000000
1216	1786608012752	1085.666	0.938	0.013932	126x126+379+229	0.042674	eeeeeeedabbdeaedcadba87aeaefcbeebace	0.000000		0.000000	0.000052	0.000000	0.000000	0.000000	0.039338	0.000000
1217	1786608013695	1086.610	0.867	0.013932	126x126+379+229	0.042674	eeeeeeedabbdeaedcadba87aeaefcbeebace	0.000000		0.000000	0.000052	0.000000	0.000000	0.000000	0.034078	0.000000
1218	1786608014566	1087.481	0.888	0.013932	126x126+379+229	0.042674	eeeeeeedabbeeaedcadba87aeaefcbeebace	0.000000		0.000000	0.000052	0.000000	0.000000	0.000000	0.053089	0.000000
1219	1786608015459	1088.374	0.911	0.013932	126x126+379+229	0.042674	eeeeeeedabbeeaedcadba87aeaefcbeebacd	0.000000		0.000000	0.000052	0.000000	0.000000	0.000000	0.043203	0.000000
1220	1786608016375	1089.289	0.875	0.013932	126x126+379+229	0.042674	eeeeeeedabbeeaedcadba87aeaefcbeebace	0.000000		0.000000	0.000052	0.000000	0.000000	0.000000	0.044011	0.000000
1221	1786608017254	1090.169	0.911	0.013932	126x126+379+229	0.042674	eeeeeeedabbeeaedcadba87aeaefcbeebace	0.000000		0.000000	0.091615	0.011247	0.000000	0.000000	0.000000	0.445627
1222	1786608018170	1091.084	0.880	0.013932	126x126+379+229	0.042674	eeeeeeedabbeeaedcadba87aeaefcbedbace	0.000000		0.000000	0.000052	0.000000	0.000000	0.000000	0.050428	0.000000
1223	1786608019055	1091.969	0.886	0.013932	126x126+379+229	0.042674	eeeeeeedabbeeaedcadba87aeaefcbeebace	0.000000		0.000000	0.000052	0.000000	0.000000	0.000000	0.047402	0.000000
1224	1786608019945	1092.860	0.907	0.013932	126x126+379+229	0.042674	eeeeeeedabbeeaedcadba87aeaefcbeebace	0.000000		0.000000	0.000052	0.000000	0.000000	0.000000	0.043489	0.000000
1225	1786608020857	1093.771	0.911	0.013932	126x126+379+229	0.042674	eeeeeeedabbeeaedcadba87aeaefcbeebace	0.000000		0.000000	0.000052	0.000000	0.000000	0.000000	0.053612	0.000000
1226	1786608021773	1094.687	0.862	0.013932	126x126+379+229	0.042674	eeeeeeedabbeeaedcadba87aeaefcbeebace	0.000000		0.000000	0.000052	0.000000	0.000000	0.000000	0.045580	0.000000
1227	1786608022640	1095.554	0.883	0.013932	126x126+379+229	0.042674	eeeeeeedabbeeaedcadba87aeaefcbeebace	0.000000		0.000000	0.000052	0.000000	0.000000	0.000000	0.041619	0.000000
1228	1786608023528	1096.442	0.906	0.013932	126x126+379+229	0.042674	eeeeeeedabbeeaedcadba87aeaefcbedbace	0.000000		0.000023	0.000052	0.000000	0.000000	0.000000	0.045010	0.000000
1229	1786608024439	1097.354	0.874	0.013932	126x126+379+229	0.042674	eeeeeeedabbeeaedcadba87aeaefcbedbace	0.000000		0.000000	0.000052	0.000000	0.000000	0.000000	0.034078	0.000000
1230	1786608025317	1098.231	0.862	0.013932	126x126+379+229	0.029201	eeeeeeedabbeeadddadbcabaeaefcbeebace	0.000000		0.000000	0.000052	0.000000	0.000000	0.000000	0.041999	0.000000
1231	1786608026184	1099.098	0.864	0.013932	126x126+379+229	0.029201	eeeeeeedabbeeadddadbcabaeaefcbeebace	0.000000		0.000000	0.000052	0.000000	0.000000	0.000000	0.042728	0.000000
1232	1786608027052	1099.966	0.891	0.013932	126x126+379+229	0.029201	eeeeeeedabbeeadddadbcabaeaefcbeebace	0.000000		0.000000	0.000052	0.000000	0.000000	0.000000	0.031496	0.000000
1233	1786608027948	1100.862	0.882	0.013932	126x126+379+229	0.029201	eeeeeeedabbeeadddadbcabaeaefcbeebace	0.000000		0.000000	0.000052	0.000000	0.000000	0.000000	0.038466	0.000000
1234	1786608028835	1101.749	0.886	0.013932	126x126+379+229	0.029201	eeeeeeedabbeeadddadbcabaeaefcbeebace	0.000000		0.000000	0.000052	0.000000	0.000000	0.000000	0.038466	0.000000
1235	1786608029726	1102.641	0.914	0.013932	126x126+379+229	0.029201	eeeeeeedabbeeadddadbcabaeaefcbeebace	0.000000		0.000000	0.000052	0.000000	0.000000	0.000000	0.038371	0.000000
1236	1786608030645	1103.560	0.891	0.000000		0.000000	ddddeedddeeeddeeeedeeeeeeeeeeeeeeeee	0.000000		0.000000	0.000000	0.000000	0.000000	0.000000	0.000000	0.000000
1237	1786608031541	1104.456	0.918	0.000000		0.000000	dddddddddddddddddddddddddddddddddddd	0.000000		0.000000	0.000000	0.000000	0.000000	0.000000	0.000000	0.000000
1238	1786608032463	1105.377	0.921	0.000000		0.000000	dddddddddddddddddddddddddddddddddddd	0.000000		0.000000	0.000000	0.000000	0.000000	0.000000	0.000000	0.000000
1239	1786608033389	1106.303	0.895	0.000000		0.000000	dddddddddddddddddddddddddddddddddddd	0.000000		0.000000	0.000000	0.000000	0.000000	0.000000	0.000000	0.000000
1240	1786608034288	1107.202	0.869	0.000000		0.000000	dddddddddddddddddddddddddddddddddddd	0.000000		0.000000	0.000000	0.000000	0.000000	0.000000	0.000000	0.000000
1241	1786608035162	1108.076	0.848	0.000000		0.000000	dddddddddddddddddddddddddddddddddddd	0.000000		0.000000	0.000000	0.000000	0.000000	0.000000	0.000000	0.000000
1242	1786608036013	1108.928	0.883	0.000000		0.000000	dddddddddddddddddddddddddddddddddddd	0.000000		0.000000	0.000000	0.000000	0.000000	0.000000	0.000000	0.000000
1243	1786608036901	1109.816	0.873	0.000000		0.000000	dddddddddddddddddddddddddddddddddddd	0.000000		0.000000	0.000000	0.000000	0.000000	0.000000	0.000000	0.000000
1244	1786608037779	1110.693	0.896	0.000000		0.000000	dddddddddddddddddddddddddddddddddddd	0.000000		0.000000	0.000000	0.000000	0.000000	0.000000	0.000000	0.000000
1245	1786608038679	1111.593	0.836	0.000000		0.000000	dddddddddddddddddddddddddddddddddddd	0.000000		0.000000	0.000000	0.000000	0.000000	0.000000	0.000000	0.000000
1246	1786608039519	1112.433	1.015	0.000000		0.000000	dddddddddddddddddddddddddddddddddddd	0.000000		0.000000	0.000000	0.000000	0.000000	0.000000	0.000000	0.000000
1247	1786608040539	1113.453	0.982	0.000000		0.000000	dddddddddddddddddddddddddddddddddddd	0.000000		0.000000	0.000000	0.000000	0.000000	0.000000	0.000000	0.000000
1248	1786608041525	1114.440	0.868	0.000000		0.000000	dddddddddddddddddddddddddddddddddddd	0.000000		0.000000	0.000000	0.000000	0.000000	0.000000	0.000000	0.000000
1249	1786608042398	1115.312	0.885	0.000000		0.000000	dddddddddddddddddddddddddddddddddddd	0.000000		0.000000	0.000000	0.000000	0.000000	0.000000	0.000000	0.000000
1250	1786608043287	1116.202	0.908	0.000000		0.000000	dddddddddddddddddddddddddddddddddddd	0.000000		0.000000	0.000000	0.000000	0.000000	0.000000	0.000000	0.000000
1251	1786608044199	1117.114	0.926	0.000000		0.000000	dddddddddddddddddddddddddddddddddddd	0.000000		0.000000	0.000000	0.000000	0.000000	0.000000	0.000000	0.000000
1252	1786608045129	1118.044	0.944	0.000000		0.000000	dddddddddddddddddddddddddddddddddddd	0.000000		0.000000	0.000000	0.000000	0.000000	0.000000	0.000000	0.000000
1253	1786608046078	1118.992	0.951	0.000000		0.000000	dddddddddddddddddddddddddddddddddddd	0.000000		0.000000	0.000000	0.000000	0.000000	0.000000	0.000000	0.000000
1254	1786608047033	1119.948	0.913	0.000000		0.000000	dddddddddddddddddddddddddddddddddddd	0.000000		0.000000	0.000000	0.000000	0.000000	0.000000	0.000000	0.000000
1255	1786608047951	1120.865	0.860	0.013932	126x126+379+229	0.029201	dddddddcaaaddadddadbcabadaefcaddaabd	0.000000		0.000000	0.000052	0.000000	0.000000	0.000000	0.031210	0.000000
1256	1786608048815	1121.729	0.875	0.013932	126x126+379+229	0.029201	eeeeeeedabbedadddadbcabadaefcbddaace	0.000000		0.001289	0.093291	0.009958	0.003390	0.000000	0.000000	0.453786
1257	1786608049696	1122.610	0.893	0.013932	126x126+379+229	0.029201	eeeeeeddabbedadddacbcabadaefcbddaabd	0.000000		0.000426	0.000052	0.000000	0.000781	0.000000	0.019312	0.000000
1258	1786608050593	1123.507	0.906	0.013932	126x126+379+229	0.029201	eeeeeeedabbeeadddadbcabaeaefcbeebace	0.000000		0.001634	0.000052	0.000000	0.001714	0.000000	0.038657	0.000000
1259	1786608051504	1124.418	0.878	0.013932	126x126+379+229	0.029201	eeeeeeedabbeeadddadbcabaeaefcbeebace	0.000000		0.001286	0.000052	0.000000	0.002057	0.000000	0.033555	0.000000
1260	1786608052386	1125.301	0.861	0.013932	126x126+379+229	0.029201	eeeeeeedabbeeadddadbcabaeaefcbeebace	0.000000		0.000417	0.000052	0.000000	0.000000	0.000000	0.039338	0.000000
1261	1786608053253	1126.167	0.835	0.013932	126x126+379+229	0.029201	eeeeeeedabbeeadddadbcabaeaefcbeebace	0.000000		0.000557	0.000052	0.000000	0.000000	0.000000	0.032399	0.000000
1262	1786608054092	1127.007	0.852	0.013932	126x126+379+229	0.029201	eeeeeeedabbeeadddadbcabaeaefcbeebace	0.000000		0.000674	0.000052	0.000000	0.000000	0.000000	0.039623	0.000000
1263	1786608054950	1127.864	0.829	0.013932	126x126+379+229	0.029201	eeeeeeedabbeeadddadbcabaeaefcbeebace	0.000000		0.001025	0.000052	0.000000	0.000000	0.000000	0.040811	0.000000
1264	1786608055783	1128.697	0.894	0.013932	126x126+379+229	0.029201	eeeeeeedabbeeadddadbcabaeaefcbeebace	0.000000		0.000977	0.000052	0.000000	0.000000	0.000000	0.040811	0.000000
1265	1786608056682	1129.596	0.864	0.013932	126x126+379+229	0.029201	eeeeeeedabbeeadddadbcabaeaefcbeebace	0.000000		0.001351	0.000052	0.000000	0.000000	0.000000	0.034458	0.000000
1266	1786608057550	1130.465	0.858	0.013932	126x126+379+229	0.029201	eeeeeeedabbeeadddadbcabaeaefcbeebace	0.000000		0.001504	0.000052	0.000000	0.000000	0.000000	0.043821	0.000000
1267	1786608058414	1131.328	0.863	0.013932	126x126+379+229	0.029201	eeeeeeedabbeeadddadbcabaeaefcbeebace	0.000000		0.001816	0.000052	0.000000	0.000000	0.000000	0.040431	0.000000
1268	1786608059282	1132.196	0.821	0.013932	126x126+379+229	0.029201	eeeeeeedabbeeadddadbcabaeaefcbeebace	0.000000		0.001807	0.000052	0.000000	0.001467	0.000000	0.040431	0.000000
1269	1786608060108	1133.023	0.824	0.013932	126x126+379+229	0.029201	eeeeeeedabbeeadddadbcabaeaefcbeebace	0.000000		0.001914	0.000052	0.000000	0.002857	0.000000	0.040431	0.000000
1270	1786608060938	1133.853	0.848	0.013932	126x126+379+229	0.029201	eeeeeeedabbeeadddadbcabaeaefcbeebace	0.000000		0.001882	0.000052	0.000000	0.003829	0.000000	0.043821	0.000000
1271	1786608061793	1134.707	0.887	0.013932	126x126+379+229	0.029201	eeeeeeedabbeeadddadbcabaeaefcbeebace	0.000000		0.001852	0.000052	0.000000	0.004095	0.000000	0.043821	0.000000
1272	1786608062685	1135.599	0.904	0.013932	126x126+379+229	0.029201	eeeefeedbbbdeadddadbcabaeaefcbeebace	0.000000		0.001774	0.000052	0.000000	0.004552	0.000000	0.044471	0.000000
1273	1786608063595	1136.510	0.839	0.013932	126x126+379+229	0.035833	deedbcedbbbfeadddaebcabaeaefcbeebace	0.000000		0.001589	0.000052	0.000000	0.004533	0.000000	0.044693	0.000000
1274	1786608064440	1137.354	0.866	0.013932	126x126+379+229	0.034757	dddddeddab9deadddaebcabaeaefcbeebace	0.000000		0.001514	0.000052	0.000000	0.003657	0.000000	0.044455	0.000000
1275	1786608065312	1138.227	0.874	0.013932	126x126+379+229	0.031215	dddddddcaaaedadddaebcabaeaefcbeebace	0.000000		0.001084	0.000052	0.000000	0.001733	0.000000	0.035171	0.000000
1276	1786608066191	1139.106	0.858	0.013932	126x126+379+229	0.030625	eedddddcaaaddadddadbcab9eaefcbeebbcd	0.000000		0.001045	0.000052	0.000000	0.001124	0.000000	0.035108	0.000000
1277	1786608067055	1139.970	0.877	0.013932	126x126+379+229	0.031493	eeeeededabaddadddadbcabadaefc9eebace	0.000000		0.000664	0.000052	0.000000	0.000438	0.000000	0.034902	0.000000
1278	1786608067938	1140.852	0.876	0.013932	126x126+379+229	0.032639	eeeeeeedabbeeadddadbcabadaefcbddbabd	0.000000		0.000908	0.000052	0.000000	0.000057	0.000000	0.041176	0.000000
1279	1786608068819	1141.734	0.860	0.013932	126x126+379+229	0.029201	eeeeeeedabbeeadddadbcabadaefcaddaabe	0.000000		0.000684	0.000052	0.000000	0.000000	0.000000	0.035155	0.000000
1280	1786608069685	1142.599	0.851	0.013932	126x126+379+229	0.029201	eeeeeeedabbeeadddadbcabaeaefcaddaabd	0.000000		0.000508	0.000052	0.000000	0.000000	0.000000	0.034458	0.000000
1281	1786608070541	1143.455	0.866	0.013932	126x126+379+229	0.029201	eeeeeeedabbeeadddadbcabaeaefcbeebacd	0.000000		0.000452	0.000052	0.000000	0.000000	0.000000	0.034458	0.000000
1282	1786608071412	1144.326	0.877	0.013932	126x126+379+229	0.029201	eeeeeeedabbeeadddadbcabaeaefcbeebace	0.000000		0.000199	0.000052	0.000000	0.000000	0.000000	0.034458	0.000000
1283	1786608072294	1145.209	0.852	0.013932	126x126+379+229	0.029201	eeeeeeedabbeeadddadbcabaeaefcbeebace	0.000000		0.000010	0.000052	0.000000	0.000000	0.000000	0.034458	0.000000
1284	1786608073151	1146.065	0.859	0.013932	126x126+379+229	0.029201	eeeeeeedabbeeadddadbcabaeaefcbeebace	0.000000		0.000003	0.000052	0.000000	0.000000	0.000000	0.026046	0.000000
1285	1786608074015	1146.929	0.863	0.013932	126x126+379+229	0.029201	eeeeeeedabbeeadddadbcabaeaefcbeebace	0.000000		0.000000	0.000052	0.000000	0.000000	0.000000	0.026046	0.000000
1286	1786608074882	1147.797	0.874	0.013932	126x126+379+229	0.029201	eeeeeeedabbeeadddadbcabaeaefcbeebace	0.000000		0.000000	0.000052	0.000000	0.000000	0.000000	0.035646	0.000000
1287	1786608075761	1148.676	0.852	0.013932	126x126+379+229	0.029201	eeeeeeedabbeeadddadbcabaeaefcbeebace	0.000000		0.000000	0.000052	0.000000	0.000000	0.000000	0.035646	0.000000
1288	1786608076618	1149.532	0.862	0.013932	126x126+379+229	0.029201	eeeeeeedabbeeadddadbcabaeaefcbeebace	0.000000		0.000000	0.000052	0.000000	0.000000	0.000000	0.040431	0.000000
1289	1786608077485	1150.400	0.841	0.013932	126x126+379+229	0.029201	eeeeeeedabbeeadddadbcabaeaefcbeebace	0.000000		0.000000	0.000052	0.000000	0.000000	0.000000	0.043821	0.000000
1290	1786608078331	1151.245	0.853	0.013932	126x126+379+229	0.029201	eeeeeeedabbeeadddadbcabaeaefcbeebace	0.000000		0.000000	0.000052	0.000000	0.000000	0.000000	0.043821	0.000000
1291	1786608079189	1152.104	0.877	0.013932	126x126+379+229	0.029201	eeeeeeedabbeeadddadbcabaeaefcbeebace	0.000000		0.000000	0.000052	0.000000	0.000000	0.000000	0.040431	0.000000
1292	1786608080070	1152.985	0.843	0.013932	126x126+379+229	0.029201	eeeeeeedabbeeadddadbcabaeaefcbeebace	0.000000		0.000000	0.000052	0.000000	0.000000	0.000000	0.040431	0.000000
1293	1786608080919	1153.833	0.867	0.013932	126x126+379+229	0.029201	eeeeeeedabbeeadddadbcabaeaefcbeebace	0.000000		0.000000	0.000052	0.000000	0.000000	0.000000	0.035646	0.000000
1294	1786608081790	1154.704	0.834	0.013932	126x126+379+229	0.029201	eeeeeeedabbeeadddadbcabaeaefcbeebace	0.000000		0.000000	0.000052	0.000000	0.000000	0.000000	0.040431	0.000000
1295	1786608082629	1155.544	0.846	0.013932	126x126+379+229	0.029201	eeeeeeedabbeeadddadbcabaeaefcbeebace	0.000000		0.000000	0.000052	0.000000	0.000000	0.000000	0.040431	0.000000
1296	1786608083479	1156.394	0.889	0.013932	126x126+379+229	0.029201	eeeeeeedabbeeadddadbcabaeaefcbeebace	0.000000		0.000000	0.000052	0.000000	0.000000	0.000000	0.040431	0.000000
1297	1786608084373	1157.288	0.866	0.013932	126x126+379+229	0.029201	eeeeeeedabbeeadddadbcabaeaefcbeebace	0.000000		0.000000	0.000052	0.000000	0.000000	0.000000	0.040431	0.000000
1298	1786608085243	1158.158	0.864	0.013932	126x126+379+229	0.029201	eeeeeeedabbeeadddadbcabaeaefcbeebace	0.000000		0.000000	0.000052	0.000000	0.000000	0.000000	0.043821	0.000000
1299	1786608086112	1159.027	0.874	0.013932	126x126+379+229	0.029201	eeeeeeedabbeeadddadbcabaeaefcbeebace	0.000000		0.000000	0.000052	0.000000	0.000000	0.000000	0.040431	0.000000
1300	1786608086991	1159.906	0.877	0.013932	126x126+379+229	0.029201	eeeeeeedabbeeadddadbcabaeaefcbeebace	0.000000		0.000000	0.000052	0.000000	0.000000	0.000000	0.043821	0.000000
1301	1786608087873	1160.788	0.861	0.013932	126x126+379+229	0.029201	eeeeeeedabbeeadddadbcabaeaefcbeebace	0.000000		0.000000	0.000052	0.000000	0.000000	0.000000	0.043821	0.000000
1302	1786608088739	1161.654	0.865	0.013932	126x126+379+229	0.029201	eeeeeeedabbeeadddadbcabaeaefcbeebace	0.000000		0.000000	0.000052	0.000000	0.000000	0.000000	0.043821	0.000000
1303	1786608089610	1162.524	0.871	0.013932	126x126+379+229	0.029201	eeeeeeedabbeeadddadbcabaeaefcbeebace	0.000000		0.000000	0.000052	0.000000	0.000000	0.000000	0.043821	0.000000
1304	1786608090485	1163.399	0.901	0.013932	126x126+379+229	0.029201	eeeeeeedabbeeadddadbcabaeaefcbeebace	0.000000		0.000000	0.000052	0.000000	0.000000	0.000000	0.043821	0.000000
1305	1786608091391	1164.306	0.854	0.013932	126x126+379+229	0.029201	eeeeeeedabbeeadddadbcabaeaefcbeebace	0.000000		0.000000	0.000052	0.000000	0.000000	0.000000	0.034458	0.000000
1306	1786608092250	1165.164	0.899	0.013932	126x126+379+229	0.029201	eeeeeeedabbeeadddadbcabaeaefcbeebace	0.000000		0.000000	0.000052	0.000000	0.000000	0.000000	0.034458	0.000000
1307	1786608093154	1166.068	0.873	0.013932	126x126+379+229	0.029201	eeeeeeedabbeeadddadbcabaeaefcbeebace	0.000000		0.000000	0.000052	0.000000	0.000000	0.000000	0.034458	0.000000
1308	1786608094031	1166.946	0.865	0.013932	126x126+379+229	0.029201	eeeeeeedabbeeadddadbcabaeaefcbeebace	0.000000		0.000000	0.000052	0.000000	0.000000	0.000000	0.034458	0.000000
1309	1786608094901	1167.816	0.854	0.013932	126x126+379+229	0.029201	eeeeeeedabbeeadddadbcabaeaefcbeebace	0.000000		0.000000	0.000052	0.000000	0.000000	0.000000	0.034458	0.000000
1310	1786608095760	1168.674	0.844	0.013932	126x126+379+229	0.029201	eeeeeeedabbeeadddadbcabaeaefcbedbace	0.000000		0.000000	0.000052	0.000000	0.000000	0.000000	0.040811	0.000000
1311	1786608096609	1169.524	0.841	0.013932	126x126+379+229	0.029201	eeeeeeedabbeeadddadbcabaeaefcbeebace	0.000000		0.000000	0.000052	0.000000	0.000000	0.000000	0.040811	0.000000
1312	1786608097455	1170.370	0.884	0.013932	126x126+379+229	0.029201	eeeeeeedabbeeadddadbcabaeaefcbeebace	0.000000		0.000000	0.000052	0.000000	0.000000	0.000000	0.034458	0.000000
1313	1786608098345	1171.259	0.903	0.013932	126x126+379+229	0.029201	eeedddedabbdeadddadbcabaeaefcbeebace	0.000000		0.000000	0.000052	0.000000	0.000000	0.000000	0.034458	0.000000
1314	1786608099253	1172.167	0.854	0.013932	126x126+379+229	0.029201	eeddddedabbdeadddadbcabaeaefcbeebace	0.000000		0.000000	0.000052	0.000000	0.000000	0.000000	0.040811	0.000000
1315	1786608100112	1173.027	0.865	0.013932	126x126+379+229	0.029201	eeedeeedabadeadddadbcabaeaefcbeebace	0.000000		0.000000	0.000052	0.000000	0.000000	0.000000	0.040811	0.000000
1316	1786608100982	1173.896	0.842	0.013932	126x126+379+229	0.029201	deeeededabbeeadddadbcabaeaefcbeebace	0.000000		0.000000	0.000052	0.000000	0.000000	0.000000	0.040811	0.000000
1317	1786608101829	1174.744	0.877	0.013932	126x126+379+229	0.029201	deeeedddabbdeadddadbcabaeaefcbeebace	0.000000		0.000000	0.000052	0.000000	0.000000	0.000000	0.040811	0.000000
1318	1786608102711	1175.625	0.843	0.013932	126x126+379+229	0.029201	deeeddddabbddadddadbcabaeaefcbeebace	0.000000		0.000000	0.000052	0.000000	0.000000	0.000000	0.040811	0.000000
1319	1786608103558	1176.473	0.873	0.013932	126x126+379+229	0.029201	deeeeeddabbdeadddadbcabaeaefcbedbacd	0.000000		0.000000	0.000052	0.000000	0.000000	0.000000	0.039718	0.000000
1320	1786608104436	1177.350	0.816	0.013932	126x126+379+229	0.029201	eeeeddddabbddadddadbcabaeaefcbedbacd	0.000000		0.000000	0.000052	0.000000	0.000000	0.000000	0.040811	0.000000
1321	1786608105257	1178.171	0.877	0.013932	126x126+379+229	0.029201	eeeeeeedabbdeadddadbcabaeaefcbedbacd	0.000000		0.000000	0.000052	0.000000	0.000000	0.000000	0.039908	0.000000
1322	1786608106138	1179.053	0.875	0.013932	126x126+379+229	0.029201	eeeeddedabbdeadddadbcabaeaefcbedbace	0.000000		0.000000	0.000052	0.000000	0.000000	0.000000	0.039908	0.000000
1323	1786608107019	1179.933	0.852	0.013932	126x126+379+229	0.029201	eeeeddedabadeadddadbcabaeaefcbedbacd	0.000000		0.000000	0.000052	0.000000	0.000000	0.000000	0.039908	0.000000
1324	1786608107875	1180.789	0.850	0.013932	126x126+379+229	0.029201	eeeeddedabbdeadddadbcabaeaefcbeebacd	0.000000		0.000000	0.000052	0.000000	0.000000	0.000000	0.039908	0.000000
1325	1786608108730	1181.644	0.864	0.013932	126x126+379+229	0.029201	eeeeeeedabbdeadddadbcabaeaefcbeebacd	0.000000		0.000000	0.000052	0.000000	0.000000	0.000000	0.039908	0.000000
1326	1786608109598	1182.512	0.853	0.013932	126x126+379+229	0.029201	eeeeededabbeeadddadbcabaeaefcbeebacd	0.000000		0.000000	0.000052	0.000000	0.000000	0.000000	0.032399	0.000000
1327	1786608110456	1183.370	0.882	0.013932	126x126+379+229	0.029201	eeeeededabbdeadddadbcabaeaefcbeebace	0.000000		0.000000	0.000052	0.000000	0.000000	0.000000	0.032399	0.000000
1328	1786608111343	1184.257	0.897	0.013932	126x126+379+229	0.029201	eeeeededabbdeadddadbcabaeaefcbeebacd	0.000000		0.000000	0.000052	0.000000	0.000000	0.000000	0.042728	0.000000
1329	1786608112245	1185.159	0.860	0.013932	126x126+379+229	0.029201	eeeeeeedabbdeadddadbcabaeaefcbeebacd	0.000000		0.000000	0.000052	0.000000	0.000000	0.000000	0.039718	0.000000
1330	1786608113109	1186.023	0.827	0.013932	126x126+379+229	0.029201	eeeeeeedabbeeadddadbcabaeaefcbeebace	0.000000		0.000000	0.000052	0.000000	0.000000	0.000000	0.038625	0.000000
1331	1786608113941	1186.855	0.894	0.013932	126x126+379+229	0.029201	eeeeeeedabbeeadddadbcabaeaefcbeebace	0.000000		0.000000	0.000052	0.000000	0.000000	0.000000	0.040906	0.000000
1332	1786608114839	1187.754	0.899	0.013932	126x126+379+229	0.029201	eeeeeeedabbeeadddadbcabaeaefcbeebace	0.000000		0.000000	0.000052	0.000000	0.000000	0.000000	0.040906	0.000000
1333	1786608115743	1188.658	0.906	0.013932	126x126+379+229	0.029201	eeeeeeedabbeeadddadbcabaeaefcbeebace	0.000000		0.000000	0.000052	0.000000	0.000000	0.000000	0.038720	0.000000
1334	1786608116654	1189.568	0.888	0.013932	126x126+379+229	0.029201	eeeeeeedabbeeadddadbcabaeaefcbeebace	0.000000		0.000000	0.000052	0.000000	0.000000	0.000000	0.031496	0.000000
1335	1786608117547	1190.461	0.848	0.013932	126x126+379+229	0.029201	eeeeeeedabbeeadddadbcabaeaefcbeebace	0.000000		0.000000	0.000052	0.000000	0.000000	0.000000	0.031496	0.000000
1336	1786608118400	1191.314	0.835	0.013932	126x126+379+229	0.029201	eeeeeeedabbeeadddadbcabaeaefcbeebace	0.000000		0.000000	0.000052	0.000000	0.000000	0.000000	0.038466	0.000000
1337	1786608119240	1192.155	0.879	0.013932	126x126+379+229	0.029201	eeeeeeedabbeeadddadbcabaeaefcbeebace	0.000000		0.000000	0.000052	0.000000	0.000000	0.000000	0.031147	0.000000
1338	1786608120123	1193.038	0.845	0.013932	126x126+379+229	0.029201	eeeeeeedabbeeadddadbcabaeaefcbeebace	0.000000		0.000000	0.000052	0.000000	0.000000	0.000000	0.031147	0.000000
1339	1786608120974	1193.888	0.855	0.013932	126x126+379+229	0.033056	eeeeeeedabbeeadddadbb8baeaefcbeebace	0.000000		0.000000	0.000052	0.000000	0.000000	0.000000	0.031147	0.000000
1340	1786608121833	1194.747	0.880	0.013932	126x126+379+229	0.033056	eeeeeeedabbeeadddadbb8baeaefcbeebace	0.000000		0.000000	0.000052	0.000000	0.000000	0.000000	0.038720	0.000000
1341	1786608122718	1195.632	0.902	0.013932	126x126+379+229	0.033056	eeeeeeedabbeeadddadbb8baeaefcbeebace	0.000000		0.000000	0.000052	0.000000	0.000000	0.000000	0.038720	0.000000
1342	1786608123625	1196.539	0.850	0.013932	126x126+379+229	0.033056	eeeeeeedabbeeadddadbb8baeaefcbeebace	0.000000		0.000000	0.000052	0.000000	0.000000	0.000000	0.038720	0.000000
1343	1786608124480	1197.394	0.851	0.013932	126x126+379+229	0.033056	eeeeeeedabbeeadddadbb8baeaefcbeebace	0.000000		0.000000	0.000052	0.000000	0.000000	0.000000	0.038720	0.000000
1344	1786608125336	1198.250	0.888	0.013932	126x126+379+229	0.033056	eeeeeeedabbeeadddadbb8baeaefcbeebace	0.000000		0.000000	0.000052	0.000000	0.000000	0.000000	0.039623	0.000000
1345	1786608126229	1199.144	0.871	0.013932	126x126+379+229	0.033056	eeeeeeedabbeeadddadbb8baeaefcbeebace	0.000000		0.000000	0.000052	0.000000	0.000000	0.000000	0.038466	0.000000
1346	1786608127105	1200.019	0.889	0.013932	126x126+379+229	0.033056	eeeeeeedabbeeadddadbb8baeaefcbeebace	0.000000		0.000000	0.000052	0.000000	0.000000	0.000000	0.038466	0.000000
1347	1786608127999	1200.913	0.837	0.013932	126x126+379+229	0.033056	eeeeeeedabbeeadddadbb8baeaefcbeebace	0.000000		0.000000	0.000052	0.000000	0.000000	0.000000	0.038466	0.000000
1348	1786608128841	1201.756	0.871	0.013932	126x126+379+229	0.033056	eeeeeeedabbeeadddadbb8baeaefcbeebace	0.000000		0.000000	0.000052	0.000000	0.000000	0.000000	0.031496	0.000000
1349	1786608129717	1202.632	0.866	0.013932	126x126+379+229	0.033056	eeeeeeedabbeeadddadbb8baeaefcbeebace	0.000000		0.000000	0.000052	0.000000	0.000000	0.000000	0.038720	0.000000
1350	1786608130588	1203.503	0.861	0.013932	126x126+379+229	0.033056	eeeeeeedabbeeadddadbb8baeaefcbeebace	0.000000		0.000000	0.000052	0.000000	0.000000	0.000000	0.038720	0.000000
1351	1786608131454	1204.369	0.829	0.013932	126x126+379+229	0.033056	eeeeeeedabbeeadddadbb8baeaefcbeebace	0.000000		0.000000	0.000052	0.000000	0.000000	0.000000	0.038720	0.000000
1352	1786608132289	1205.203	0.875	0.013932	126x126+379+229	0.033056	eeeeeeedabbeeadddadbb8baeaefcbeebace	0.000000		0.000000	0.000052	0.000000	0.000000	0.000000	0.039005	0.000000
1353	1786608133169	1206.084	0.874	0.013932	126x126+379+229	0.033056	eeeeeeedabbeeadddadbb8baeaefcbeebace	0.000000		0.000000	0.000052	0.000000	0.000000	0.000000	0.039005	0.000000
1354	1786608134048	1206.962	0.863	0.013932	126x126+379+229	0.033056	eeeeeeedabbeeadddadbb8baeaefcbeebace	0.000000		0.000000	0.000052	0.000000	0.000000	0.000000	0.039005	0.000000
1355	1786608134916	1207.830	0.904	0.013932	126x126+379+229	0.033056	eeeeeeedabbeeadddadbb8baeaefcbeebace	0.000000		0.000000	0.000052	0.000000	0.000000	0.000000	0.033207	0.000000
1356	1786608135824	1208.739	0.824	0.013932	126x126+379+229	0.033056	eeeeeeedabbeeadddadbb8baeaefcbeebace	0.000000		0.000000	0.000052	0.000000	0.000000	0.000000	0.038466	0.000000
1357	1786608136653	1209.568	0.854	0.013932	126x126+379+229	0.033056	eeeeeeedabbeeadddadbb8baeaefcbeebace	0.000000		0.000000	0.000052	0.000000	0.000000	0.000000	0.038466	0.000000
1358	1786608137513	1210.427	0.849	0.013932	126x126+379+229	0.033056	eeeeeeedabbeeadddadbb8baeaefcbeebace	0.000000		0.000000	0.000052	0.000000	0.000000	0.000000	0.038657	0.000000
1359	1786608138367	1211.282	0.869	0.013932	126x126+379+229	0.033056	eeeeeeedabbeeadddadbb8baeaefcbeebace	0.000000		0.000000	0.000052	0.000000	0.000000	0.000000	0.040748	0.000000
1360	1786608139241	1212.156	0.849	0.013932	126x126+379+229	0.032292	eeeeeeedabbeeadedadbb7baeaefcbeebace	0.000000		0.000000	0.000052	0.000000	0.000000	0.000000	0.040748	0.000000
1361	1786608140095	1213.010	0.838	0.013932	126x126+379+229	0.032292	eeeeeeedabbeeadedadbb7baeaefcbeebace	0.000000		0.000000	0.000052	0.000000	0.000000	0.000000	0.040748	0.000000
1362	1786608140938	1213.852	0.839	0.013932	126x126+379+229	0.032292	eeeeeeedabbeeadedadbb7baeaefcbeebace	0.000000		0.000000	0.000052	0.000000	0.000000	0.000000	0.040748	0.000000
1363	1786608141782	1214.697	0.872	0.013932	126x126+379+229	0.032292	eeeeeeedabbeeadedadbb7baeaefcbeebace	0.000000		0.000000	0.000052	0.000000	0.000000	0.000000	0.040748	0.000000
1364	1786608142659	1215.573	0.861	0.013932	126x126+379+229	0.032292	eeeeeeedabbeeadedadbb7baeaefcbeebace	0.000000		0.000016	0.000052	0.000000	0.000000	0.000000	0.040748	0.000000
1365	1786608143525	1216.440	0.852	0.013932	126x126+379+229	0.032292	eeeeeeedabbeeadedadbb7baeaefcbeebace	0.000000		0.000026	0.000052	0.000000	0.000000	0.000000	0.040748	0.000000
1366	1786608144382	1217.297	0.866	0.013932	126x126+379+229	0.032292	eeeeeeedabbeeadedadbb7baeaefcbeebace	0.000000		0.000023	0.000052	0.000000	0.000000	0.000000	0.040748	0.000000
1367	1786608145254	1218.168	0.846	0.013932	126x126+379+229	0.032292	eeeeeeedabbeeadedadbb7baeaefcbeebace	0.000000		0.000020	0.000052	0.000000	0.000000	0.000000	0.040748	0.000000
1368	1786608146105	1219.019	0.871	0.013932	126x126+379+229	0.032292	eeeeeeedabbeeadedadbb7baeaefcbeebace	0.000000		0.000000	0.000052	0.000000	0.000000	0.000000	0.039243	0.000000
1369	1786608146982	1219.897	0.863	0.013932	126x126+379+229	0.032292	eeeeeeedabbeeadedadbb7baeaefcbeebace	0.000000		0.000000	0.000052	0.000000	0.000000	0.000000	0.042633	0.000000
1370	1786608147850	1220.764	0.874	0.013932	126x126+379+229	0.032292	eeeeeeedabbeeadedadbb7baeaefcbeebace	0.000000		0.000000	0.000052	0.000000	0.000000	0.000000	0.042633	0.000000
1371	1786608148729	1221.644	0.825	0.013932	126x126+379+229	0.032292	eeeeeeedabbeeadedadbb7baeaefcbeebace	0.000000		0.000000	0.000052	0.000000	0.000000	0.000000	0.042633	0.000000
1372	1786608149560	1222.474	0.850	0.013932	126x126+379+229	0.032292	eeeeeeedabbeeadedadbb7baeaefcbeebace	0.000000		0.000000	0.000052	0.000000	0.000000	0.000000	0.042633	0.000000
1373	1786608150416	1223.330	0.908	0.013932	126x126+379+229	0.032292	eeeeeeedabbeeadedadbb7baeaefcbeebace	0.000000		0.000000	0.000052	0.000000	0.000000	0.000000	0.038466	0.000000
1374	1786608151329	1224.244	0.875	0.013932	126x126+379+229	0.032292	eeeeeeedabbeeadedadbb7baeaefcbeebace	0.000000		0.000000	0.000052	0.000000	0.000000	0.000000	0.038466	0.000000
1375	1786608152210	1225.124	0.846	0.013932	126x126+379+229	0.032292	eeeeeeedabbeeadedadbb7baeaefcbeebace	0.000000		0.000000	0.000052	0.000000	0.000000	0.000000	0.038466	0.000000
1376	1786608153061	1225.976	0.875	0.013932	126x126+379+229	0.032292	eeeeeeedabbeeadedadbb7baeaefcbeebace	0.000000		0.000000	0.094245	0.008988	0.000000	0.000000	0.000000	0.458428
1377	1786608153942	1226.856	0.841	0.013932	126x126+379+229	0.032292	eeeeeeedabbeeadedadbb7baeaefcbeebace	0.000000		0.000000	0.094092	0.009196	0.000000	0.000000	0.000000	0.457684
1378	1786608154788	1227.703	0.842	0.013932	126x126+379+229	0.032292	eeeeeeedabbeeadedadbb7baeaefcbeebace	0.000000		0.000000	0.094245	0.008988	0.000000	0.000000	0.000000	0.458428
1379	1786608155636	1228.551	0.838	0.013932	126x126+379+229	0.032292	deeeeeedabbeeadedadbb7baeaefcbeebace	0.000000		0.000000	0.094245	0.008988	0.000000	0.000000	0.000000	0.458428
1380	1786608156480	1229.395	0.872	0.013932	126x126+379+229	0.032292	eeeeeeddabbeeadedadbb7baeaefcbeebace	0.000000		0.000000	0.000052	0.000000	0.000000	0.000000	0.038371	0.000000
1381	1786608157358	1230.272	0.861	0.013932	126x126+379+229	0.032292	eeeeeeedabbeeadedadbb7baeaefcbeebace	0.000000		0.000000	0.000052	0.000000	0.000000	0.000000	0.031147	0.000000
1382	1786608158224	1231.138	0.888	0.013932	126x126+379+229	0.032292	eeeeeeedabbedadedadbb7baeaefcbeebace	0.000000		0.000000	0.000052	0.000000	0.000000	0.000000	0.038371	0.000000
1383	1786608159118	1232.032	0.871	0.013932	126x126+379+229	0.032292	eeeeeeedabbeeadedadbb7baeaefcbeebace	0.000000		0.000000	0.000052	0.000000	0.000000	0.000000	0.038720	0.000000
1384	1786608159994	1232.908	0.865	0.013932	126x126+379+229	0.032292	eeeeeeedabbeeadedadbb7baeaefcbeebace	0.000000		0.000117	0.000052	0.000000	0.000000	0.000000	0.032018	0.000000
1385	1786608160865	1233.780	0.877	0.013932	126x126+379+229	0.032292	eeeeeeedabbeeadedadbb7baeaefcbeebace	0.000000		0.000166	0.000052	0.000000	0.000000	0.000000	0.032018	0.000000
1386	1786608161747	1234.662	0.838	0.013932	126x126+379+229	0.032292	eeeeeeedabbeeadedadbb7baeaefcbeebace	0.000000		0.000163	0.000052	0.000000	0.000000	0.000000	0.032018	0.000000
1387	1786608162592	1235.506	0.820	0.013932	126x126+379+229	0.032292	eeeeeeedabbeeadedadbb7baeaefcbeebace	0.000000		0.000189	0.000052	0.000000	0.000000	0.000000	0.032018	0.000000
1388	1786608163417	1236.331	0.826	0.013932	126x126+379+229	0.032292	eeeeeeedabbeeadedadbb7baeaefcbeebace	0.000000		0.000218	0.000052	0.000000	0.000000	0.000000	0.032018	0.000000
1389	1786608164250	1237.164	0.879	0.013932	126x126+379+229	0.032292	eeeeeeedabbeeadedadbb7baeaefcbeebace	0.000000		0.000221	0.000052	0.000000	0.000000	0.000000	0.039623	0.000000
1390	1786608165134	1238.048	0.827	0.013932	126x126+379+229	0.032292	eeeeeeedabbeeadedadbb7baeaefcbeebace	0.000000		0.000202	0.000052	0.000000	0.000457	0.000000	0.040748	0.000000
1391	1786608165966	1238.881	0.869	0.013932	126x126+379+229	0.032292	eeeeeeedabbeeadedadbb7baeaefcbeebace	0.000000		0.000169	0.000052	0.000000	0.000019	0.000000	0.031147	0.000000
1392	1786608166840	1239.755	0.852	0.013932	126x126+379+229	0.032292	eeeeeeedabbeeadedadbb7baeaefcbedbace	0.000000		0.000189	0.000052	0.000000	0.000457	0.000000	0.031147	0.000000
1393	1786608167699	1240.613	0.911	0.013932	126x126+379+229	0.032292	eeeeeeedabbeeadedadbb7baeaefcbeebace	0.000000		0.000199	0.000052	0.000000	0.000000	0.000000	0.038657	0.000000
1394	1786608168615	1241.530	0.843	0.013932	126x126+379+229	0.032292	eeeeeeedabbeeadedaebb7baeaefcbeebace	0.000000		0.000133	0.000052	0.000000	0.000190	0.000000	0.038657	0.000000
1395	1786608169464	1242.379	0.850	0.013932	126x126+379+229	0.032292	eeeeeeedabbeeadedadbb7baeaefcbeebace	0.000000		0.000160	0.000052	0.000000	0.000419	0.000000	0.038657	0.000000
1396	1786608170320	1243.234	0.876	0.013932	126x126+379+229	0.032292	eeeeeeedabbeeadedadbb7baeaefcbeebacd	0.000000		0.000169	0.000052	0.000000	0.000000	0.000000	0.038657	0.000000
1397	1786608171202	1244.116	0.806	0.013932	126x126+379+229	0.032292	eeeeeeedabbeeadedadbb7baeaefcbeebace	0.000000		0.000179	0.094245	0.008988	0.000000	0.000000	0.000000	0.458428
1398	1786608172013	1244.927	0.853	0.013932	126x126+379+229	0.032292	eeeeeeedabbeeadedadbb7baeaefcbeebace	0.000000		0.000202	0.094245	0.008988	0.000000	0.000000	0.000000	0.458428
1399	1786608172871	1245.786	0.872	0.013932	126x126+379+229	0.032292	eeeeeeedabbeeadedadbb7baeaefcbeebace	0.000000		0.000195	0.094245	0.008988	0.000305	0.000000	0.000000	0.458428
1400	1786608173748	1246.663	0.875	0.013932	126x126+379+229	0.032292	eeeeeeedabbeeadedadbb7baeaefcbeebace	0.000000		0.000264	0.000052	0.000000	0.000000	0.000000	0.038324	0.000000
1401	1786608174629	1247.544	0.868	0.013932	126x126+379+229	0.032292	eeeeeeedabbeeadedadbb7baeaefcbeebace	0.000000		0.000270	0.000052	0.000000	0.000381	0.000000	0.038308	0.000000
1402	1786608175502	1248.417	0.890	0.013932	126x126+379+229	0.032292	eeeeeeedabbeeadedadbb7baeaefcbeebace	0.000000		0.000267	0.000052	0.000000	0.000705	0.000000	0.038308	0.000000
1403	1786608176399	1249.313	0.793	0.013932	126x126+379+229	0.032292	eeeeeeedabbeeadedadbb7baeaefcbeebace	0.000000		0.000202	0.094092	0.009196	0.000438	0.000000	0.000000	0.457684
1404	1786608177197	1250.112	0.870	0.013932	126x126+379+229	0.032292	eeeeeeedabbeeadedadbb7baeaefcbeebace	0.000000		0.000143	0.000052	0.000000	0.000000	0.000000	0.039179	0.000000
1405	1786608178073	1250.988	0.875	0.000000		0.000000	eeeeeeeeeeeeeeeeeeeeeeeeeeeeeeeeeeee	0.000000		0.000169	0.000000	0.000000	0.000000	0.000000	0.039179	0.000000
1406	1786608178954	1251.869	0.856	0.000000		0.000000	eeeeeeeeeeeeeeeeeeeeeeeeeeeeeeeeeeee	0.000000		0.000111	0.000000	0.000000	0.000000	0.000000	0.039179	0.000000
1407	1786608179816	1252.731	0.910	0.000000		0.000000	eeeeeeeeeeeeeeeeeeeeeeeeeeeeeeeeeeee	0.000000		0.000081	0.000000	0.000000	0.000000	0.000000	0.039718	0.000000
1408	1786608180731	1253.646	0.899	0.000000		0.000000	eeeeeeeeeeeeeeeeeeeeeeeedddeeeeeeede	0.000000		0.000091	0.000000	0.000000	0.000000	0.000000	0.042728	0.000000
1409	1786608181636	1254.550	0.891	0.000000		0.000000	eeeeeeeeeeeeeeeeeeeeeeeeddeeeeeeedee	0.000000		0.000065	0.000000	0.000000	0.000000	0.000000	0.032399	0.000000
1410	1786608182532	1255.446	0.850	0.000000		0.000000	eeeeeeeeeeeeeeeeeeeeeeeeeeeeeeddeeee	0.000000		0.000094	0.000000	0.000000	0.000000	0.000000	0.032399	0.000000
1411	1786608183388	1256.302	0.839	0.000000		0.000000	eeeeeeeeeeeeeeeeeeeeeeeeeeeeeedeeeee	0.000000		0.000091	0.000000	0.000000	0.000000	0.000000	0.032399	0.000000
1412	1786608184232	1257.146	0.853	0.000000		0.000000	eeeeeeeeeeeeeeeeeeeeeeeeeeeeeeeeeeee	0.000000		0.000085	0.000000	0.000000	0.000000	0.000000	0.039338	0.000000
1413	1786608185091	1258.005	0.832	0.000000		0.000000	eeeeeeeeeeeeeeeeeeeeeeeeeeeeeeeeeeee	0.000000		0.000078	0.000000	0.000000	0.000000	0.000000	0.039338	0.000000
1414	1786608185928	1258.842	0.840	0.000000		0.000000	eeeeeeeeeeeeeeeeeeeeeeeeeeeeeeeeeeee	0.000000		0.000000	0.000000	0.000000	0.000000	0.000000	0.038530	0.000000
1415	1786608186773	1259.688	0.878	0.000000		0.000000	eeeeeeeeeeeeeeeeeeeeeeeeeeeeeeeeeeee	0.000000		0.000000	0.000000	0.000000	0.000000	0.000000	0.031305	0.000000
1416	1786608187655	1260.570	0.864	0.000000		0.030556	eeeeeeedbbbeebdedbdcc9cbebefdceecbce	0.000000		0.000000	0.093571	0.009801	0.000000	0.000000	0.000000	0.455149
1417	1786608188525	1261.439	0.831	0.013932	126x126+379+229	0.032292	eeeeeeedabbeeadedadbb7baeaefcbeebace	0.000000		0.000000	0.094606	0.008971	0.000000	0.000000	0.000000	0.460187
1418	1786608189361	1262.275	0.890	0.013932	126x126+379+229	0.032292	eeeeeeedabbeeadedadbb7baeaefcbeebace	0.000000		0.000000	0.094606	0.008971	0.000000	0.000000	0.000000	0.460187
1419	1786608190256	1263.171	0.859	0.013932	126x126+379+229	0.032292	eeeeeeedabbeeadedadbb7baeaefcbeebace	0.000000		0.000000	0.094606	0.008971	0.000000	0.000000	0.000000	0.460187
1420	1786608191120	1264.035	0.889	0.013932	126x126+379+229	0.032292	eeeeeeedabbeeadedadbb7baeaefcbeebace	0.000000		0.000000	0.094326	0.009128	0.000000	0.000000	0.000000	0.458824
1421	1786608192015	1264.929	0.861	0.013932	126x126+379+229	0.032292	deeeeeedabbeeadedadbb7baeaefcbeebace	0.000000		0.000000	0.093717	0.009521	0.000000	0.000000	0.000000	0.455862
1422	1786608192881	1265.795	0.890	0.013932	126x126+379+229	0.032292	eeeeeeedabbeeadedadbb7baeaefcbeebace	0.000000		0.000000	0.093717	0.009521	0.000000	0.000000	0.000000	0.455862
1423	1786608193776	1266.691	0.858	0.000000		0.000000	eeeeeeeedddeedeeededddddedeeedeeddee	0.000000		0.000000	0.000000	0.000000	0.000000	0.000000	0.040906	0.000000
1424	1786608194640	1267.554	0.833	0.000000		0.000000	eeeeeedeeeeeeeeeeeeeeeeeeeeeeeeeeeee	0.000000		0.000000	0.000000	0.000000	0.000000	0.000000	0.040906	0.000000
1425	1786608195478	1268.393	0.860	0.000000		0.000000	eeeeeeeeeeeeeeeeeeedeeeeeeeeeeeeeeee	0.000000		0.000000	0.000000	0.000000	0.000000	0.000000	0.033555	0.000000
1426	1786608196344	1269.258	0.886	0.000000		0.000000	eeeeeeeeeeeeeeeeeeeeeeeeeeeeeeeddeee	0.000000		0.000000	0.000000	0.000000	0.000000	0.000000	0.033555	0.000000
1427	1786608197235	1270.150	0.855	0.000000		0.000000	eeeeeeeeeeeeeeeeeeeeeeeeeeeeeeeeeeee	0.000000		0.000000	0.000000	0.000000	0.000000	0.000000	0.038308	0.000000
1428	1786608198095	1271.010	0.822	0.000000		0.000000	eeeeeeeeeeeeeeeeeeeeeeeeeeeeeeeeeeee	0.000000		0.000000	0.000000	0.000000	0.000000	0.000000	0.038371	0.000000
1429	1786608198922	1271.836	0.862	0.000000		0.000000	eeeeeeeeeeeeeeeeeeeeeeeeeeeeeeeeeeee	0.000000		0.000000	0.000000	0.000000	0.000000	0.000000	0.031147	0.000000
1430	1786608199789	1272.704	0.854	0.000000		0.000000	eeeeeeeeeeeeeeeeeeeeeeeeeeeeeeeeeeee	0.000000		0.000000	0.000000	0.000000	0.000000	0.000000	0.040748	0.000000
1431	1786608200649	1273.564	0.892	0.000000		0.000000	eeeeeeeeeeeeeeeeeeeeeeeeeeeeeeeeeeee	0.000000		0.000000	0.000000	0.000000	0.000000	0.000000	0.039623	0.000000
1432	1786608201545	1274.460	0.931	0.000000		0.000000	deeeeeeeeeeeeeeeeeeeeeeeeeeeeeeeeeee	0.000000		0.000000	0.000000	0.000000	0.000000	0.000000	0.039623	0.000000
1433	1786608202482	1275.396	0.874	0.000000		0.000000	ddeeeedeeeeeeeeeeeeeeeeeeeeeeeeeeeee	0.000000		0.000000	0.000000	0.000000	0.000000	0.000000	0.039623	0.000000
1434	1786608203361	1276.275	0.857	0.000000		0.000000	eeeeeeeeeeeedeeeeeeeeeeeeeeeeeeeeeee	0.000000		0.000000	0.000000	0.000000	0.000000	0.000000	0.039623	0.000000
1435	1786608204223	1277.138	0.823	0.000000		0.000000	eeeeeeeeeeeeeeeeeeeeeeeeeeeeeeeeeeee	0.000000		0.000000	0.000000	0.000000	0.000000	0.000000	0.041096	0.000000
1436	1786608205051	1277.966	0.894	0.000000		0.000000	eeeeeeeeeeeeeeeeeeeeeeeeeeeeeeeeeeee	0.000000		0.000000	0.000000	0.000000	0.000000	0.000000	0.038657	0.000000
1437	1786608205951	1278.865	0.885	0.000000		0.000000	eeeeeeeeeeeeeeeeeeeeeeeeeeeeeeeeeeee	0.000000		0.000000	0.000000	0.000000	0.000000	0.000000	0.038657	0.000000
1438	1786608206840	1279.755	0.835	0.000000		0.000000	eeeeeeeeeeeeeeeeeeeeeeeeeeeeeeeeeeee	0.000000		0.000000	0.000000	0.000000	0.000000	0.000000	0.038657	0.000000
1439	1786608207681	1280.595	0.892	0.000000		0.000000	eeeeeeeeeeeeeeeeeeeeeeeeeeeeeeeeeeee	0.000000		0.000000	0.000000	0.000000	0.000000	0.000000	0.039179	0.000000
1440	1786608208578	1281.492	0.887	0.000000		0.000000	eeeeeeeeeeeeeeeeeeeeeeeeeeeeeeeeeeee	0.000000		0.000000	0.000000	0.000000	0.000000	0.000000	0.039179	0.000000
1441	1786608209469	1282.384	0.888	0.000000		0.000000	eeeeeeeeeeeeeeeeeeeeeeeeeeeeeeeeeeee	0.000000		0.000000	0.000000	0.000000	0.000000	0.000000	0.039179	0.000000
1442	1786608210362	1283.277	0.861	0.000000		0.000000	eeeeeeeeeeeeeeeeeeeeeeeeeeeeeeeeeeee	0.000000		0.000000	0.000000	0.000000	0.000000	0.000000	0.039560	0.000000
1443	1786608211228	1284.143	0.856	0.000000		0.000000	eeeeeeeeeeeeeeeeeeeeeeeeeeeeeeeeeeee	0.000000		0.000000	0.000000	0.000000	0.000000	0.000000	0.038466	0.000000
1444	1786608212089	1285.004	0.805	0.000000		0.000000	eeeeeeeeeeeeeeeeeeeeeeeeeeeeeeeeeeee	0.000000		0.000000	0.000000	0.000000	0.000000	0.000000	0.038466	0.000000
1445	1786608212900	1285.814	0.854	0.000000		0.000000	eeeeeeeeeeeeeeeeeeeeeeeeeeeeeeeeeeee	0.000000		0.000000	0.000000	0.000000	0.000000	0.000000	0.038466	0.000000
1446	1786608213759	1286.673	0.918	0.000000		0.000000	eeeeeeeeeeeeeeeeeeeeedeeeeeeeeeeeecd	0.000000		0.000000	0.000000	0.000000	0.000000	0.000000	0.039005	0.000000
1447	1786608214683	1287.597	0.882	0.000000		0.000000	eeeeeeeeeeeeeeeeeeeeeeeeeeeeeeeeeeee	0.000000		0.000000	0.000000	0.000000	0.000000	0.000000	0.038815	0.000000
1448	1786608215570	1288.485	0.847	0.000000		0.000000	eeeeeeeeeeeeeeeeeeeeeeeeeeeeeeeeeeee	0.000000		0.000000	0.000000	0.000000	0.000000	0.000000	0.038815	0.000000
1449	1786608216424	1289.338	0.856	0.000000		0.000000	eeeeeceeeeedeeeeeeeeeeeeeeeeeeeeeeee	0.000000		0.000000	0.000000	0.000000	0.000000	0.000000	0.031305	0.000000
1450	1786608217285	1290.199	0.876	0.000000		0.000000	eeedcdeeeeeceeeeeeeeeeeeeeeeeeeeeeee	0.000000		0.000000	0.000000	0.000000	0.000000	0.000000	0.038466	0.000000
1451	1786608218167	1291.081	0.862	0.000000		0.000000	eedcdeeeeddeeeeeeeeeeeeeeeeeeeeeeeee	0.000000		0.000000	0.000000	0.000000	0.000000	0.000000	0.038466	0.000000
1452	1786608219034	1291.949	0.865	0.000000		0.000000	ecceeeeecdeeeeeeeeeeeeeeeeeeeeeeeeee	0.000000		0.000000	0.000000	0.000000	0.000000	0.000000	0.038530	0.000000
1453	1786608219905	1292.820	0.882	0.000000		0.000000	bdeeeeecceeeeedeeeeeeeeeeeeeeeeeeeee	0.000000		0.000000	0.000000	0.000000	0.000000	0.000000	0.038530	0.000000
1454	1786608220792	1293.707	0.915	0.000000		0.000000	eeeeedeeeeeeeeeeeeeeeeeeeeeeeeeeeeee	0.000000		0.000000	0.000000	0.000000	0.000000	0.000000	0.039005	0.000000
1455	1786608221713	1294.628	0.913	0.000000		0.000000	eeeeeeeeeedeeeeeeeeeeeeeeeeeeeeeeeee	0.000000		0.000000	0.000000	0.000000	0.000000	0.000000	0.038657	0.000000
1456	1786608222632	1295.546	0.852	0.000000		0.000000	eeeeeeeeeeeeeeeeeeeeeeeeeeeeeeeeeeee	0.000000		0.000000	0.000000	0.000000	0.000000	0.000000	0.038657	0.000000
1457	1786608223490	1296.404	0.861	0.000000		0.000000	eeeeeeeeeedeeeeeeeeeeeeeeeeeeeeeeeee	0.000000		0.000000	0.000000	0.000000	0.000000	0.000000	0.038530	0.000000
1458	1786608224356	1297.271	0.862	0.000000		0.000000	eeeeedeeeeeeeeeeeeeeeeeeeeeeeeeeeeee	0.000000		0.000000	0.000000	0.000000	0.000000	0.000000	0.038625	0.000000
1459	1786608225224	1298.139	0.824	0.000000		0.000000	eeeedceeeeeeeeeeeeeeeeeeeeeeeeeeeeee	0.000000		0.000000	0.000000	0.000000	0.000000	0.000000	0.038625	0.000000
1460	1786608226054	1298.968	0.846	0.000000		0.000000	eedcdeeeeddceeeeeeeeeeeeeeeeeeeeeeee	0.000000		0.000000	0.000000	0.000000	0.000000	0.000000	0.038625	0.000000
1461	1786608226906	1299.821	0.871	0.000000		0.000000	eedeeeedccdeeeedcceeeeedeeeeeeeeeeee	0.000000		0.000000	0.000000	0.000000	0.000000	0.000000	0.038625	0.000000
1462	1786608227783	1300.698	0.888	0.000000		0.000000	eeeeeeeeeeeeeeeeeeeeeeeeeeeeeeeeeeee	0.000000		0.000000	0.000000	0.000000	0.000000	0.000000	0.039528	0.000000
1463	1786608228678	1301.593	0.868	0.000000		0.000000	eeeeeeeeeeeeeeeeeeeeeeeeeeeeeeeeeeee	0.000000		0.000000	0.000000	0.000000	0.000000	0.000000	0.042918	0.000000
1464	1786608229552	1302.467	0.851	0.000000		0.000000	eeeeeeeeeeeeeeeeeeeeeeeeeeeeeeeeeeee	0.000000		0.000000	0.000000	0.000000	0.000000	0.000000	0.042570	0.000000
1465	1786608230409	1303.323	0.884	0.000000		0.000000	eeeeeeeeeeeeeeeeeeeeeeeeeeeeeeeeeeee	0.000000		0.000000	0.000000	0.000000	0.000000	0.000000	0.038308	0.000000
1466	1786608231298	1304.212	0.868	0.000000		0.000000	eeeeeeeeeeeeeeeeeeeeeeeeeeeeeeeeeeee	0.000000		0.000000	0.000000	0.000000	0.000000	0.000000	0.038308	0.000000
1467	1786608232171	1305.086	0.851	0.000000		0.000000	eeeeeeeeeeeeeeeeeeeeeeeeeeeeeeeeeeee	0.000000		0.000000	0.000000	0.000000	0.000000	0.000000	0.038308	0.000000
1468	1786608233027	1305.942	0.895	0.000000		0.000000	eeeeeeeeeeeeeeeeeeeeeeeeeeeeeeeeeeee	0.000000		0.000000	0.000000	0.000000	0.000000	0.000000	0.041096	0.000000
1469	1786608233928	1306.842	0.888	0.000000		0.000000	eeeeeeeeeeeeeeeeeeeeeeeeeeeeeeeeeeee	0.000000		0.000000	0.000000	0.000000	0.000000	0.000000	0.041096	0.000000
1470	1786608234820	1307.734	0.853	0.000000		0.000000	eeeeeeeeeeeeeeeeeeeeeeeeeeeeeeeeeeee	0.000000		0.000000	0.000000	0.000000	0.000000	0.000000	0.041096	0.000000
1471	1786608235678	1308.593	0.808	0.000000		0.000000	eeeeeeeeeeeeeeeeeeeeeeeeeeeeeeeeeeee	0.000000		0.000000	0.000000	0.000000	0.000000	0.000000	0.042918	0.000000
1472	1786608236491	1309.405	0.898	0.000000		0.000000	eeeeeeeeeeeeeeeeeeeeeeeeeeeeeeeeeeee	0.000000		0.000000	0.000000	0.000000	0.000000	0.000000	0.038530	0.000000
1473	1786608237394	1310.309	0.843	0.000000		0.000000	eeeeeeeeeeeeeeeeeeeeeeeeeeeeeeeeeeee	0.000000		0.000000	0.000000	0.000000	0.000000	0.000000	0.038530	0.000000
1474	1786608238242	1311.157	0.913	0.000000		0.000000	eeeeeeeeeeeeeeeeeeeeeeeeeeeeeeeeeeee	0.000000		0.000000	0.000000	0.000000	0.000000	0.000000	0.039718	0.000000
1475	1786608239160	1312.075	0.863	0.000000		0.000000	eeeeeeeeeeeeeeeeeeeeeeeeeeeeeeeeeeee	0.000000		0.000000	0.000000	0.000000	0.000000	0.000000	0.039718	0.000000
1476	1786608240028	1312.943	0.852	0.000000		0.000000	eeeeeeeeeeeeeeeeeeeeeeeeeeeeeeeeeeee	0.000000		0.000000	0.000000	0.000000	0.000000	0.000000	0.038625	0.000000
1477	1786608240885	1313.800	0.902	0.000000		0.000000	eeeeeeeeeeeeeeeeeeeeeeeeeeeeeeeeeeee	0.000000		0.000000	0.000000	0.000000	0.000000	0.000000	0.038625	0.000000
1478	1786608241792	1314.707	0.840	0.000000		0.000000	eeeeeeeeeeeeeeeeeeeeeeeeeeeeeeeeeeee	0.000000		0.000000	0.000000	0.000000	0.000000	0.000000	0.038815	0.000000
1479	1786608242637	1315.551	0.856	0.000000		0.000000	eeeeeeeeeeeeeeeeeeeeeeeeeeeeeeeeeeee	0.000000		0.000000	0.000000	0.000000	0.000000	0.000000	0.038466	0.000000
1480	1786608243498	1316.413	0.867	0.000000		0.000000	eeeeeeeeeeeeeeeeeeeeeeeeeeeeeeeeeeee	0.000000		0.000000	0.000000	0.000000	0.000000	0.000000	0.038466	0.000000
1481	1786608244371	1317.285	0.859	0.000000		0.000000	eeeeeeeeeeeeeeeeeeeeeeedeeeeeeeeeeee	0.000000		0.000000	0.000000	0.000000	0.000000	0.000000	0.038530	0.000000
1482	1786608245235	1318.149	0.841	0.000000		0.000000	eeeeeeeeeeeeeeeeeeeeeeeeeeeeedeeeeee	0.000000		0.000000	0.000000	0.000000	0.000000	0.000000	0.038530	0.000000
1483	1786608246081	1318.996	0.874	0.000000		0.000000	eeeeeeeeeeeeeeeeeeeeeeeeeeeeeeeeeeed	0.000000		0.000000	0.000000	0.000000	0.000000	0.000000	0.031305	0.000000
1484	1786608246960	1319.874	0.872	0.000000		0.000000	eeeeeeeeeeeeeeeeeeeeeeeeeeeeeeeeeeed	0.000000		0.000000	0.000000	0.000000	0.000000	0.000000	0.031305	0.000000
1485	1786608247837	1320.751	0.855	0.000000		0.000000	eeeeeeeeeeeeeeeeeeeeeeeeeeeeeeeeeeee	0.000000		0.000000	0.000000	0.000000	0.000000	0.000000	0.040906	0.000000
1486	1786608248696	1321.610	0.878	0.000000		0.000000	eeeeeeeeeeeeeeeeeeeeeeeeeeeeeeeeeeee	0.000000		0.000000	0.000000	0.000000	0.000000	0.000000	0.039528	0.000000
1487	1786608249579	1322.494	0.883	0.000000		0.000000	eeeeeeeeeeeeeeeeeeeeeeeeeeeeeeeeeeee	0.000000		0.000000	0.000000	0.000000	0.000000	0.000000	0.042918	0.000000
1488	1786608250466	1323.381	0.878	0.000000		0.000000	eeeeeeeeeeeeeeeeeeeeeeeeeeeeeeeeeeee	0.000000		0.000000	0.000000	0.000000	0.000000	0.000000	0.038720	0.000000
1489	1786608251350	1324.265	0.855	0.000000		0.000000	eeeeeeeeeeeeeeeeeeeeeeeeeeeeeeeeeeee	0.000000		0.000000	0.000000	0.000000	0.000000	0.000000	0.038720	0.000000
1490	1786608252210	1325.124	0.825	0.000000		0.000000	eeeeeeeeeeeeeeeeeeeeeeeeeeeeeeeeeeee	0.000000		0.000000	0.000000	0.000000	0.000000	0.000000	0.038720	0.000000
1491	1786608253039	1325.954	0.850	0.000000		0.000000	eeeeeeeeeeeeeeeeeeeeeeeeeeeeeeeeeeee	0.000000		0.000000	0.000000	0.000000	0.000000	0.000000	0.039243	0.000000
1492	1786608253894	1326.808	0.863	0.000000		0.000000	eeeeeeeeeeeeeeeeeeeeeeeeeeeeeeeeeeee	0.000000		0.000000	0.000000	0.000000	0.000000	0.000000	0.038530	0.000000
1493	1786608254762	1327.677	0.854	0.000000		0.000000	eeeeeeeeeeeeeeeeeeeeeeeeeeeeeeeeeeee	0.000000		0.000000	0.000000	0.000000	0.000000	0.000000	0.038530	0.000000
1494	1786608255621	1328.536	0.861	0.000000		0.000000	eeeeeeeeeeeeeeeeeeeeeeeeeeeeeeeeeeee	0.000000		0.000000	0.000000	0.000000	0.000000	0.000000	0.038530	0.000000
1495	1786608256487	1329.402	0.848	0.000000		0.000000	eeeeddeeeeeeeeeeeeeeeeeeeeeeeeeeeeee	0.000000		0.000000	0.000000	0.000000	0.000000	0.000000	0.038530	0.000000
1496	1786608257340	1330.255	0.871	0.000000		0.000000	eeeeeeeeeeeeeeeeeeeeeeeeeeeeeeeeeeee	0.000000		0.000000	0.000000	0.000000	0.000000	0.000000	0.032018	0.000000
1497	1786608258216	1331.131	0.864	0.000000		0.000000	eeeeeeeeeeeeeeeeeeeeeeeeeeeeeeeeeeee	0.000000		0.000000	0.000000	0.000000	0.000000	0.000000	0.035409	0.000000
1498	1786608259085	1332.000	0.856	0.000000		0.000000	eeeeeeeeeeeeeeeeeeeeeeeeeeeeeeeeeeee	0.000000		0.000000	0.000000	0.000000	0.000000	0.000000	0.035409	0.000000
1499	1786608259946	1332.861	0.859	0.000000		0.000000	eeeeeeeeeeeeeeeeeeeeeeeeeeeeeeeeeeee	0.000000		0.000000	0.000000	0.000000	0.000000	0.000000	0.035409	0.000000
1500	1786608260810	1333.724	0.851	0.000000		0.000000	eeeeeeeeeeeeeeeeeeeeeeeeeeeeeeeeeeee	0.000000		0.000000	0.000000	0.000000	0.000000	0.000000	0.035409	0.000000
1501	1786608261666	1334.581	0.866	0.000000		0.000000	eeeeeeeeeeeeeeeeeeeeeeeeeeeeeeeeeeee	0.000000		0.000000	0.000000	0.000000	0.000000	0.000000	0.035409	0.000000
1502	1786608262537	1335.452	0.904	0.000000		0.000000	eeeeeeeeeeeeeeeeeeeeeeeeeeeeeeeeeeee	0.000000		0.000000	0.000000	0.000000	0.000000	0.000000	0.039623	0.000000
1503	1786608263446	1336.360	0.871	0.000000		0.000000	eeeeeeeeeeeeeeeeeeeeeeeeeeeeeeeeeeee	0.000000		0.000000	0.000000	0.000000	0.000000	0.000000	0.033270	0.000000
1504	1786608264322	1337.236	0.890	0.000000		0.000000	eeeeeeeeeeeeeeeeeeeeeeeeeeeeeeeeeeee	0.000000		0.000000	0.000000	0.000000	0.000000	0.000000	0.033270	0.000000
1505	1786608265217	1338.131	0.862	0.000000		0.000000	eeeeeeeeeeeeeeeeeeeeeeeeeeeeeeeeeeee	0.000000		0.000000	0.000000	0.000000	0.000000	0.000000	0.033270	0.000000
1506	1786608266084	1338.998	0.855	0.000000		0.000000	eeeeeeeeeeeeeeeeeeeeeeeeeeeeeeeeeeee	0.000000		0.000000	0.000000	0.000000	0.000000	0.000000	0.038371	0.000000
1507	1786608266944	1339.858	0.858	0.000000		0.000000	eeeeeeeeeeeeeeeeeeeeeeeeeeeeeeeeeeee	0.000000		0.000000	0.000000	0.000000	0.000000	0.000000	0.032018	0.000000
1508	1786608267806	1340.720	0.878	0.013932	126x126+379+229	0.033056	eeeeeeedabbeeadddadbb8baeaefcbeebace	0.000000		0.000000	0.000052	0.000000	0.000000	0.000000	0.035409	0.000000
1509	1786608268689	1341.603	0.874	0.013932	126x126+379+229	0.033056	eeeeeeedabbeeadddadbb8baeaefcbeebace	0.000000		0.000000	0.000052	0.000000	0.000000	0.000000	0.035409	0.000000
1510	1786608269568	1342.482	0.868	0.013932	126x126+379+229	0.033056	eeeeeeedabbdeadddaebb8baeaefcbeebace	0.000000		0.000000	0.000052	0.000000	0.000000	0.000000	0.035409	0.000000
1511	1786608270441	1343.355	0.832	0.013932	126x126+379+229	0.033056	eeeeeeedabbeeadddaebb8baeaefcbeebace	0.000000		0.000000	0.000052	0.000000	0.000000	0.000000	0.032018	0.000000
1512	1786608271277	1344.191	0.864	0.013932	126x126+379+229	0.033056	eeeeeeedabbeeadddaebb8baeaefcbeebace	0.000000		0.000000	0.000052	0.000000	0.000000	0.000000	0.038435	0.000000
1513	1786608272145	1345.060	0.876	0.013932	126x126+379+229	0.033056	ccdeeeccabbedadddadbb8baeaefcbeebace	0.000000		0.000000	0.000052	0.000000	0.000000	0.000000	0.038720	0.000000
1514	1786608273026	1345.940	0.851	0.013932	126x126+379+229	0.033056	eeeeeeedabbeeadddadbb8badaefcbdebace	0.000000		0.000000	0.000052	0.000000	0.000000	0.000000	0.038530	0.000000
1515	1786608273881	1346.796	0.844	0.013932	126x126+379+229	0.033056	eeeeeeedabbeeadddadbb8baeaefcbdebace	0.000000		0.000000	0.000052	0.000000	0.000000	0.000000	0.038530	0.000000
1516	1786608274729	1347.644	0.859	0.013932	126x126+379+229	0.033056	eeeeeeedabbeeadddadbb8baeaefcbeebace	0.000000		0.000000	0.000052	0.000000	0.000000	0.000000	0.038530	0.000000
1517	1786608275594	1348.508	0.837	0.013932	126x126+379+229	0.033056	eeeeeeedabbeeadddadbb8baeaefcbeebace	0.000000		0.000000	0.000052	0.000000	0.000000	0.000000	0.038530	0.000000
1518	1786608276435	1349.349	0.875	0.013932	126x126+379+229	0.033056	eeeeeeedabbeeadddadbb8baeaefcbeebace	0.000000		0.000000	0.000052	0.000000	0.000000	0.000000	0.038371	0.000000
1519	1786608277315	1350.230	0.879	0.013932	126x126+379+229	0.033056	eeeeeeedabbeeadddadbb8baeaefcbeebace	0.000000		0.000000	0.000052	0.000000	0.000000	0.000000	0.038657	0.000000
1520	1786608278199	1351.113	0.828	0.013932	126x126+379+229	0.033056	eeeeeeedabbeeadddadbb8baeaefcbeebace	0.000000		0.000000	0.000052	0.000000	0.000000	0.000000	0.038466	0.000000
1521	1786608279033	1351.947	0.875	0.013932	126x126+379+229	0.033056	eeeeeeedabbeeadddadbb8baeaefcbeebace	0.000000		0.000000	0.000052	0.000000	0.000000	0.000000	0.038466	0.000000
1522	1786608279913	1352.827	0.859	0.013932	126x126+379+229	0.033056	eeeeeeedabbeeadddadbb8baeaefcbeebace	0.000000		0.000000	0.000052	0.000000	0.000000	0.000000	0.033555	0.000000
1523	1786608280777	1353.691	0.875	0.013932	126x126+379+229	0.033056	eeeeeeedabbeeadddadbb8baeaefcbeebace	0.000000		0.000000	0.000052	0.000000	0.000000	0.000000	0.042918	0.000000
1524	1786608281657	1354.571	0.842	0.013932	126x126+379+229	0.033056	eeeeeeedabbeeadddadbb8baeaefcbeebace	0.000000		0.000000	0.000052	0.000000	0.000000	0.000000	0.038466	0.000000
1525	1786608282504	1355.418	0.876	0.013932	126x126+379+229	0.033056	eeeeeeedabbeeadddadbb8baeaefcbeebace	0.000000		0.000000	0.000052	0.000000	0.000000	0.000000	0.038815	0.000000
1526	1786608283384	1356.298	0.876	0.013932	126x126+379+229	0.033056	eeeeeeedabbeeadddadbb8baeaefcbeebace	0.000000		0.000000	0.000052	0.000000	0.000000	0.000000	0.031305	0.000000
1527	1786608284265	1357.179	0.843	0.013932	126x126+379+229	0.033056	eeeeeeedabbeeadddadbb8baeaefcbeebace	0.000000		0.000000	0.000052	0.000000	0.000000	0.000000	0.039908	0.000000
1528	1786608285113	1358.027	0.867	0.013932	126x126+379+229	0.033056	eeeeeeedabbeeadddadbb8baeaefcbeebace	0.000000		0.000000	0.000052	0.000000	0.000000	0.000000	0.039908	0.000000
1529	1786608285985	1358.899	0.852	0.013932	126x126+379+229	0.033056	eeeeeeedabbeeadddadbb8baeaefcbeebace	0.000000		0.000000	0.000052	0.000000	0.000000	0.000000	0.038466	0.000000
1530	1786608286841	1359.756	0.864	0.013932	126x126+379+229	0.033056	eeeeeeedabbeeadddadbb8baeaefcbeebace	0.000000		0.000000	0.000052	0.000000	0.000000	0.000000	0.038657	0.000000
1531	1786608287711	1360.625	0.873	0.013932	126x126+379+229	0.033056	eeeeeeedabbeeadddadbb8baeaefcbeebace	0.000000		0.000000	0.000052	0.000000	0.000000	0.000000	0.038657	0.000000
1532	1786608288588	1361.503	0.834	0.013932	126x126+379+229	0.033056	eeeeeeedabbeeadddadbb8baeaefcbeebace	0.000000		0.000000	0.000052	0.000000	0.000000	0.000000	0.031496	0.000000
1533	1786608289428	1362.342	0.896	0.013932	126x126+379+229	0.033056	eeeeeeedabbeeadddadbb8baeaefcbeebace	0.000000		0.000000	0.000052	0.000000	0.000000	0.000000	0.039908	0.000000
1534	1786608290328	1363.243	0.825	0.013932	126x126+379+229	0.033056	eeeeeeedabbeeadddadbb8baeaefcbeebace	0.000000		0.000000	0.000052	0.000000	0.000000	0.000000	0.039908	0.000000
1535	1786608291159	1364.074	0.873	0.013932	126x126+379+229	0.033056	eeeeeeedabbeeadddadbb8baeaefcbeebace	0.000000		0.000000	0.000052	0.000000	0.000000	0.000000	0.038530	0.000000
1536	1786608292037	1364.952	0.878	0.000000		0.000000	eeeeeeeeeeeeeeeeeeeeeeeeeeeeeeeeeeee	0.000000		0.000000	0.000000	0.000000	0.000000	0.000000	0.038530	0.000000
1537	1786608292921	1365.835	0.901	0.000000		0.000000	eeeeeeeeeeeeeeeeeeeeeeeeeeeeeeeeeeee	0.000000		0.000000	0.000000	0.000000	0.000000	0.000000	0.038625	0.000000
1538	1786608293827	1366.741	0.895	0.000000		0.000000	eeeeeeeeeeeeeeeeeeeeeeeeeeeeeeeeeedd	0.000000		0.000000	0.000000	0.000000	0.000000	0.000000	0.038625	0.000000
1539	1786608294728	1367.642	0.866	0.000000		0.000000	eeeeeeeeeeeeeeeeeeeeeeeeeeeeeeeeeeee	0.000000		0.000000	0.000000	0.000000	0.000000	0.000000	0.039718	0.000000
1540	1786608295599	1368.514	0.891	0.000000		0.000000	eeeeeeeeeeeeeeeeeeeeeeeeeeeeeeeeeeee	0.000000		0.000000	0.000000	0.000000	0.000000	0.000000	0.033365	0.000000
1541	1786608296495	1369.410	0.865	0.000000		0.000000	eeeeeeeeeeeeeeeeeeeeeeeeeeeeeeeeeeee	0.000000		0.000000	0.000000	0.000000	0.000000	0.000000	0.033365	0.000000
1542	1786608297365	1370.279	0.888	0.000000		0.000000	eeeeeeeeeeeeeeeeeeeeeeeeeeeeeeeeeeee	0.000000		0.000000	0.000000	0.000000	0.000000	0.000000	0.042728	0.000000
1543	1786608298258	1371.173	0.873	0.000000		0.000000	eeeeeeeeeeeeeeeeeeeeeeeeeeeeeeeeeeee	0.000000		0.000000	0.000000	0.000000	0.000000	0.000000	0.042728	0.000000
1544	1786608299136	1372.051	0.886	0.000000		0.000000	eeeeeeeeeeeeeeeeeeeeeeeeeeeeeeeeeeee	0.000000		0.000000	0.000000	0.000000	0.000000	0.000000	0.039718	0.000000
1545	1786608300027	1372.942	0.899	0.000000		0.000000	eeeeeeeeeeeeeeeeeeeeeeeeeeeeeeeeeeee	0.000000		0.000000	0.000000	0.000000	0.000000	0.000000	0.039718	0.000000
1546	1786608300931	1373.845	0.839	0.000000		0.000000	eeeeeeeeeeeeeeeeeeeeeeeeeeeeeeeeeeee	0.000000		0.000000	0.000000	0.000000	0.000000	0.000000	0.038466	0.000000
1547	1786608301775	1374.689	0.861	0.000000		0.000000	eeeeeeeeeeeeeeeeeeeeeeeeeeeeeeeeeeee	0.000000		0.000000	0.000000	0.000000	0.000000	0.000000	0.038530	0.000000
1548	1786608302640	1375.555	0.859	0.000000		0.000000	eeeeeeeeeeeeeeeeeeeeeeeeeeeeeeeeeeee	0.000000		0.000000	0.000000	0.000000	0.000000	0.000000	0.031305	0.000000
1549	1786608303504	1376.418	0.886	0.000000		0.000000	eeeeeeeeeeeeeeeeeeeeeeeeeeeeeeeeeeee	0.000000		0.000000	0.000000	0.000000	0.000000	0.000000	0.033555	0.000000
1550	1786608304394	1377.308	0.901	0.000000		0.000000	eeeeeeeeeeeeeeeeeeeeeeeeeeeeeeeeeeee	0.000000		0.000000	0.000000	0.000000	0.000000	0.000000	0.033555	0.000000
1551	1786608305300	1378.214	0.899	0.000000		0.000000	eeeeeeeeeeeeeeeeeeeeeeeeeeeeeeeeeeee	0.000000		0.000000	0.000000	0.000000	0.000000	0.000000	0.039005	0.000000
1552	1786608306202	1379.117	0.833	0.000000		0.000000	eeeeeeeeeeeeeeeeeeeeeeeeeeeeeeeeeeee	0.000000		0.000000	0.000000	0.000000	0.000000	0.000000	0.038657	0.000000
1553	1786608307040	1379.955	0.863	0.000000		0.000000	eeeeeeeeeeeeeeeeeeeeeeeeeeeeeeeeeeee	0.000000		0.000000	0.000000	0.000000	0.000000	0.000000	0.038657	0.000000
1554	1786608307908	1380.823	0.851	0.000000		0.000000	eeeeeeeeeeeeeeeeeeeeeeeeeeeeeeeeeeee	0.000000		0.000000	0.000000	0.000000	0.000000	0.000000	0.038720	0.000000
1555	1786608308765	1381.679	0.839	0.000000		0.000000	eeeeeeeeeeeeeeeeeeeeeeeeeeeeeeeeeeee	0.000000		0.000000	0.000000	0.000000	0.000000	0.000000	0.041096	0.000000
1556	1786608309608	1382.522	0.869	0.000000		0.000000	eeeeeeeeeeeeeeeeeeeeeeeeeeeeeeeeeeee	0.000000		0.000000	0.000000	0.000000	0.000000	0.000000	0.041096	0.000000
1557	1786608310482	1383.397	0.880	0.000000		0.000000	eeeeeeeeeeeeeeeeeeeeeeeeeeeeeeeeeeee	0.000000		0.000000	0.000000	0.000000	0.000000	0.000000	0.041096	0.000000
1558	1786608311366	1384.281	0.852	0.000000		0.000000	eeeeeeeeeeeeeeeeeeeeeeeeeeeeeeeeeeee	0.000000		0.000000	0.000000	0.000000	0.000000	0.000000	0.038308	0.000000
1559	1786608312223	1385.138	0.865	0.000000		0.000000	eeeeeeeeeeeeeeeeeeeeeeeeeeeeeeeeeeee	0.000000		0.000000	0.000000	0.000000	0.000000	0.000000	0.038371	0.000000
1560	1786608313093	1386.008	0.833	0.000000		0.000000	eeeeeeeeeeeeeeeeeeeeeeeeeeeeeeeeeeee	0.000000		0.000000	0.000000	0.000000	0.000000	0.000000	0.038371	0.000000
1561	1786608313931	1386.846	0.856	0.000000		0.000000	eeeeeeeeeeeeeeeeeeeeeeeeeeeeeeeeeeee	0.000000		0.000000	0.000000	0.000000	0.000000	0.000000	0.039243	0.000000
1562	1786608314792	1387.706	0.877	0.000000		0.000000	eeeeeeeeeeeeeeeeeeeeeeeeeeeeeeeeeeee	0.000000		0.000000	0.000000	0.000000	0.000000	0.000000	0.031305	0.000000
1563	1786608315674	1388.589	0.916	0.000000		0.000000	deeeeeeeeeeeeeeeeeeeeeeeeeeeeeeeeeee	0.000000		0.000000	0.000000	0.000000	0.000000	0.000000	0.031305	0.000000
1564	1786608316595	1389.510	0.881	0.000000		0.000000	ddeeeedeeeeeeeeeeeeeeeeeeeeeeeeeeeee	0.000000		0.000000	0.000000	0.000000	0.000000	0.000000	0.031305	0.000000
1565	1786608317482	1390.396	0.889	0.000000		0.000000	dddeeeddeeeedeeeeeeeeeeeeeeeeeeeeeee	0.000000		0.000000	0.000000	0.000000	0.000000	0.000000	0.031305	0.000000
1566	1786608318375	1391.290	0.817	0.000000		0.000000	dddeeeddeeeedeeeeeeeeeeeeeeeeeeeeeee	0.000000		0.000000	0.000000	0.000000	0.000000	0.000000	0.031305	0.000000
1567	1786608319198	1392.112	0.888	0.000000		0.000000	dddeeeddeeeedeeeeeeeeeeeeeeeeeeeeeee	0.000000		0.000000	0.000000	0.000000	0.000000	0.000000	0.031305	0.000000
1568	1786608320090	1393.005	0.849	0.000000		0.000000	ddeeeeddeeeedeeeeeeeeeeeeeeeeeeeeeee	0.000000		0.000000	0.000000	0.000000	0.000000	0.000000	0.031305	0.000000
1569	1786608320945	1393.859	0.860	0.000000		0.000000	eeeeeeeeeeeeeeeeeeeeeeeeeeeeeeeeeeee	0.000000		0.000000	0.000000	0.000000	0.000000	0.000000	0.040811	0.000000
1570	1786608321809	1394.723	0.900	0.000000		0.000000	eeeeeeeeeeeeeeeeeeeeeeeeeeeeeeeeeeee	0.000000		0.000081	0.000000	0.000000	0.000000	0.000000	0.040906	0.000000
1571	1786608322715	1395.629	0.885	0.000000		0.000000	eeeeeeeeeeeeeeeeeeeeeeeeeeeeeeeeeeee	0.000000		0.000117	0.000000	0.000000	0.000610	0.000000	0.031305	0.000000
1572	1786608323605	1396.520	0.892	0.000000		0.000000	eeeeeeeeeeeeeeeeeeeeeeeeeeeeeeeeeeee	0.000000		0.000091	0.000000	0.000000	0.000533	0.000000	0.039718	0.000000
1573	1786608324502	1397.417	0.877	0.000000		0.000000	eeeeeeeeeeeeeeeeeeeeeeeeeeeeeeeeeeee	0.000000		0.000104	0.000000	0.000000	0.000571	0.000000	0.033365	0.000000
1574	1786608325385	1398.299	0.892	0.000000		0.000000	eeeeeeeeeeeeeeeeeeeeeeeeeeeeeeeeeeee	0.000000		0.000055	0.000000	0.000000	0.000152	0.000000	0.039338	0.000000
1575	1786608326283	1399.197	0.885	0.000000		0.000000	eeeeeeeeeeeeeeeeeeeeeeeeeeeeeeeeeeee	0.000000		0.000000	0.000000	0.000000	0.000000	0.000000	0.041999	0.000000
1576	1786608327173	1400.088	0.878	0.000000		0.000000	eeeeeeeeeeeeeeeeeeeeeeeeeeeeeeeeeeee	0.000000		0.000000	0.000000	0.000000	0.000000	0.000000	0.041999	0.000000
1577	1786608328056	1400.971	0.877	0.000000		0.000000	eeeeeeeeeeeeeeeeeeeeeeeeeeeeeeeeeeee	0.000000		0.000000	0.000000	0.000000	0.000000	0.000000	0.041999	0.000000
1578	1786608328938	1401.853	0.881	0.000000		0.000000	eeeeeeeeeeeeeeeeeeeeeeeeeeeeeeeeeeee	0.000000		0.000000	0.000000	0.000000	0.000000	0.000000	0.041999	0.000000
1579	1786608329825	1402.740	0.883	0.000000		0.000000	eeeeeeeeeeeeeeeeeeeeeeeeeeeeeeeeeeee	0.000000		0.000000	0.000000	0.000000	0.000000	0.000000	0.039338	0.000000
1580	1786608330714	1403.628	0.882	0.000000		0.000000	eeeeeeeeeeeeeeeeeeeeeeeeeeeeeeeeeeee	0.000000		0.000000	0.000000	0.000000	0.000000	0.000000	0.039338	0.000000
1581	1786608331602	1404.516	0.879	0.000000		0.000000	eeeedeeeeeedeeeeeeeeeeeeeeeeeeeeeeee	0.000000		0.000000	0.000000	0.000000	0.000000	0.000000	0.042728	0.000000
1582	1786608332486	1405.401	0.899	0.000000		0.000000	eeeeeeeeeedeeeeeedeeeeeeeeeeeeeeeeee	0.000000		0.000000	0.000000	0.000000	0.000000	0.000000	0.033365	0.000000
1583	1786608333391	1406.306	0.828	0.000000		0.000000	eeedeeeeeedeeeeedeeeeeedeeeeeeeeeeee	0.000000		0.000000	0.000000	0.000000	0.000000	0.000000	0.033365	0.000000
1584	1786608334224	1407.139	0.852	0.000000		0.000000	eeedeeeeedeeeeeedeeeeeedeeeeeeeeeeee	0.000000		0.000000	0.000000	0.000000	0.000000	0.000000	0.033365	0.000000
1585	1786608335082	1407.997	0.867	0.000000		0.000000	eeeeeeeeedeeeeedeeeeeedeeeeeedeeeeee	0.000000		0.000000	0.000000	0.000000	0.000000	0.000000	0.033365	0.000000
1586	1786608335954	1408.868	0.857	0.000000		0.000000	eeeeeeeeeeeeeeedeeeeeeeeeeeedeeeeeed	0.000000		0.000000	0.000000	0.000000	0.000000	0.000000	0.038625	0.000000
1587	1786608336816	1409.731	0.897	0.000000		0.000000	eeeeeeeeeeeeeeeeeeeeedeeeeedeeeeeede	0.000000		0.000000	0.000000	0.000000	0.000000	0.000000	0.038625	0.000000
1588	1786608337719	1410.633	0.864	0.000000		0.000000	eeeeeeeeeeeeeeeeeeeeeeeeeeedeeeeedee	0.000000		0.000000	0.000000	0.000000	0.000000	0.000000	0.038625	0.000000
1589	1786608338588	1411.503	0.877	0.000000		0.000000	eeeeeeeeeeeeeeeeeeeeeeeeeeeeeeeeedee	0.000000		0.000000	0.000000	0.000000	0.000000	0.000000	0.038625	0.000000
1590	1786608339470	1412.384	0.856	0.000000		0.000000	eeeeeeeeeeeeeeeeeeeeeeeeeeeeeeeeeeee	0.000000		0.000000	0.000000	0.000000	0.000000	0.000000	0.038625	0.000000
1591	1786608340332	1413.246	0.821	0.000000		0.000000	eeeeeeeeeeeeeeeeeeeeeeeeeeeeeeeeeeee	0.000000		0.000000	0.000000	0.000000	0.000000	0.000000	0.038625	0.000000
1592	1786608341157	1414.072	0.888	0.000000		0.000000	eeeeeeeeeeeeeeeeeeeeeeeeeeeeeeeeeeee	0.000000		0.000000	0.000000	0.000000	0.000000	0.000000	0.039718	0.000000
1593	1786608342050	1414.965	0.901	0.000000		0.000000	eeeeeeeeeeeeeeeeeeeeeeeeeeeeeeeeeeee	0.000000		0.000000	0.000000	0.000000	0.000000	0.000000	0.038625	0.000000
1594	1786608342956	1415.871	0.873	0.000000		0.000000	eeeeeeeeeeeeeeeeeeeeeeeeeeeeeeeeeeee	0.000000		0.000000	0.000000	0.000000	0.000000	0.000000	0.038625	0.000000
1595	1786608343834	1416.748	0.869	0.000000		0.000000	eeeeeeeeeeeeeeeeeeeeeeeeeeeeeeeeeeee	0.000000		0.000000	0.000000	0.000000	0.000000	0.000000	0.040906	0.000000
1596	1786608344708	1417.623	0.875	0.000000		0.000000	eeeeeeeeeeeeeeeeeeeeeeeeeeeeeeeeeeee	0.000000		0.000000	0.000000	0.000000	0.000000	0.000000	0.042918	0.000000
1597	1786608345588	1418.503	0.873	0.000000		0.000000	eeeeeeeeeeeeeeeeeeeeeeeeeeeeeeeeeeee	0.000000		0.000000	0.000000	0.000000	0.000000	0.000000	0.042918	0.000000
1598	1786608346466	1419.381	0.823	0.000000		0.000000	eeeeeeeeeeeeeeeeeeeeeeeeeeeeeeeeeeee	0.000000		0.000000	0.000000	0.000000	0.000000	0.000000	0.039528	0.000000
1599	1786608347295	1420.209	0.893	0.000000		0.000000	eeeeeeeeeeeeeeeeeeeeeeeeeeeeeeeeeeee	0.000000		0.000000	0.000000	0.000000	0.000000	0.000000	0.042918	0.000000
1600	1786608348193	1421.107	0.867	0.000000		0.000000	eddeeeeeeeeeeeeeeeeeeeeeeeeeeeeeeeee	0.000000		0.000000	0.000000	0.000000	0.000000	0.000000	0.039528	0.000000
1601	1786608349064	1421.979	0.893	0.000000		0.000000	eeeeeeeeeeeeddeeeeeeeeeeeeeeeeeeeeee	0.000000		0.000000	0.000000	0.000000	0.000000	0.000000	0.039528	0.000000
1602	1786608349962	1422.876	0.878	0.000000		0.000000	eeeeeeeeeeeeeeeeeedeeeeeeeeeeeeeeeee	0.000000		0.000000	0.000000	0.000000	0.000000	0.000000	0.040906	0.000000
1603	1786608350845	1423.760	0.879	0.000000		0.000000	eeeeeeeeeeeeeeeeeeeeedeeddeeeeeeeeee	0.000000		0.000000	0.000000	0.000000	0.000000	0.000000	0.040906	0.000000
1604	1786608351728	1424.643	0.862	0.000000		0.000000	eeeeeeeeeeeeeeeeeeeeeeeeeeedeeddeeee	0.000000		0.000000	0.000000	0.000000	0.000000	0.000000	0.040906	0.000000
1605	1786608352595	1425.510	0.818	0.000000		0.000000	eeeeeeeeeeeeeeeeeeeeeeeeeeeeeeeeedde	0.000000		0.000000	0.000000	0.000000	0.000000	0.000000	0.040906	0.000000
1606	1786608353417	1426.332	0.891	0.000000		0.000000	eeeeeeeeeeeeeeeeeeeeeeeeeeeeeeeeeeee	0.000000		0.000000	0.000000	0.000000	0.000000	0.000000	0.040906	0.000000
1607	1786608354314	1427.228	0.883	0.000000		0.000000	eeeeeeeeeeeeeeeeeedeeeeeeeeeeeeeeeee	0.000000		0.000000	0.000000	0.000000	0.000000	0.000000	0.031305	0.000000
1608	1786608355201	1428.116	0.907	0.000000		0.000000	eeeeeeeeeeeeeeeeeeeeeeeeeeeeeeeeeeee	0.000000		0.000000	0.000000	0.000000	0.000000	0.000000	0.031305	0.000000
1609	1786608356113	1429.028	0.884	0.000000		0.000000	eeeeeeeeeeeeeeeeeeeeeeeeeeeeeeeeeeee	0.000000		0.000000	0.000000	0.000000	0.000000	0.000000	0.040906	0.000000
1610	1786608357003	1429.917	0.863	0.000000		0.000000	eeeeeeeeeeeeeeeeeeeeeeeeeeeeeeeeeeee	0.000000		0.000000	0.000000	0.000000	0.000000	0.000000	0.031305	0.000000
1611	1786608357871	1430.785	0.888	0.000000		0.000000	eeeeeeeeeeeeeeeeeeeeeeeeeeeeeeeeeeee	0.000000		0.000000	0.000000	0.000000	0.000000	0.000000	0.039005	0.000000
1612	1786608358764	1431.678	0.879	0.000000		0.000000	eeeeeeeeeeeeeeeeeeeeeeeeeeeeeeeeeeee	0.000000		0.000000	0.000000	0.000000	0.000000	0.000000	0.042570	0.000000
1613	1786608359648	1432.563	0.868	0.000000		0.000000	eeeeeeeeeeeeeeeeeeeeeeeeeeeeeeeeeeee	0.000000		0.000000	0.000000	0.000000	0.000000	0.000000	0.042570	0.000000
1614	1786608360521	1433.436	0.869	0.000000		0.000000	eeeeeeeeeeeeeeeeeeeeeeeeeeeeeeeeeeee	0.000000		0.000000	0.000000	0.000000	0.000000	0.000000	0.042570	0.000000
1615	1786608361395	1434.310	0.897	0.000000		0.000000	eeeeeeeeeeeeeeeeeeeeeeeeeeeeeedeeeee	0.000000		0.000000	0.000000	0.000000	0.000000	0.000000	0.031210	0.000000
1616	1786608362297	1435.212	0.912	0.000000		0.000000	eeeeeeeeeeeeeeeeeedeeeededeeeeeeeeee	0.000000		0.000000	0.000000	0.000000	0.000000	0.000000	0.032018	0.000000
1617	1786608363215	1436.130	0.911	0.000000		0.000000	eeeeeedeeeeedeeeeeddeeeedddeeeeeedee	0.000000		0.000000	0.000000	0.000000	0.000000	0.000000	0.032018	0.000000
1618	1786608364131	1437.046	0.894	0.000000		0.000000	eeeeeeeeeeeeeeeeeeddeeeedddeeeedddee	0.000000		0.000000	0.000000	0.000000	0.000000	0.000000	0.032018	0.000000
1619	1786608365031	1437.945	0.868	0.000000		0.000000	eeeeeeeeeeeeeeeeeeedeeeeddeeeedddeee	0.000000		0.000000	0.000000	0.000000	0.000000	0.000000	0.032018	0.000000
1620	1786608365903	1438.818	0.916	0.000000		0.000000	eeeeeeeeeeeeeeeeeeeeeeeeddeeeedddeee	0.000000		0.000000	0.000000	0.000000	0.000000	0.000000	0.032018	0.000000
1621	1786608366824	1439.739	0.855	0.000000		0.000000	eeeeeeeeeeeeeeeeeeeeeeeedeeeeeddddee	0.000000		0.000000	0.000000	0.000000	0.000000	0.000000	0.038720	0.000000
1622	1786608367684	1440.599	0.933	0.000000		0.000000	eeeeeeeeeeeeeeeeeeeeeeeeeeeeeeeeeeee	0.000000		0.000000	0.000000	0.000000	0.000000	0.000000	0.033555	0.000000
1623	1786608368622	1441.536	0.901	0.000000		0.000000	eeeeeeeeeeeeeeeeeeeeeeeeeeeeeeeeeeee	0.000000		0.000000	0.000000	0.000000	0.000000	0.000000	0.039528	0.000000
1624	1786608369528	1442.442	0.891	0.000000		0.000000	eeeeeeeeeeeeeeeeeeeeeeeeeeeeeeeeeeee	0.000000		0.000000	0.000000	0.000000	0.000000	0.000000	0.039908	0.000000
1625	1786608370425	1443.339	0.878	0.000000		0.000000	eeeeeeeeeeeeeeeeeeeeeeeeeeeeeeeeeeee	0.000000		0.000000	0.000000	0.000000	0.000000	0.000000	0.039908	0.000000
1626	1786608371307	1444.222	0.873	0.000000		0.000000	dddeeeeeeeeeeeeeeeeeeeeeeeeeeeeeeeee	0.000000		0.000000	0.000000	0.000000	0.000000	0.000000	0.041096	0.000000
1627	1786608372186	1445.100	0.852	0.000000		0.000000	dddddeddeeeeeeeeeeeeeeeeeeeeeeeeeeee	0.000000		0.000000	0.000000	0.000000	0.000000	0.000000	0.042570	0.000000
1628	1786608373043	1445.957	0.872	0.000000		0.000000	eeeeeedddddeddeeeeeeeeeeeeeeeeeeeeee	0.000000		0.000000	0.000000	0.000000	0.000000	0.000000	0.042570	0.000000
1629	1786608373920	1446.834	0.847	0.000000		0.000000	eeeeeeeddeeeddddddeeeeeeeeeeeeeeeeee	0.000000		0.000000	0.000000	0.000000	0.000000	0.000000	0.033207	0.000000
1630	1786608374772	1447.686	0.897	0.000000		0.000000	eeeeeedeeeeeeeeeeeeeeeeeeeeeeeeeeeee	0.000000		0.000000	0.000000	0.000000	0.000000	0.000000	0.038371	0.000000
1631	1786608375674	1448.588	0.891	0.000000		0.000000	eeeeeeeeeeeeeeeeeeeeeeeeeeeeeeeeeeee	0.000000		0.000000	0.000000	0.000000	0.000000	0.000000	0.031210	0.000000
1632	1786608376569	1449.484	0.853	0.000000		0.000000	eeeeeeeeeeeeeeeeeeeeeeeeeeeeeeeeeeee	0.000000		0.000000	0.000000	0.000000	0.000000	0.000000	0.031210	0.000000
1633	1786608377427	1450.342	0.841	0.000000		0.000000	eeeeeeeeeeeeeeeeeeeeeeeeeeeeeeeeeeee	0.000000		0.000000	0.000000	0.000000	0.000000	0.000000	0.038435	0.000000
1634	1786608378273	1451.187	0.847	0.000000		0.000000	eeeeeeeeeeeeeeeeeeeeeeeeeeeeeeeeeeee	0.000000		0.000000	0.000000	0.000000	0.000000	0.000000	0.038435	0.000000
1635	1786608379125	1452.040	0.883	0.000000		0.000000	eeeeeeeeeeeeeeeeeeeeeeeeeeeeeeeeeeee	0.000000		0.000000	0.000000	0.000000	0.000000	0.000000	0.038720	0.000000
1636	1786608380013	1452.927	0.868	0.000000		0.000000	eeeeeeeeeeeeeeeeeeeeeeeeeeeeeedeeeee	0.000000		0.000000	0.000000	0.000000	0.000000	0.000000	0.039005	0.000000
1637	1786608380885	1453.800	0.872	0.000000		0.000000	eeeeeeeeeeeeeeeeeeeeeeeeeeeeeeeeeeee	0.000000		0.000000	0.000000	0.000000	0.000000	0.000000	0.038815	0.000000
1638	1786608381762	1454.677	0.847	0.000000		0.000000	eeeeeeeeeeeeeeeeeeeeeeeeeeeeeeeeeeee	0.000000		0.000000	0.000000	0.000000	0.000000	0.000000	0.038815	0.000000
1639	1786608382615	1455.529	0.862	0.000000		0.000000	eeeeeeeeeeeeeeeeeeeeeeeeeeeeeeeeeeee	0.000000		0.000000	0.000000	0.000000	0.000000	0.000000	0.039908	0.000000
1640	1786608383482	1456.396	0.849	0.000000		0.000000	eeeeeeeeeeeeeeeeeeeeeeeeeeeeeeeeeeee	0.000000		0.000000	0.000000	0.000000	0.000000	0.000000	0.039908	0.000000
1641	1786608384336	1457.251	0.876	0.000000		0.000000	eeeeeeeeeeeeeeeeeeeeeeeeeeeeeeeeeeee	0.000000		0.000000	0.000000	0.000000	0.000000	0.000000	0.039005	0.000000
1642	1786608385216	1458.131	0.863	0.000000		0.000000	eeeeeeeeeeeeeeeeeeeeeeeeeeeeeeeeeeee	0.000000		0.000000	0.000000	0.000000	0.000000	0.000000	0.038720	0.000000
1643	1786608386085	1458.999	0.849	0.000000		0.000000	eeeeeeeeeeeeeeeeeeeeeeeeeeeeeeeeeeee	0.000000		0.000000	0.000000	0.000000	0.000000	0.000000	0.038720	0.000000
1644	1786608386938	1459.853	0.908	0.000000		0.000000	eeeeeeeeeeeeeeeeeeeeeeeeeeeeeeeeeeee	0.000000		0.000000	0.000000	0.000000	0.000000	0.000000	0.031496	0.000000
1645	1786608387851	1460.765	0.867	0.000000		0.000000	eeeeeeeeeeeeeeeeeeeeeeeeeeeeeeeeeeee	0.000000		0.000000	0.000000	0.000000	0.000000	0.000000	0.038371	0.000000
1646	1786608388722	1461.637	0.907	0.000000		0.000000	eeeeeeeeeeeeeeeeeeeeeeeeeeeeeeeeeeee	0.000000		0.000000	0.000000	0.000000	0.000000	0.000000	0.038371	0.000000
1647	1786608389634	1462.549	0.873	0.000000		0.000000	eeeeeeeeeeeeeeeeeeeeeeeeeeeeeeeeeeee	0.000000		0.000000	0.000000	0.000000	0.000000	0.000000	0.031147	0.000000
1648	1786608390511	1463.426	0.888	0.000000		0.000000	eeeeeeeeeeeeeeeeeeeeeeeeeeeeeeeeeeee	0.000000		0.000000	0.000000	0.000000	0.000000	0.000000	0.038371	0.000000
1649	1786608391404	1464.319	0.860	0.000000		0.000000	eeeeeeeeeeeeeeeeeeeeeeeeeeeeeeeeeeee	0.000000		0.000000	0.000000	0.000000	0.000000	0.000000	0.038308	0.000000
1650	1786608392269	1465.183	0.857	0.000000		0.000000	eeeeeeeeeeeeeeeeeeeeeeeeeeeeeeeeeeee	0.000000		0.000000	0.000000	0.000000	0.000000	0.000000	0.038308	0.000000
1651	1786608393130	1466.045	0.846	0.000000		0.000000	eeeeeeeeeeeeeeeeeeeeeeeeeeeeeeeeeeee	0.000000		0.000000	0.000000	0.000000	0.000000	0.000000	0.038308	0.000000
1652	1786608393980	1466.895	0.896	0.000000		0.000000	eeeeeeeeeeeeeeeeeeeeeeeeeeeeeeeeeeee	0.000000		0.000000	0.000000	0.000000	0.000000	0.000000	0.038308	0.000000
1653	1786608394882	1467.796	0.869	0.000000		0.000000	eeeeeeeeeeeeeeeeeeeeeeeeeeeeeeeeeeee	0.000000		0.000000	0.000000	0.000000	0.000000	0.000000	0.038308	0.000000
1654	1786608395755	1468.670	0.841	0.000000		0.000000	eeeeeeeeeeeeeeeeeeeeeeeeeeeeeeeeeeee	0.000000		0.000000	0.000000	0.000000	0.000000	0.000000	0.038308	0.000000
1655	1786608396602	1469.516	0.878	0.000000		0.000000	eeeeeeeeeeeeeeeeeeeeeeeeeeeeeeeeeeee	0.000000		0.000000	0.000000	0.000000	0.000000	0.000000	0.038308	0.000000
1656	1786608397485	1470.399	0.863	0.000000		0.000000	eeeeeeeeeeeeeeeeeeeeeeeeeeeeeeeeeeee	0.000000		0.000000	0.000000	0.000000	0.000000	0.000000	0.038657	0.000000
1657	1786608398353	1471.267	0.893	0.000000		0.000000	eeeeeeeeeeeeeeeeeeeeeeeeeeeeeeeeeeee	0.000000		0.000000	0.000000	0.000000	0.000000	0.000000	0.038308	0.000000
1658	1786608399250	1472.165	0.892	0.000000		0.000000	eeeeeeeeeeeeeeeeeeeeeeeeeeeeeeeeeeee	0.000000		0.000000	0.000000	0.000000	0.000000	0.000000	0.038308	0.000000
1659	1786608400147	1473.062	0.858	0.000000		0.000000	eeeeeeeeeeeeeeeeeeeeeeeeeeeeeeeeeeee	0.000000		0.000000	0.000000	0.000000	0.000000	0.000000	0.039560	0.000000
1660	1786608401010	1473.924	0.867	0.000000		0.000000	eeeeeeeeeeeeeeeeeeeeeeeeeeeeeeeeeeee	0.000000		0.000000	0.000000	0.000000	0.000000	0.000000	0.039560	0.000000
1661	1786608401882	1474.796	0.873	0.000000		0.000000	eeeeeeeeeeeeeeeeeeeeeeeeeeeeeeeeeeee	0.000000		0.000000	0.000000	0.000000	0.000000	0.000000	0.039560	0.000000
1662	1786608402759	1475.674	0.902	0.000000		0.000000	eeeeeeeeeeeeeeeeeeeeeeeeeeeeeeeeeeee	0.000000		0.000000	0.000000	0.000000	0.000000	0.000000	0.032399	0.000000
1663	1786608403666	1476.580	0.933	0.000000		0.000000	eeeeeeeeeeeeeeeeeeeeeeeeeeeeeeeeeeee	0.000000		0.000000	0.000000	0.000000	0.000000	0.000000	0.000000	0.000000
1664	1786608404603	1477.518	0.874	0.000000		0.000000	eeeeeeeeeeeeeeeeeeeeeeeeeeeeeeeeeeee	0.000000		0.000000	0.000000	0.000000	0.000000	0.000000	0.000000	0.000000
1665	1786608405482	1478.396	0.890	0.000000		0.000000	eeeeeeeeeeeeeeeeeeeeeeeeeeeeeeeeeeee	0.000000		0.000000	0.000000	0.000000	0.000000	0.000000	0.000000	0.000000
1666	1786608406376	1479.290	0.862	0.000000		0.000000	eeeeeeeeeeeeeeeeeeeeeeeeeeeeeeeeeeee	0.000000		0.000000	0.000000	0.000000	0.000000	0.000000	0.000000	0.000000
1667	1786608407243	1480.157	0.867	0.000000		0.000000	eeeeeeeeeeeeeeeeeeeeeeeeeeeeeeeeeeee	0.000000		0.000000	0.000000	0.000000	0.000000	0.000000	0.000000	0.000000
1668	1786608408114	1481.028	0.883	0.000000		0.000000	eeeeeeeeeeeeeeeeeeeeeeeeeeeeeeeeeeee	0.000000		0.000000	0.000000	0.000000	0.000000	0.000000	0.000000	0.000000
1669	1786608409001	1481.916	0.844	0.000000		0.000000	eeeeeeeeeeeeeeeeeeeeeeeeeeeeeeeeeeee	0.000000		0.000000	0.000000	0.000000	0.000000	0.000000	0.000000	0.000000
1670	1786608409849	1482.763	0.920	0.000000		0.000000	eeeeeeeeeeeeeeeeeeeeeeeeeeeeeeeeeeee	0.000000		0.000000	0.000000	0.000000	0.000000	0.000000	0.000000	0.000000
1671	1786608410773	1483.687	0.856	0.000000		0.000000	eeeeeeeeeeeeeeeeeeeeeeeeeeeeeeeeeeee	0.000000		0.000000	0.000000	0.000000	0.000000	0.000000	0.000000	0.000000
1672	1786608411633	1484.548	0.891	0.000000		0.000000	eeeeeeeeeeeeeeeeeeeeeeeeeeeeeeeeeeee	0.000000		0.000000	0.000000	0.000000	0.000000	0.000000	0.000000	0.000000
1673	1786608412530	1485.444	0.901	0.000000		0.000000	eeeeeeeeeeeeeeeeeeeeeeeeeeeeeeeeeeee	0.000000		0.000000	0.000000	0.000000	0.000000	0.000000	0.000000	0.000000
1674	1786608413435	1486.349	0.893	0.000000		0.000000	dddddddddddddddddddddddddddddddddddd	0.000000		0.000000	0.000000	0.000000	0.000000	0.000000	0.000000	0.000000
1675	1786608414332	1487.246	0.865	0.000000		0.000000	dddddddddddddddddddddddddddddddddddd	0.000000		0.000000	0.000000	0.000000	0.000000	0.000000	0.000000	0.000000
1676	1786608415201	1488.115	0.869	0.000000		0.000000	dddddddddddddddddddddddddddddddddddd	0.000000		0.000000	0.000000	0.000000	0.000000	0.000000	0.000000	0.000000
1677	1786608416074	1488.988	0.942	0.000000		0.000000	dddddddddddddddddddddddddddddddddddd	0.000000		0.000000	0.000000	0.000000	0.000000	0.000000	0.000000	0.000000
1678	1786608417020	1489.934	0.935	0.000000		0.000000	dddddddddddddddddddddddddddddddddddd	0.000000		0.000000	0.000000	0.000000	0.000000	0.000000	0.000000	0.000000
1679	1786608417960	1490.874	0.988	0.000000		0.000000	dddddddddddddddddddddddddddddddddddd	0.000000		0.000000	0.000000	0.000000	0.000000	0.000000	0.000000	0.000000
1680	1786608418952	1491.866	0.930	0.000000		0.000000	dddddddddddddddddddddddddddddddddddd	0.000000		0.000000	0.000000	0.000000	0.000000	0.000000	0.000000	0.000000
1681	1786608419886	1492.801	0.824	0.000000		0.000000	dddddddddddddddddddddddddddddddddddd	0.000000		0.000000	0.000000	0.000000	0.000000	0.000000	0.000000	0.000000
1682	1786608420714	1493.629	0.876	0.000000		0.000000	dddddddddddddddddddddddddddddddddddd	0.000000		0.000000	0.000000	0.000000	0.000000	0.000000	0.000000	0.000000
1683	1786608421595	1494.509	0.822	0.000000		0.000000	dddddddddddddddddddddddddddddddddddd	0.000000		0.000000	0.000000	0.000000	0.000000	0.000000	0.000000	0.000000
1684	1786608422421	1495.335	0.830	0.000000		0.000000	dddddddddddddddddddddddddddddddddddd	0.000000		0.000000	0.000000	0.000000	0.000000	0.000000	0.000000	0.000000
1685	1786608423256	1496.170	0.831	0.000000		0.000000	dddddddddddddddddddddddddddddddddddd	0.000000		0.000000	0.000000	0.000000	0.000000	0.000000	0.000000	0.000000
1686	1786608424090	1497.005	0.875	0.000000		0.000000	dddddddddddddddddddddddddddddddddddd	0.000000		0.000000	0.000000	0.000000	0.000000	0.000000	0.000000	0.000000
1687	1786608424970	1497.884	0.902	0.000000		0.000000	dddddddddddddddddddddddddddddddddddd	0.000000		0.000000	0.000000	0.000000	0.000000	0.000000	0.000000	0.000000
1688	1786608425876	1498.790	0.848	0.000000		0.000000	dddddddddddddddddddddddddddddddddddd	0.000000		0.000000	0.000000	0.000000	0.000000	0.000000	0.019217	0.000000
1689	1786608426729	1499.644	0.863	0.000000		0.000000	dddddddddddddddddddddddddddddddddddd	0.000000		0.000000	0.000000	0.000000	0.000000	0.000000	0.019154	0.000000
1690	1786608427596	1500.511	0.905	0.000000		0.000000	dddddddddddddddddddddddddddddddddddd	0.000000		0.000000	0.000000	0.000000	0.000000	0.000000	0.019154	0.000000
1691	1786608428506	1501.421	0.864	0.000000		0.000000	dddddddddddddddddddddddddddddddddddd	0.000000		0.000000	0.000000	0.000000	0.000000	0.000000	0.019154	0.000000
1692	1786608429375	1502.289	0.851	0.000000		0.000000	dddddddddddddddddddddddddddddddddddd	0.000000		0.000000	0.000000	0.000000	0.000000	0.000000	0.019154	0.000000
1693	1786608430231	1503.146	0.853	0.000000		0.000000	dddddddddddddddddddddddddddddddddddd	0.000000		0.000000	0.000000	0.000000	0.000000	0.000000	0.019217	0.000000
1694	1786608431088	1504.003	0.828	0.000000		0.000000	dddddddddddddddddddddddddddddddddddd	0.000000		0.000000	0.000000	0.000000	0.000000	0.000000	0.019217	0.000000
1695	1786608431921	1504.836	0.877	0.000000		0.000000	dddddddddddddddddddddddddddddddddddd	0.000000		0.000000	0.000000	0.000000	0.000000	0.000000	0.019217	0.000000
1696	1786608432803	1505.717	0.849	0.000000		0.000000	dddddddddddddddddddddddddddddddddddd	0.000000		0.000000	0.000000	0.000000	0.000000	0.000000	0.000000	0.000000
1697	1786608433656	1506.571	0.863	0.000000		0.000000	dddddddddddddddddddddddddddddddddddd	0.000000		0.000000	0.000000	0.000000	0.000000	0.000000	0.000000	0.000000
1698	1786608434523	1507.438	0.877	0.000000		0.000000	dddddddddddddddddddddddddddddddddddd	0.000000		0.000000	0.000000	0.000000	0.000000	0.000000	0.000000	0.000000
1699	1786608435405	1508.320	0.885	0.000000		0.000000	dddddddddddddddddddddddddddddddddddd	0.000000		0.000000	0.000000	0.000000	0.000000	0.000000	0.000000	0.000000
1700	1786608436295	1509.209	0.872	0.000000		0.000000	dddddddddddddddddddddddddddddddddddd	0.000000		0.000000	0.000000	0.000000	0.000000	0.000000	0.000000	0.000000
1701	1786608437171	1510.085	0.866	0.000000		0.000000	dddddddddddddddddddddddddddddddddddd	0.000000		0.000000	0.000000	0.000000	0.000000	0.000000	0.000000	0.000000
1702	1786608438041	1510.956	0.881	0.000000		0.000000	dddddddddddddddddddddddddddddddddddd	0.000000		0.000000	0.000000	0.000000	0.000000	0.000000	0.000000	0.000000
1703	1786608438927	1511.841	0.847	0.000000		0.000000	dddddddddddddddddddddddddddddddddddd	0.000000		0.000000	0.000000	0.000000	0.000000	0.000000	0.000000	0.000000
1704	1786608439778	1512.692	0.864	0.000000		0.000000	dddddddddddddddddddddddddddddddddddd	0.000000		0.000000	0.000000	0.000000	0.000000	0.000000	0.000000	0.000000
1705	1786608440646	1513.560	0.850	0.000000		0.000000	dddddddddddddddddddddddddddddddddddd	0.000000		0.000000	0.000000	0.000000	0.000000	0.000000	0.000000	0.000000
1706	1786608441500	1514.414	0.852	0.000000		0.000000	dddddddddddddddddddddddddddddddddddd	0.000000		0.000000	0.000000	0.000000	0.000000	0.000000	0.019217	0.000000
1707	1786608442357	1515.271	0.922	0.000000		0.000000	dddddddddddddddddddddddddddddddddddd	0.000000		0.000000	0.000000	0.000000	0.000000	0.000000	0.019154	0.000000
1708	1786608443283	1516.197	0.857	0.000000		0.000000	dddddddddddddddddddddddddddddddddddd	0.000000		0.000000	0.000000	0.000000	0.000000	0.000000	0.019154	0.000000
1709	1786608444144	1517.059	0.907	0.000000		0.000000	dddddddddddddddddddddddddddddddddddd	0.000000		0.000000	0.000000	0.000000	0.000000	0.000000	0.019154	0.000000
1710	1786608445056	1517.971	0.836	0.000000		0.000000	dddddddddddddddddddddddddddddddddddd	0.000000		0.000000	0.000000	0.000000	0.000000	0.000000	0.019503	0.000000
1711	1786608445897	1518.812	0.823	0.000000		0.000000	dddddddddddddddddddddddddddddddddddd	0.000000		0.000000	0.000000	0.000000	0.000000	0.000000	0.019503	0.000000
1712	1786608446725	1519.639	0.886	0.000000		0.000000	dddddddddddddddddddddddddddddddddddd	0.000000		0.000000	0.000000	0.000000	0.000000	0.000000	0.019503	0.000000
1713	1786608447616	1520.530	0.803	0.000000		0.000000	dddddddddddddddddddddddddddddddddddd	0.000000		0.000000	0.000000	0.000000	0.000000	0.000000	0.000000	0.000000
1714	1786608448423	1521.337	0.860	0.000000		0.000000	dddddddddddddddddddddddddddddddddddd	0.000000		0.000000	0.000000	0.000000	0.000000	0.000000	0.000000	0.000000
1715	1786608449288	1522.202	0.914	0.000000		0.000000	dddddddddddddddddddddddddddddddddddd	0.000000		0.000000	0.000000	0.000000	0.000000	0.000000	0.000000	0.000000
1716	1786608450206	1523.120	0.846	0.000000		0.000000	dddddddddddddddddddddddddddddddddddd	0.000000		0.000000	0.000000	0.000000	0.000000	0.000000	0.000000	0.000000
1717	1786608451057	1523.972	0.834	0.000000		0.000000	dddddddddddddddddddddddddddddddddddd	0.000000		0.000000	0.000000	0.000000	0.000000	0.000000	0.019217	0.000000
1718	1786608451895	1524.810	0.856	0.000000		0.000000	dddddddddddddddddddddddddddddddddddd	0.000000		0.000000	0.000000	0.000000	0.000000	0.000000	0.019154	0.000000
1719	1786608452756	1525.670	0.870	0.000000		0.000000	dddddddddddddddddddddddddddddddddddd	0.000000		0.000000	0.000000	0.000000	0.000000	0.000000	0.019154	0.000000
1720	1786608453630	1526.545	0.835	0.000000		0.000000	dddddddddddddddddddddddddddddddddddd	0.000000		0.000000	0.000000	0.000000	0.000000	0.000000	0.019503	0.000000
1721	1786608454470	1527.384	0.810	0.000000		0.000000	dddddddddddddddddddddddddddddddddddd	0.000000		0.000000	0.000000	0.000000	0.000000	0.000000	0.000000	0.000000
1722	1786608455284	1528.198	0.832	0.000000		0.000000	dddddddddddddddddddddddddddddddddddd	0.000000		0.000000	0.000000	0.000000	0.000000	0.000000	0.000000	0.000000
1723	1786608456121	1529.035	0.874	0.000000		0.000000	dddddddddddddddddddddddddddddddddddd	0.000000		0.000000	0.000000	0.000000	0.000000	0.000000	0.000000	0.000000
1724	1786608456999	1529.914	0.826	0.000000		0.000000	dddddddddddddddddddddddddddddddddddd	0.000000		0.000000	0.000000	0.000000	0.000000	0.000000	0.000000	0.000000
1725	1786608457830	1530.744	0.873	0.000000		0.000000	dddddddddddddddddddddddddddddddddddd	0.000000		0.000000	0.000000	0.000000	0.000000	0.000000	0.000000	0.000000
1726	1786608458707	1531.621	0.826	0.000000		0.000000	dddddddddddddddddddddddddddddddddddd	0.000000		0.000000	0.000000	0.000000	0.000000	0.000000	0.000000	0.000000
1727	1786608459537	1532.452	0.837	0.000000		0.000000	dddddddddddddddddddddddddddddddddddd	0.000000		0.000000	0.000000	0.000000	0.000000	0.000000	0.019217	0.000000
1728	1786608460379	1533.293	0.836	0.000000		0.000000	dddddddddddddddddddddddddddddddddddd	0.000000		0.000000	0.000000	0.000000	0.000000	0.000000	0.019154	0.000000
1729	1786608461220	1534.134	0.863	0.000000		0.000000	dddddddddddddddddddddddddddddddddddd	0.000000		0.000000	0.000000	0.000000	0.000000	0.000000	0.019154	0.000000
1730	1786608462087	1535.002	0.861	0.000000		0.000000	dddddddddddddddddddddddddddddddddddd	0.000000		0.000000	0.000000	0.000000	0.000000	0.000000	0.019154	0.000000
1731	1786608462953	1535.868	0.858	0.000000		0.000000	dddddddddddddddddddddddddddddddddddd	0.000000		0.000000	0.000000	0.000000	0.000000	0.000000	0.000000	0.000000
1732	1786608463815	1536.730	0.874	0.000000		0.000000	dddddddddddddddddddddddddddddddddddd	0.000000		0.000000	0.000000	0.000000	0.000000	0.000000	0.000000	0.000000
1733	1786608464694	1537.608	0.859	0.000000		0.000000	dddddddddddddddddddddddddddddddddddd	0.000000		0.000000	0.000000	0.000000	0.000000	0.000000	0.000000	0.000000
1734	1786608465557	1538.472	0.873	0.000000		0.000000	dddddddddddddddddddddddddddddddddddd	0.000000		0.000000	0.000000	0.000000	0.000000	0.000000	0.000000	0.000000
1735	1786608466435	1539.349	0.873	0.000000		0.000000	dddddddddddddddddddddddddddddddddddd	0.000000		0.000000	0.000000	0.000000	0.000000	0.000000	0.000000	0.000000
1736	1786608467312	1540.226	0.856	0.000000		0.000000	dddddddddddddddddddddddddddddddddddd	0.000000		0.000000	0.000000	0.000000	0.000000	0.000000	0.000000	0.000000
1737	1786608468173	1541.088	0.800	0.000000		0.000000	dddddddddddddddddddddddddddddddddddd	0.000000		0.000000	0.000000	0.000000	0.000000	0.000000	0.000000	0.000000
1738	1786608468977	1541.892	0.860	0.000000		0.000000	dddddddddddddddddddddddddddddddddddd	0.000000		0.000000	0.000000	0.000000	0.000000	0.000000	0.000000	0.000000
1739	1786608469842	1542.757	0.852	0.000000		0.000000	dddddddddddddddddddddddddddddddddddd	0.000000		0.000000	0.000000	0.000000	0.000000	0.000000	0.000000	0.000000
1740	1786608470698	1543.612	0.870	0.000000		0.000000	dddddddddddddddddddddddddddddddddddd	0.000000		0.000000	0.000000	0.000000	0.000000	0.000000	0.000000	0.000000
1741	1786608471572	1544.487	0.896	0.000000		0.000000	dddddddddddddddddddddddddddddddddddd	0.000000		0.000000	0.000000	0.000000	0.000000	0.000000	0.000000	0.000000
